-- MySQL dump 10.13  Distrib 8.0.33, for Win64 (x86_64)
--
-- Host: 3.36.97.232    Database: square
-- ------------------------------------------------------
-- Server version	8.1.0

/*!40101 SET @OLD_CHARACTER_SET_CLIENT=@@CHARACTER_SET_CLIENT */;
/*!40101 SET @OLD_CHARACTER_SET_RESULTS=@@CHARACTER_SET_RESULTS */;
/*!40101 SET @OLD_COLLATION_CONNECTION=@@COLLATION_CONNECTION */;
/*!50503 SET NAMES utf8 */;
/*!40103 SET @OLD_TIME_ZONE=@@TIME_ZONE */;
/*!40103 SET TIME_ZONE='+00:00' */;
/*!40014 SET @OLD_UNIQUE_CHECKS=@@UNIQUE_CHECKS, UNIQUE_CHECKS=0 */;
/*!40014 SET @OLD_FOREIGN_KEY_CHECKS=@@FOREIGN_KEY_CHECKS, FOREIGN_KEY_CHECKS=0 */;
/*!40101 SET @OLD_SQL_MODE=@@SQL_MODE, SQL_MODE='NO_AUTO_VALUE_ON_ZERO' */;
/*!40111 SET @OLD_SQL_NOTES=@@SQL_NOTES, SQL_NOTES=0 */;

--
-- Table structure for table `address_connect`
--

DROP TABLE IF EXISTS `address_connect`;
/*!40101 SET @saved_cs_client     = @@character_set_client */;
/*!50503 SET character_set_client = utf8mb4 */;
CREATE TABLE `address_connect` (
  `acc_id` int NOT NULL AUTO_INCREMENT,
  `from_id` int NOT NULL,
  `to_id` int NOT NULL,
  PRIMARY KEY (`acc_id`),
  KEY `FROM_ID` (`from_id`)
) ENGINE=InnoDB AUTO_INCREMENT=1008 DEFAULT CHARSET=utf8mb4 COLLATE=utf8mb4_0900_ai_ci;
/*!40101 SET character_set_client = @saved_cs_client */;

--
-- Dumping data for table `address_connect`
--

LOCK TABLES `address_connect` WRITE;
/*!40000 ALTER TABLE `address_connect` DISABLE KEYS */;
INSERT INTO `address_connect` VALUES (1,1230,1231),(2,1230,1235),(3,1230,1239),(4,1230,1241),(5,1230,1248),(6,1230,1249),(7,1230,1275),(8,1230,1279),(9,1230,1280),(10,1231,1230),(11,1231,1232),(12,1231,1233),(13,1231,1235),(14,1231,1239),(15,1231,1241),(16,1231,1279),(17,1231,1280),(18,1232,1231),(19,1232,1233),(20,1232,1235),(21,1232,1280),(22,1232,1281),(23,1233,1231),(24,1233,1232),(25,1233,1234),(26,1233,1235),(27,1233,1236),(28,1233,1280),(29,1233,1281),(30,1234,1233),(31,1234,1236),(32,1234,1268),(33,1234,1281),(34,1234,1283),(35,1235,1230),(36,1235,1231),(37,1235,1232),(38,1235,1233),(39,1235,1236),(40,1235,1239),(41,1235,1241),(42,1236,1233),(43,1236,1234),(44,1236,1235),(45,1236,1237),(46,1236,1238),(47,1236,1239),(48,1236,1257),(49,1236,1268),(50,1237,1236),(51,1237,1238),(52,1237,1251),(53,1237,1257),(54,1238,1236),(55,1238,1237),(56,1238,1239),(57,1238,1240),(58,1238,1243),(59,1238,1251),(60,1239,1230),(61,1239,1231),(62,1239,1235),(63,1239,1236),(64,1239,1238),(65,1239,1240),(66,1239,1241),(67,1239,1242),(68,1240,1238),(69,1240,1239),(70,1240,1241),(71,1240,1242),(72,1240,1243),(73,1241,1230),(74,1241,1231),(75,1241,1235),(76,1241,1239),(77,1241,1240),(78,1241,1242),(79,1241,1248),(80,1241,1249),(81,1242,1239),(82,1242,1240),(83,1242,1241),(84,1242,1243),(85,1242,1245),(86,1242,1247),(87,1242,1248),(88,1243,1238),(89,1243,1240),(90,1243,1242),(91,1243,1244),(92,1243,1245),(93,1243,1247),(94,1243,1251),(95,1243,1387),(96,1243,1390),(97,1244,1243),(98,1244,1245),(99,1244,1246),(100,1244,1381),(101,1244,1387),(102,1244,1389),(103,1245,1242),(104,1245,1243),(105,1245,1244),(106,1245,1246),(107,1245,1247),(108,1246,1244),(109,1246,1245),(110,1246,1247),(111,1246,1381),(112,1246,1389),(113,1247,1242),(114,1247,1243),(115,1247,1245),(116,1247,1246),(117,1247,1248),(118,1247,1249),(119,1247,1276),(120,1247,1278),(121,1247,1381),(122,1248,1230),(123,1248,1241),(124,1248,1242),(125,1248,1245),(126,1248,1247),(127,1248,1249),(128,1249,1230),(129,1249,1247),(130,1249,1248),(131,1249,1275),(132,1249,1276),(133,1250,1252),(134,1250,1253),(135,1250,1254),(136,1250,1255),(137,1250,1388),(138,1250,1390),(139,1251,1237),(140,1251,1238),(141,1251,1243),(142,1251,1250),(143,1251,1252),(144,1251,1257),(145,1251,1258),(146,1251,1390),(147,1252,1250),(148,1252,1251),(149,1252,1253),(150,1252,1258),(151,1252,1259),(152,1252,1390),(153,1253,1250),(154,1253,1252),(155,1253,1254),(156,1253,1259),(157,1253,1260),(158,1254,1250),(159,1254,1253),(160,1254,1255),(161,1254,1260),(162,1254,1261),(163,1254,1262),(164,1254,1256),(165,1255,1250),(166,1255,1254),(167,1255,1256),(168,1255,1398),(169,1255,1388),(170,1255,1390),(171,1255,1400),(172,1256,1254),(173,1256,1255),(174,1256,1262),(175,1256,1400),(176,1256,1401),(177,1256,1402),(178,1256,1403),(179,1257,1236),(180,1257,1237),(181,1257,1251),(182,1257,1258),(183,1257,1265),(184,1257,1268),(185,1258,1251),(186,1258,1252),(187,1258,1257),(188,1258,1259),(189,1258,1260),(190,1259,1252),(191,1259,1253),(192,1259,1258),(193,1259,1260),(194,1260,1253),(195,1260,1254),(196,1260,1258),(197,1260,1259),(198,1260,1261),(199,1261,1254),(200,1261,1260),(201,1261,1262),(202,1262,1254),(203,1262,1261),(204,1262,1263),(205,1262,1264),(206,1262,1256),(207,1263,1262),(208,1263,1264),(209,1264,1262),(210,1264,1263),(211,1265,1236),(212,1265,1257),(213,1265,1266),(214,1265,1268),(215,1265,1271),(216,1266,1265),(217,1266,1267),(218,1266,1268),(219,1266,1270),(220,1266,1271),(221,1266,1283),(222,1267,1266),(223,1267,1270),(224,1267,1282),(225,1267,1283),(226,1267,1295),(227,1268,1234),(228,1268,1236),(229,1268,1265),(230,1268,1266),(231,1268,1267),(232,1268,1283),(233,1269,1270),(234,1269,1272),(235,1269,1297),(236,1269,1300),(237,1270,1266),(238,1270,1267),(239,1270,1269),(240,1270,1271),(241,1270,1272),(242,1270,1295),(243,1270,1297),(244,1271,1265),(245,1271,1266),(246,1271,1270),(247,1271,1272),(248,1272,1269),(249,1272,1270),(250,1272,1271),(251,1272,1273),(252,1272,1300),(253,1273,1269),(254,1273,1272),(255,1273,1274),(256,1273,1300),(257,1274,1273),(258,1274,1299),(259,1274,1300),(260,1275,1230),(261,1275,1247),(262,1275,1249),(263,1275,1276),(264,1275,1279),(265,1276,1247),(266,1276,1249),(267,1276,1275),(268,1276,1277),(269,1276,1278),(270,1276,1279),(271,1276,1286),(272,1277,1276),(273,1277,1278),(274,1277,1286),(275,1278,1247),(276,1278,1276),(277,1278,1277),(278,1278,1286),(279,1278,1305),(280,1278,1306),(281,1278,1311),(282,1278,1381),(283,1279,1230),(284,1279,1231),(285,1279,1275),(286,1279,1276),(287,1279,1277),(288,1279,1280),(289,1279,1284),(290,1279,1285),(291,1279,1286),(292,1280,1230),(293,1280,1231),(294,1280,1232),(296,1280,1279),(297,1280,1281),(298,1280,1285),(299,1281,1233),(300,1281,1234),(301,1281,1280),(302,1281,1282),(303,1281,1284),(304,1281,1285),(305,1282,1233),(306,1282,1234),(307,1282,1267),(308,1282,1281),(309,1282,1283),(310,1282,1284),(311,1282,1285),(312,1282,1290),(313,1282,1294),(314,1282,1295),(315,1283,1234),(316,1283,1266),(317,1283,1267),(318,1283,1268),(319,1283,1282),(320,1284,1279),(321,1284,1282),(322,1284,1285),(324,1284,1290),(325,1284,1281),(326,1285,1279),(327,1285,1280),(328,1285,1281),(329,1285,1284),(330,1286,1276),(331,1286,1277),(332,1286,1287),(333,1286,1288),(334,1286,1305),(335,1287,1286),(336,1287,1288),(337,1287,1289),(338,1287,1290),(339,1288,1286),(340,1288,1287),(341,1288,1289),(342,1288,1302),(343,1288,1303),(344,1288,1305),(345,1288,1308),(346,1289,1287),(347,1289,1288),(348,1289,1290),(349,1289,1291),(350,1289,1303),(351,1290,1276),(352,1290,1279),(353,1290,1284),(354,1290,1286),(355,1290,1287),(356,1290,1289),(357,1290,1291),(358,1290,1292),(359,1291,1289),(360,1291,1290),(361,1291,1292),(362,1291,1301),(363,1291,1303),(364,1292,1290),(365,1292,1291),(366,1292,1293),(367,1292,1294),(368,1292,1296),(369,1292,1301),(370,1293,1292),(371,1293,1296),(372,1293,1301),(373,1293,1304),(374,1293,1326),(375,1294,1282),(376,1294,1290),(377,1294,1292),(378,1294,1295),(379,1294,1296),(380,1294,1297),(381,1295,1267),(382,1295,1269),(383,1295,1270),(384,1295,1282),(385,1295,1294),(386,1295,1297),(387,1296,1292),(388,1296,1293),(389,1296,1294),(390,1296,1297),(391,1296,1297),(392,1297,1269),(393,1297,1294),(394,1297,1295),(395,1297,1296),(396,1297,1297),(397,1297,1300),(398,1298,1296),(399,1298,1297),(400,1298,1299),(401,1298,1300),(402,1299,1274),(403,1299,1298),(404,1299,1300),(405,1300,1269),(406,1300,1272),(407,1300,1273),(408,1300,1274),(409,1300,1297),(410,1300,1297),(411,1300,1299),(412,1301,1291),(413,1301,1292),(414,1301,1293),(415,1301,1303),(416,1301,1304),(417,1302,1288),(418,1302,1303),(419,1302,1308),(420,1302,1309),(421,1302,1312),(422,1303,1288),(423,1303,1289),(424,1303,1291),(425,1303,1301),(426,1303,1302),(427,1303,1304),(428,1303,1312),(429,1303,1314),(430,1304,1293),(431,1304,1301),(432,1304,1303),(433,1304,1313),(434,1304,1314),(435,1304,1326),(436,1305,1277),(437,1305,1278),(438,1305,1286),(439,1305,1288),(440,1305,1306),(441,1305,1307),(442,1305,1308),(443,1306,1278),(444,1306,1305),(445,1306,1307),(446,1306,1310),(447,1306,1311),(448,1307,1305),(449,1307,1306),(450,1307,1308),(451,1307,1309),(452,1307,1310),(453,1308,1288),(454,1308,1302),(455,1308,1305),(456,1308,1307),(457,1308,1309),(458,1309,1302),(459,1309,1307),(460,1309,1308),(461,1309,1310),(462,1309,1312),(463,1310,1306),(464,1310,1307),(465,1310,1309),(466,1310,1311),(467,1310,1312),(468,1311,1306),(469,1311,1310),(470,1311,1312),(471,1311,1327),(472,1311,1381),(473,1311,1382),(474,1312,1302),(475,1312,1303),(476,1312,1309),(477,1312,1310),(478,1312,1311),(479,1312,1314),(480,1312,1327),(481,1312,1338),(482,1312,1341),(483,1312,1351),(485,1313,1304),(486,1313,1314),(487,1313,1315),(488,1313,1326),(490,1314,1331),(491,1314,1303),(492,1314,1304),(493,1314,1312),(494,1314,1313),(495,1314,1330),(496,1314,1341),(497,1315,1313),(498,1315,1316),(499,1315,1325),(500,1315,1326),(501,1315,1328),(502,1315,1330),(503,1315,1337),(504,1316,1315),(505,1316,1317),(506,1316,1318),(507,1316,1324),(508,1316,1325),(509,1316,1326),(510,1317,1321),(511,1317,1316),(512,1317,1318),(513,1317,1319),(514,1317,1320),(515,1317,1324),(516,1318,1316),(517,1318,1317),(518,1318,1319),(519,1319,1317),(520,1319,1318),(521,1319,1321),(522,1320,1321),(523,1320,1317),(524,1320,1322),(525,1320,1323),(526,1320,1324),(527,1321,1317),(528,1321,1319),(529,1321,1320),(530,1322,1320),(531,1322,1323),(533,1323,1320),(534,1323,1322),(535,1323,1324),(536,1323,1325),(537,1323,1337),(539,1324,1316),(540,1324,1317),(541,1324,1320),(542,1324,1323),(543,1324,1325),(544,1325,1315),(545,1325,1316),(546,1325,1323),(547,1325,1324),(548,1325,1337),(549,1326,1293),(550,1326,1304),(551,1326,1313),(552,1326,1315),(553,1326,1316),(554,1327,1311),(555,1327,1312),(556,1327,1351),(557,1327,1354),(558,1327,1382),(559,1328,1315),(560,1328,1329),(561,1328,1330),(562,1328,1334),(563,1328,1337),(564,1329,1328),(565,1329,1330),(566,1329,1334),(567,1329,1337),(568,1330,1331),(569,1330,1313),(570,1330,1314),(571,1330,1315),(572,1330,1328),(573,1330,1329),(574,1330,1333),(575,1330,1334),(576,1331,1314),(577,1331,1330),(578,1331,1332),(579,1331,1333),(580,1331,1341),(581,1331,1342),(582,1331,1343),(583,1332,1331),(584,1332,1333),(585,1332,1340),(586,1332,1343),(587,1333,1331),(588,1333,1330),(589,1333,1332),(590,1333,1334),(591,1333,1340),(592,1333,1343),(593,1334,1328),(594,1334,1329),(595,1334,1330),(596,1334,1333),(597,1334,1335),(598,1334,1337),(599,1334,1340),(600,1335,1334),(601,1335,1336),(602,1335,1337),(604,1336,1335),(605,1336,1337),(610,1337,1315),(611,1337,1323),(612,1337,1325),(613,1337,1328),(614,1337,1334),(615,1337,1335),(616,1337,1336),(618,1338,1312),(619,1338,1339),(620,1338,1341),(621,1338,1342),(622,1338,1344),(623,1338,1349),(624,1338,1350),(625,1339,1338),(626,1339,1340),(627,1339,1342),(628,1339,1343),(629,1339,1344),(630,1339,1345),(631,1339,1346),(632,1340,1332),(633,1340,1333),(634,1340,1334),(635,1340,1339),(636,1340,1343),(637,1340,1345),(638,1341,1338),(639,1341,1331),(640,1341,1312),(641,1341,1314),(642,1341,1342),(643,1342,1331),(644,1342,1338),(645,1342,1339),(646,1342,1341),(647,1342,1343),(648,1343,1331),(649,1343,1332),(650,1343,1333),(651,1343,1339),(652,1343,1340),(653,1343,1342),(654,1344,1338),(655,1344,1339),(656,1344,1346),(657,1344,1348),(658,1344,1349),(659,1345,1339),(660,1345,1340),(661,1345,1346),(662,1345,1347),(663,1346,1339),(664,1346,1344),(665,1346,1345),(666,1346,1347),(667,1346,1348),(668,1346,1349),(669,1347,1345),(670,1347,1346),(671,1347,1348),(672,1347,1359),(673,1347,1366),(674,1348,1344),(675,1348,1346),(676,1348,1347),(677,1348,1349),(678,1348,1352),(679,1348,1359),(680,1349,1338),(681,1349,1344),(682,1349,1348),(683,1349,1350),(684,1349,1352),(685,1350,1338),(686,1350,1349),(687,1350,1351),(688,1350,1352),(689,1350,1353),(690,1351,1312),(691,1351,1327),(692,1351,1338),(693,1351,1350),(694,1351,1353),(695,1351,1354),(696,1352,1348),(697,1352,1349),(698,1352,1350),(699,1352,1353),(700,1352,1355),(701,1352,1359),(702,1352,1361),(703,1353,1350),(704,1353,1351),(705,1353,1352),(706,1353,1354),(707,1353,1355),(708,1354,1327),(709,1354,1351),(710,1354,1353),(711,1354,1355),(712,1354,1357),(713,1354,1367),(714,1354,1369),(715,1354,1382),(716,1355,1352),(717,1355,1353),(718,1355,1354),(719,1355,1356),(720,1355,1357),(721,1355,1360),(722,1355,1361),(723,1356,1355),(724,1356,1357),(725,1356,1358),(726,1356,1360),(727,1357,1354),(728,1357,1355),(729,1357,1356),(730,1357,1358),(731,1357,1367),(732,1357,1368),(733,1357,1371),(734,1357,1373),(735,1358,1356),(736,1358,1357),(737,1358,1360),(738,1358,1372),(739,1358,1373),(740,1358,1374),(741,1358,1380),(742,1359,1347),(743,1359,1348),(744,1359,1352),(745,1359,1361),(746,1359,1362),(747,1359,1365),(748,1359,1366),(749,1360,1355),(750,1360,1356),(751,1360,1358),(752,1360,1361),(753,1360,1362),(754,1360,1380),(755,1361,1352),(756,1361,1355),(757,1361,1356),(758,1361,1359),(759,1361,1360),(760,1361,1362),(761,1362,1365),(762,1362,1359),(763,1362,1360),(764,1362,1361),(765,1362,1363),(766,1363,1360),(767,1363,1362),(768,1363,1364),(769,1363,1365),(770,1364,1363),(771,1364,1365),(772,1364,1366),(773,1365,1359),(774,1365,1362),(775,1365,1363),(776,1365,1364),(777,1365,1366),(778,1366,1347),(779,1366,1359),(780,1366,1364),(781,1366,1365),(782,1367,1354),(783,1367,1357),(784,1367,1368),(785,1367,1369),(786,1367,1385),(787,1368,1357),(788,1368,1367),(789,1368,1370),(790,1368,1371),(791,1368,1373),(792,1368,1385),(793,1369,1354),(794,1369,1367),(795,1369,1382),(796,1369,1383),(797,1369,1385),(798,1370,1368),(799,1370,1371),(800,1370,1386),(801,1370,1394),(802,1370,1396),(803,1371,1368),(804,1371,1370),(805,1371,1373),(806,1371,1394),(807,1371,1396),(808,1372,1373),(809,1372,1374),(810,1372,1375),(811,1372,1379),(812,1372,1380),(813,1372,1393),(814,1373,1357),(815,1373,1358),(816,1373,1368),(817,1373,1371),(818,1373,1372),(819,1373,1374),(820,1373,1394),(821,1374,1358),(822,1374,1372),(823,1374,1373),(824,1374,1380),(825,1375,1376),(826,1375,1372),(827,1375,1378),(828,1375,1379),(829,1375,1393),(830,1376,1375),(831,1376,1377),(832,1376,1378),(833,1377,1376),(834,1377,1375),(835,1377,1378),(836,1378,1376),(837,1378,1375),(838,1378,1377),(839,1378,1379),(840,1379,1372),(841,1379,1375),(842,1379,1378),(843,1379,1380),(844,1380,1358),(845,1380,1360),(846,1380,1372),(847,1380,1374),(848,1380,1379),(849,1381,1244),(850,1381,1246),(851,1381,1247),(852,1381,1278),(853,1381,1311),(854,1381,1382),(855,1381,1389),(856,1382,1311),(857,1382,1327),(858,1382,1354),(859,1382,1369),(860,1382,1381),(861,1382,1383),(862,1382,1389),(863,1383,1398),(864,1383,1369),(865,1383,1382),(866,1383,1384),(867,1383,1385),(868,1383,1388),(869,1384,1398),(870,1384,1383),(871,1384,1385),(872,1384,1386),(873,1385,1367),(874,1385,1368),(875,1385,1369),(876,1385,1370),(877,1385,1383),(878,1385,1384),(879,1385,1386),(880,1386,1398),(881,1386,1370),(882,1386,1384),(883,1386,1385),(884,1386,1396),(885,1387,1243),(886,1387,1244),(887,1387,1388),(888,1387,1389),(889,1387,1390),(890,1388,1255),(891,1388,1398),(892,1388,1382),(893,1388,1383),(894,1388,1387),(895,1388,1389),(896,1388,1390),(897,1389,1244),(898,1389,1246),(899,1389,1381),(900,1389,1382),(901,1389,1383),(902,1389,1387),(903,1389,1388),(904,1390,1243),(905,1390,1244),(906,1390,1244),(907,1390,1250),(908,1390,1251),(909,1390,1252),(910,1390,1255),(911,1390,1387),(912,1390,1388),(913,1391,1392),(914,1391,1393),(915,1391,1395),(916,1391,1406),(917,1392,1391),(918,1392,1393),(919,1392,1394),(920,1392,1395),(921,1393,1372),(922,1393,1391),(923,1393,1392),(924,1393,1394),(925,1394,1370),(926,1394,1371),(927,1394,1372),(928,1394,1373),(929,1394,1392),(930,1394,1393),(931,1394,1395),(932,1394,1396),(933,1395,1396),(934,1395,1397),(935,1395,1391),(936,1395,1392),(937,1395,1394),(938,1395,1406),(939,1396,1397),(940,1396,1398),(941,1396,1370),(942,1396,1386),(943,1396,1394),(944,1396,1395),(945,1397,1398),(946,1397,1391),(947,1397,1395),(948,1397,1399),(949,1397,1406),(950,1397,1396),(951,1398,1255),(952,1398,1397),(953,1398,1383),(954,1398,1384),(955,1398,1386),(956,1398,1388),(957,1398,1399),(958,1398,1400),(959,1398,1396),(960,1399,1397),(961,1399,1398),(962,1399,1400),(963,1399,1401),(964,1399,1404),(965,1399,1406),(966,1400,1255),(967,1400,1256),(968,1400,1398),(969,1400,1399),(970,1400,1401),(971,1401,1256),(972,1401,1355),(973,1401,1399),(974,1401,1400),(975,1401,1402),(976,1401,1404),(977,1402,1256),(978,1402,1401),(979,1402,1403),(980,1402,1405),(981,1402,1404),(982,1403,1256),(983,1403,1402),(984,1403,1405),(985,1404,1399),(986,1404,1401),(987,1404,1402),(988,1404,1405),(989,1405,1402),(990,1405,1403),(991,1405,1404),(992,1406,1397),(993,1406,1391),(994,1406,1395),(995,1406,1399),(996,1314,1331),(997,1314,1315),(998,1315,1314),(999,1338,1351),(1000,1297,1298),(1001,1300,1298),(1002,1296,1298),(1003,1375,1377),(1004,1372,1358),(1005,1234,1282),(1006,1382,1388),(1007,1247,1275);
/*!40000 ALTER TABLE `address_connect` ENABLE KEYS */;
UNLOCK TABLES;

--
-- Table structure for table `associate`
--

DROP TABLE IF EXISTS `associate`;
/*!40101 SET @saved_cs_client     = @@character_set_client */;
/*!50503 SET character_set_client = utf8mb4 */;
CREATE TABLE `associate` (
  `sac_id` int NOT NULL AUTO_INCREMENT,
  `name` varchar(100) NOT NULL,
  `content` varchar(255) DEFAULT NULL,
  `price` int NOT NULL,
  `created_at` timestamp NOT NULL,
  `start_at` timestamp NOT NULL,
  `end_at` timestamp NOT NULL,
  `state` varchar(4) NOT NULL,
  `modified_at` timestamp NULL DEFAULT NULL,
  PRIMARY KEY (`sac_id`)
) ENGINE=InnoDB DEFAULT CHARSET=utf8mb4 COLLATE=utf8mb4_0900_ai_ci;
/*!40101 SET character_set_client = @saved_cs_client */;

--
-- Dumping data for table `associate`
--

LOCK TABLES `associate` WRITE;
/*!40000 ALTER TABLE `associate` DISABLE KEYS */;
/*!40000 ALTER TABLE `associate` ENABLE KEYS */;
UNLOCK TABLES;

--
-- Table structure for table `associate_menu`
--

DROP TABLE IF EXISTS `associate_menu`;
/*!40101 SET @saved_cs_client     = @@character_set_client */;
/*!50503 SET character_set_client = utf8mb4 */;
CREATE TABLE `associate_menu` (
  `sam_id` int NOT NULL AUTO_INCREMENT,
  `sac_id` int NOT NULL,
  `men_id` int NOT NULL,
  `quantity` int NOT NULL DEFAULT '1',
  `receving_price` int NOT NULL,
  `state` varchar(4) NOT NULL,
  `created_at` timestamp NOT NULL,
  `modified_at` timestamp NULL DEFAULT NULL,
  PRIMARY KEY (`sam_id`)
) ENGINE=InnoDB DEFAULT CHARSET=utf8mb4 COLLATE=utf8mb4_0900_ai_ci;
/*!40101 SET character_set_client = @saved_cs_client */;

--
-- Dumping data for table `associate_menu`
--

LOCK TABLES `associate_menu` WRITE;
/*!40000 ALTER TABLE `associate_menu` DISABLE KEYS */;
/*!40000 ALTER TABLE `associate_menu` ENABLE KEYS */;
UNLOCK TABLES;

--
-- Table structure for table `associate_store`
--

DROP TABLE IF EXISTS `associate_store`;
/*!40101 SET @saved_cs_client     = @@character_set_client */;
/*!50503 SET character_set_client = utf8mb4 */;
CREATE TABLE `associate_store` (
  `sas_id` int NOT NULL AUTO_INCREMENT,
  `usr_id` int NOT NULL,
  `sac_id` int NOT NULL,
  `accept_status` varchar(2) NOT NULL,
  PRIMARY KEY (`sas_id`)
) ENGINE=InnoDB DEFAULT CHARSET=utf8mb4 COLLATE=utf8mb4_0900_ai_ci;
/*!40101 SET character_set_client = @saved_cs_client */;

--
-- Dumping data for table `associate_store`
--

LOCK TABLES `associate_store` WRITE;
/*!40000 ALTER TABLE `associate_store` DISABLE KEYS */;
/*!40000 ALTER TABLE `associate_store` ENABLE KEYS */;
UNLOCK TABLES;

--
-- Table structure for table `board`
--

DROP TABLE IF EXISTS `board`;
/*!40101 SET @saved_cs_client     = @@character_set_client */;
/*!50503 SET character_set_client = utf8mb4 */;
CREATE TABLE `board` (
  `pob_id` int NOT NULL AUTO_INCREMENT,
  `name` varchar(100) NOT NULL,
  `anonymous` tinyint NOT NULL DEFAULT '0',
  `store_access` tinyint NOT NULL DEFAULT '1',
  `store_write` tinyint NOT NULL DEFAULT '1',
  `user_access` tinyint NOT NULL DEFAULT '1',
  `user_write` tinyint NOT NULL DEFAULT '1',
  `used` tinyint NOT NULL DEFAULT '1',
  `created_at` timestamp NULL DEFAULT NULL,
  `modified_at` timestamp NULL DEFAULT NULL,
  PRIMARY KEY (`pob_id`)
) ENGINE=InnoDB AUTO_INCREMENT=4 DEFAULT CHARSET=utf8mb4 COLLATE=utf8mb4_0900_ai_ci;
/*!40101 SET character_set_client = @saved_cs_client */;

--
-- Dumping data for table `board`
--

LOCK TABLES `board` WRITE;
/*!40000 ALTER TABLE `board` DISABLE KEYS */;
INSERT INTO `board` VALUES (1,'자유게시판',0,1,1,1,1,1,NULL,NULL),(2,'익명게시판',1,1,1,1,1,1,NULL,NULL),(3,'사장님게시판',0,1,1,0,0,1,NULL,NULL);
/*!40000 ALTER TABLE `board` ENABLE KEYS */;
UNLOCK TABLES;

--
-- Table structure for table `business_information`
--

DROP TABLE IF EXISTS `business_information`;
/*!40101 SET @saved_cs_client     = @@character_set_client */;
/*!50503 SET character_set_client = utf8mb4 */;
CREATE TABLE `business_information` (
  `sbi_id` int NOT NULL AUTO_INCREMENT,
  `usr_id` int NOT NULL,
  `company_registration_number` int NOT NULL,
  `ceo_name` varchar(30) NOT NULL,
  `opening_date` date NOT NULL,
  `corporate_registration_number` int NOT NULL,
  `business_name` varchar(100) NOT NULL,
  `business_file` varchar(255) DEFAULT NULL,
  PRIMARY KEY (`sbi_id`)
) ENGINE=InnoDB AUTO_INCREMENT=98 DEFAULT CHARSET=utf8mb4 COLLATE=utf8mb4_0900_ai_ci;
/*!40101 SET character_set_client = @saved_cs_client */;

--
-- Dumping data for table `business_information`
--

LOCK TABLES `business_information` WRITE;
/*!40000 ALTER TABLE `business_information` DISABLE KEYS */;
INSERT INTO `business_information` VALUES (8,19,2454,'홍길동','2023-01-01',1223,'가나다라마바사','dfkaslgtasjd'),(9,21,1,'1조','2023-01-01',1223,'가나다라마바사','dfkaslgtasjd'),(10,37,2,'홍길동','2023-01-01',1212,'그린브라우니 한밭대점','dfkaslgtasjd'),(11,38,12,'1조','2023-01-01',1223,'가나다라마바사','dfkaslgtasjd'),(12,39,122,'1조','2023-01-01',1223,'가나다라마바사','dfkaslgtasjd'),(13,40,3,'3조','2023-01-01',1223,'가나다라마바사','dfkaslgtasjd'),(14,41,4,'3조','2023-01-01',1223,'가나다라마바사','dfkaslgtasjd'),(15,42,5,'3조','2023-01-01',1223,'가나다라마바사','dfkaslgtasjd'),(16,43,6,'3조','2023-01-01',1223,'가나다라마바사','dfkaslgtasjd'),(17,44,7,'3조','2023-01-01',1223,'가나다라마바사','dfkaslgtasjd'),(18,45,8,'3조','2023-01-01',1223,'가나다라마바사','dfkaslgtasjd'),(19,46,9,'3조','2023-01-01',1223,'가나다라마바사','dfkaslgtasjd'),(20,47,10,'3조','2023-01-01',1223,'가나다라마바사','dfkaslgtasjd'),(21,48,11,'3조','2023-01-01',1223,'가나다라마바사','dfkaslgtasjd'),(22,49,13,'3조','2023-01-01',1223,'가나다라마바사','dfkaslgtasjd'),(23,50,14,'3조','2023-01-01',1223,'가나다라마바사','dfkaslgtasjd'),(24,51,15,'3조','2023-01-01',1223,'가나다라마바사','dfkaslgtasjd'),(25,52,16,'3조','2023-01-01',1223,'가나다라마바사','dfkaslgtasjd'),(26,53,17,'3조','2023-01-01',1223,'가나다라마바사','dfkaslgtasjd'),(27,54,18,'3조','2023-01-01',1223,'가나다라마바사','dfkaslgtasjd'),(28,55,19,'3조','2023-01-01',1223,'가나다라마바사','dfkaslgtasjd'),(29,56,20,'3조','2023-01-01',1223,'가나다라마바사','dfkaslgtasjd'),(30,80,55,'10조','2023-01-01',1223,'가나다라마바사','dfkaslgtasjd'),(31,82,82,'김곰','2018-01-01',82,'곰베이커리',NULL),(32,83,83,'이고양','2018-01-02',83,'고양이커피점',NULL),(33,84,84,'삼달','2018-02-02',84,'달동네떡볶이',NULL),(34,85,85,'최병알','2018-03-03',85,'병아리샐러드',NULL),(35,86,86,'김세훈','2018-04-04',86,'세훈이네 튀김맛집',NULL),(36,87,87,'오가다','2018-05-05',87,'가다샌드위치',NULL),(37,88,88,'연오이','2018-06-06',88,'오이김밥',NULL),(38,89,89,'표보리','2018-07-07',89,'크로플러스',NULL),(39,90,90,'탕재훈','2018-08-08',90,'탕탕탕 탕후루',NULL),(40,91,91,'김메가','2018-09-09',91,'테라커피',NULL),(41,92,92,'문문','2018-10-10',92,'달다방',NULL),(42,93,93,'이세끼','2018-11-11',93,'세끼 떡볶이',NULL),(43,94,94,'김훈','2018-12-12',94,'훈이네 주먹밥',NULL),(44,95,95,'이기영','2019-01-01',95,'만찐두빵',NULL),(45,96,96,'이기철','2019-02-02',96,'찐만빵두',NULL),(46,97,97,'김주생','2019-03-03',97,'생생주스',NULL),(47,98,98,'도날드','2019-04-04',98,'도널도넛',NULL),(48,99,99,'김검정','2019-05-05',99,'까만커피',NULL),(49,100,100,'연초록','2019-06-06',100,'악어 샐러드',NULL),(50,101,101,'신태양','2019-07-07',101,'빵야 빵야',NULL),(51,102,102,'이훈이','2019-08-08',102,'주먹밥머리',NULL),(52,103,103,'최고','2019-09-09',103,'고구마 떡볶이',NULL),(53,104,104,'박효열','2019-10-10',104,'주스 텐',NULL),(54,105,105,'한별','2019-11-11',105,'별빛케이크',NULL),(55,106,106,'이씽씽','2019-12-12',106,'싱싱 초밥',NULL),(56,107,107,'오세훈','2020-01-01',107,'여기 오세훈',NULL),(57,108,108,'오존박','2020-02-02',108,'존박 분식',NULL),(58,109,109,'김챱챱','2020-03-03',109,'챱챱 샐러드',NULL),(59,110,110,'최빌리','2020-04-04',110,'떡볶이마을',NULL),(60,111,111,'이팡','2020-05-05',111,'팡빵',NULL),(61,112,112,'김롯데','2020-05-06',112,'단팥팥빵',NULL),(62,113,113,'박종원','2020-05-07',113,'마이슈크림',NULL),(63,114,114,'이영자','2020-05-08',114,'하하 케이크',NULL),(64,115,115,'김고수','2020-05-09',115,'고수팡',NULL),(65,116,116,'최약체','2020-05-10',116,'최강주스',NULL),(66,117,117,'박상민','2020-05-11',117,'상민이네김밥',NULL),(67,118,118,'전지연','2020-05-12',118,'전지연씨도넛',NULL),(68,119,119,'손혜교','2020-05-13',119,'올인샐러드',NULL),(69,120,120,'태이','2020-05-14',120,'같은분식',NULL),(70,121,121,'전우성','2020-05-15',121,'이주스마시면',NULL),(71,122,122,'이전재','2020-05-16',122,'내가초밥의왕이될상',NULL),(72,123,123,'이제운','2020-05-17',123,'샐러드개론',NULL),(73,124,124,'박연진','2020-05-18',124,'알아들었으면케이크사먹어',NULL),(74,125,125,'이사라','2020-05-19',125,'왈왈주먹밥',NULL),(75,126,126,'전재준','2020-05-20',126,'루이도넛',NULL),(76,127,127,'문동은','2020-05-21',127,'멋지다케이크',NULL),(77,128,128,'이병언','2020-05-22',128,'미스터초밥왕',NULL),(78,129,129,'유현석','2020-05-23',129,'구동매카스테라',NULL),(79,130,130,'변요안','2020-05-24',130,'희성이네카페',NULL),(80,131,131,'김탤이','2020-05-25',131,'서울주스',NULL),(81,132,132,'공휴','2020-05-26',132,'도깨비분식',NULL),(82,133,133,'김동욱','2020-05-27',133,'저승이네샐러드',NULL),(83,134,134,'이고은','2020-05-28',134,'고삼김밥',NULL),(84,135,135,'김우비','2020-05-29',135,'모델커피',NULL),(85,136,136,'이유빈','2020-05-30',136,'리즈너블도넛',NULL),(86,137,137,'지상','2020-05-31',137,'그라운드커피',NULL),(87,138,138,'김보영','2020-06-01',138,'후루룩탕후루',NULL),(88,139,139,'안고운','2020-06-02',139,'프리티김밥',NULL),(89,140,140,'안지민','2020-06-03',140,'샐러디샐러더',NULL),(90,141,141,'이국진','2020-06-04',141,'국진횟집',NULL),(91,142,142,'이동국','2020-06-05',142,'무브도넛',NULL),(92,143,143,'안정환','2020-06-06',143,'컴포터블커피',NULL),(93,144,144,'이강인','2020-06-07',144,'스트롱샐러드',NULL),(94,145,145,'손흥민','2020-06-08',145,'흥주스',NULL),(95,146,146,'이천수','2020-06-09',146,'스카이베이커리',NULL),(96,173,21,'3조','2023-01-01',1223,'가나다라마바사','dfkaslgtasjd'),(97,174,74639,'8조','2023-01-01',23273,'가나다라마바사','dfkaslgtasjd');
/*!40000 ALTER TABLE `business_information` ENABLE KEYS */;
UNLOCK TABLES;

--
-- Table structure for table `cart`
--

DROP TABLE IF EXISTS `cart`;
/*!40101 SET @saved_cs_client     = @@character_set_client */;
/*!50503 SET character_set_client = utf8mb4 */;
CREATE TABLE `cart` (
  `car_id` int NOT NULL AUTO_INCREMENT,
  `str_id` int NOT NULL,
  `usr_id` int NOT NULL,
  `men_id` int NOT NULL,
  `quantity` int NOT NULL DEFAULT '1',
  `created_at` timestamp NOT NULL,
  `modified_at` timestamp NOT NULL,
  `status` varchar(255) NOT NULL,
  PRIMARY KEY (`car_id`)
) ENGINE=InnoDB DEFAULT CHARSET=utf8mb4 COLLATE=utf8mb4_0900_ai_ci;
/*!40101 SET character_set_client = @saved_cs_client */;

--
-- Dumping data for table `cart`
--

LOCK TABLES `cart` WRITE;
/*!40000 ALTER TABLE `cart` DISABLE KEYS */;
/*!40000 ALTER TABLE `cart` ENABLE KEYS */;
UNLOCK TABLES;

--
-- Table structure for table `category_coupon`
--

DROP TABLE IF EXISTS `category_coupon`;
/*!40101 SET @saved_cs_client     = @@character_set_client */;
/*!50503 SET character_set_client = utf8mb4 */;
CREATE TABLE `category_coupon` (
  `cac_id` int NOT NULL AUTO_INCREMENT,
  `scb_id` int NOT NULL,
  `name` varchar(255) NOT NULL,
  `content` varchar(255) DEFAULT NULL,
  `created_at` timestamp NOT NULL,
  `start_at` timestamp NOT NULL,
  `expired_at` timestamp NOT NULL,
  `discount_type` varchar(4) NOT NULL,
  `rate` float NOT NULL,
  `min_discount_price` int DEFAULT NULL,
  `max_discount_price` int DEFAULT NULL,
  PRIMARY KEY (`cac_id`)
) ENGINE=InnoDB DEFAULT CHARSET=utf8mb4 COLLATE=utf8mb4_0900_ai_ci;
/*!40101 SET character_set_client = @saved_cs_client */;

--
-- Dumping data for table `category_coupon`
--

LOCK TABLES `category_coupon` WRITE;
/*!40000 ALTER TABLE `category_coupon` DISABLE KEYS */;
/*!40000 ALTER TABLE `category_coupon` ENABLE KEYS */;
UNLOCK TABLES;

--
-- Table structure for table `chat_msg`
--

DROP TABLE IF EXISTS `chat_msg`;
/*!40101 SET @saved_cs_client     = @@character_set_client */;
/*!50503 SET character_set_client = utf8mb4 */;
CREATE TABLE `chat_msg` (
  `chm_id` int NOT NULL AUTO_INCREMENT,
  `cha_id` varchar(255) NOT NULL,
  `usr_id` int NOT NULL,
  `send_at` timestamp NOT NULL,
  `content` text NOT NULL,
  PRIMARY KEY (`chm_id`)
) ENGINE=InnoDB DEFAULT CHARSET=utf8mb4 COLLATE=utf8mb4_0900_ai_ci;
/*!40101 SET character_set_client = @saved_cs_client */;

--
-- Dumping data for table `chat_msg`
--

LOCK TABLES `chat_msg` WRITE;
/*!40000 ALTER TABLE `chat_msg` DISABLE KEYS */;
/*!40000 ALTER TABLE `chat_msg` ENABLE KEYS */;
UNLOCK TABLES;

--
-- Table structure for table `chat_room`
--

DROP TABLE IF EXISTS `chat_room`;
/*!40101 SET @saved_cs_client     = @@character_set_client */;
/*!50503 SET character_set_client = utf8mb4 */;
CREATE TABLE `chat_room` (
  `cha_id` varchar(255) NOT NULL,
  `created_at` timestamp NOT NULL,
  `name` varchar(255) DEFAULT NULL,
  `usr_id1` int DEFAULT NULL,
  `usr_id2` int DEFAULT NULL,
  PRIMARY KEY (`cha_id`)
) ENGINE=InnoDB DEFAULT CHARSET=utf8mb4 COLLATE=utf8mb4_0900_ai_ci;
/*!40101 SET character_set_client = @saved_cs_client */;

--
-- Dumping data for table `chat_room`
--

LOCK TABLES `chat_room` WRITE;
/*!40000 ALTER TABLE `chat_room` DISABLE KEYS */;
/*!40000 ALTER TABLE `chat_room` ENABLE KEYS */;
UNLOCK TABLES;

--
-- Table structure for table `code`
--

DROP TABLE IF EXISTS `code`;
/*!40101 SET @saved_cs_client     = @@character_set_client */;
/*!50503 SET character_set_client = utf8mb4 */;
CREATE TABLE `code` (
  `cod_id` int NOT NULL AUTO_INCREMENT,
  `code` varchar(2) DEFAULT NULL,
  `name` varchar(255) DEFAULT NULL,
  PRIMARY KEY (`cod_id`)
) ENGINE=InnoDB DEFAULT CHARSET=utf8mb4 COLLATE=utf8mb4_0900_ai_ci;
/*!40101 SET character_set_client = @saved_cs_client */;

--
-- Dumping data for table `code`
--

LOCK TABLES `code` WRITE;
/*!40000 ALTER TABLE `code` DISABLE KEYS */;
/*!40000 ALTER TABLE `code` ENABLE KEYS */;
UNLOCK TABLES;

--
-- Table structure for table `code_detail`
--

DROP TABLE IF EXISTS `code_detail`;
/*!40101 SET @saved_cs_client     = @@character_set_client */;
/*!50503 SET character_set_client = utf8mb4 */;
CREATE TABLE `code_detail` (
  `cdd_id` int NOT NULL AUTO_INCREMENT,
  `cod_id` int NOT NULL,
  `code` varchar(2) DEFAULT NULL,
  `detail` varchar(4) DEFAULT NULL,
  `name` varchar(255) DEFAULT NULL,
  PRIMARY KEY (`cdd_id`)
) ENGINE=InnoDB DEFAULT CHARSET=utf8mb4 COLLATE=utf8mb4_0900_ai_ci;
/*!40101 SET character_set_client = @saved_cs_client */;

--
-- Dumping data for table `code_detail`
--

LOCK TABLES `code_detail` WRITE;
/*!40000 ALTER TABLE `code_detail` DISABLE KEYS */;
/*!40000 ALTER TABLE `code_detail` ENABLE KEYS */;
UNLOCK TABLES;

--
-- Table structure for table `coupon`
--

DROP TABLE IF EXISTS `coupon`;
/*!40101 SET @saved_cs_client     = @@character_set_client */;
/*!50503 SET character_set_client = utf8mb4 */;
CREATE TABLE `coupon` (
  `ssc_id` int NOT NULL AUTO_INCREMENT,
  `to_usr_id` int NOT NULL,
  `from_usr_id` int NOT NULL,
  `name` varchar(255) NOT NULL,
  `content` varchar(255) DEFAULT NULL,
  `created_at` timestamp NOT NULL,
  `start_at` timestamp NOT NULL,
  `expired_at` timestamp NOT NULL,
  `discount_type` varchar(4) NOT NULL,
  `rate` float NOT NULL,
  `min_order_price` int NOT NULL,
  `max_discount_price` int NOT NULL,
  `issue_condition` int NOT NULL,
  `status` varchar(10) DEFAULT NULL,
  PRIMARY KEY (`ssc_id`)
) ENGINE=InnoDB AUTO_INCREMENT=4 DEFAULT CHARSET=utf8mb4 COLLATE=utf8mb4_0900_ai_ci;
/*!40101 SET character_set_client = @saved_cs_client */;

--
-- Dumping data for table `coupon`
--

LOCK TABLES `coupon` WRITE;
/*!40000 ALTER TABLE `coupon` DISABLE KEYS */;
INSERT INTO `coupon` VALUES (1,21,21,'잠깐만 하는 쿠폰','얼른 받아서 행복해지세여','2023-08-06 16:37:45','2023-08-06 11:00:00','2023-08-15 01:11:11','FLAT',500,2000,500,0,'ISSUE'),(2,19,21,'잠깐만 하는 쿠폰2','얼른 받아서 행복해지세여2','2023-08-06 16:37:45','2023-08-06 11:00:00','2023-08-11 01:11:11','FLAT',500,2000,500,0,'PENDING'),(3,21,37,'잠깐만 하는 쿠폰3','얼른 받아서 행복해지세여3','2023-08-09 06:17:08','2023-08-06 11:00:00','2023-08-14 15:00:00','FLAT',500,2000,500,2000,'PENDING');
/*!40000 ALTER TABLE `coupon` ENABLE KEYS */;
UNLOCK TABLES;

--
-- Table structure for table `coupon_use`
--

DROP TABLE IF EXISTS `coupon_use`;
/*!40101 SET @saved_cs_client     = @@character_set_client */;
/*!50503 SET character_set_client = utf8mb4 */;
CREATE TABLE `coupon_use` (
  `ucu_id` int NOT NULL AUTO_INCREMENT,
  `usr_id` int NOT NULL,
  `ord_id` int NOT NULL,
  `used_at` timestamp NOT NULL,
  `scc_id` int NOT NULL,
  PRIMARY KEY (`ucu_id`)
) ENGINE=InnoDB DEFAULT CHARSET=utf8mb4 COLLATE=utf8mb4_0900_ai_ci;
/*!40101 SET character_set_client = @saved_cs_client */;

--
-- Dumping data for table `coupon_use`
--

LOCK TABLES `coupon_use` WRITE;
/*!40000 ALTER TABLE `coupon_use` DISABLE KEYS */;
/*!40000 ALTER TABLE `coupon_use` ENABLE KEYS */;
UNLOCK TABLES;

--
-- Table structure for table `customer`
--

DROP TABLE IF EXISTS `customer`;
/*!40101 SET @saved_cs_client     = @@character_set_client */;
/*!50503 SET character_set_client = utf8mb4 */;
CREATE TABLE `customer` (
  `usr_id` int NOT NULL,
  `rank` varchar(4) DEFAULT NULL,
  `social` varchar(10) DEFAULT 'DEFAULT',
  `point` bigint NOT NULL DEFAULT '0',
  PRIMARY KEY (`usr_id`)
) ENGINE=InnoDB DEFAULT CHARSET=utf8mb4 COLLATE=utf8mb4_0900_ai_ci;
/*!40101 SET character_set_client = @saved_cs_client */;

--
-- Dumping data for table `customer`
--

LOCK TABLES `customer` WRITE;
/*!40000 ALTER TABLE `customer` DISABLE KEYS */;
INSERT INTO `customer` VALUES (17,'UR01','DEFAULT',0),(20,'UR01','DEFAULT',0),(22,'UR01','DEFAULT',178),(23,'UR03','DEFAULT',3),(24,'UR01','DEFAULT',0),(25,'UR01','DEFAULT',0),(26,'UR01','DEFAULT',0),(27,'UR01','DEFAULT',0),(28,'UR01','DEFAULT',0),(62,'UR01','DEFAULT',0),(66,'UR01','NAVER',0),(68,'UR01','KAKAO',0),(77,'UR01','NAVER',0),(78,'UR01','GOOGLE',0),(79,'UR01','GOOGLE',0),(81,'UR01','NAVER',0),(147,'UR01','KAKAO',0),(148,'UR01','DEFAULT',0),(149,'UR01','KAKAO',0),(150,'UR01','DEFAULT',0),(151,'UR01','DEFAULT',0),(152,'UR01','DEFAULT',0),(153,'UR01','DEFAULT',0),(154,'UR01','DEFAULT',0),(155,'UR01','DEFAULT',0),(156,'UR01','DEFAULT',0),(157,'UR01','DEFAULT',0),(158,'UR01','DEFAULT',0),(159,'UR01','DEFAULT',0),(160,'UR01','DEFAULT',0),(161,'UR01','DEFAULT',0),(162,'UR01','DEFAULT',0),(163,'UR01','DEFAULT',0),(164,'UR01','DEFAULT',0),(165,'UR01','DEFAULT',0),(166,'UR01','DEFAULT',0),(167,'UR01','DEFAULT',0),(168,'UR01','DEFAULT',0),(169,'UR01','DEFAULT',0),(170,'UR01','DEFAULT',0),(171,'UR01','DEFAULT',0),(172,'UR01','DEFAULT',0),(175,'UR01','KAKAO',0);
/*!40000 ALTER TABLE `customer` ENABLE KEYS */;
UNLOCK TABLES;

--
-- Table structure for table `dibs`
--

DROP TABLE IF EXISTS `dibs`;
/*!40101 SET @saved_cs_client     = @@character_set_client */;
/*!50503 SET character_set_client = utf8mb4 */;
CREATE TABLE `dibs` (
  `dib_id` int NOT NULL AUTO_INCREMENT,
  `usr_id` int NOT NULL,
  `sto_id` int NOT NULL,
  `order_at` timestamp NULL DEFAULT NULL,
  `created_at` timestamp NOT NULL,
  PRIMARY KEY (`dib_id`)
) ENGINE=InnoDB AUTO_INCREMENT=20 DEFAULT CHARSET=utf8mb4 COLLATE=utf8mb4_0900_ai_ci;
/*!40101 SET character_set_client = @saved_cs_client */;

--
-- Dumping data for table `dibs`
--

LOCK TABLES `dibs` WRITE;
/*!40000 ALTER TABLE `dibs` DISABLE KEYS */;
INSERT INTO `dibs` VALUES (4,17,19,NULL,'2023-07-31 21:06:43'),(5,23,19,NULL,'2023-07-31 21:06:43'),(6,23,40,NULL,'2023-07-31 21:06:43'),(7,23,41,NULL,'2023-07-31 21:06:43'),(8,23,44,NULL,'2023-07-31 21:06:43'),(9,23,46,NULL,'2023-07-31 21:06:43'),(10,23,47,NULL,'2023-07-31 21:06:43'),(11,23,144,NULL,'2023-08-13 10:41:51'),(14,23,89,NULL,'2023-08-17 18:27:23'),(19,23,21,NULL,'2023-08-18 00:43:45');
/*!40000 ALTER TABLE `dibs` ENABLE KEYS */;
UNLOCK TABLES;

--
-- Table structure for table `dm`
--

DROP TABLE IF EXISTS `dm`;
/*!40101 SET @saved_cs_client     = @@character_set_client */;
/*!50503 SET character_set_client = utf8mb4 */;
CREATE TABLE `dm` (
  `dmi_id` bigint NOT NULL AUTO_INCREMENT,
  `from_id` int DEFAULT NULL,
  `to_id` int DEFAULT NULL,
  `content` text,
  `send_at` timestamp NULL DEFAULT NULL,
  `is_read` tinyint(1) DEFAULT NULL,
  PRIMARY KEY (`dmi_id`)
) ENGINE=InnoDB AUTO_INCREMENT=27 DEFAULT CHARSET=utf8mb4 COLLATE=utf8mb4_0900_ai_ci;
/*!40101 SET character_set_client = @saved_cs_client */;

--
-- Dumping data for table `dm`
--

LOCK TABLES `dm` WRITE;
/*!40000 ALTER TABLE `dm` DISABLE KEYS */;
INSERT INTO `dm` VALUES (1,23,17,'보내지낭','2023-08-13 09:49:37',0),(2,37,21,NULL,NULL,0),(3,37,21,NULL,NULL,0),(4,37,21,NULL,NULL,0),(5,37,21,'저희 가게랑 연합하실래요?',NULL,0),(6,37,21,'저희 가게랑 연합하실래요?',NULL,0),(7,37,21,'저희 가게랑 연합하실래요?','2023-08-17 04:18:42',0),(8,37,21,'저희 가게랑 연합하실래요?','2023-08-17 04:29:53',0),(9,37,21,'저희 가게랑 연합하실래요?','2023-08-17 04:42:18',0),(10,37,21,'저희 가게랑 연합하실래요?','2023-08-17 04:43:31',0),(11,37,21,'저희 가게랑 연합하실래요?','2023-08-17 04:47:19',0),(12,37,21,'저희 가게랑 연합하실래요?','2023-08-17 04:49:15',0),(13,37,21,'저희 가게랑 연합하실래요?','2023-08-17 04:57:37',0),(14,37,21,'저희 가게랑 연합하실래요?','2023-08-17 05:12:32',0),(15,37,21,'저희 가게랑 연합하실래요?','2023-08-17 05:16:30',0),(16,37,21,'저희 가게랑 연합하실래요?','2023-08-17 05:18:20',0),(17,37,21,'저희 가게랑 연합하실래요?','2023-08-17 05:18:54',0),(18,37,21,'저희 가게랑 연합하실래요?','2023-08-17 05:20:25',0),(19,37,21,'저희 가게랑 연합하실래요?','2023-08-17 05:21:41',0),(20,37,21,'저희 가게랑 연합하실래요?','2023-08-17 05:23:57',0),(21,37,21,'저희 가게랑 연합하실래요?','2023-08-17 05:25:33',0),(22,37,21,'저희 가게랑 연합하실래요?','2023-08-17 05:29:46',1),(23,37,21,'저희 가게랑 연합하실래요?','2023-08-17 05:33:24',0),(24,37,21,'저희 가게랑 연합하실래요?','2023-08-17 05:33:31',0),(25,37,21,'저희 가게랑 연합하실래요?','2023-08-17 05:34:47',0),(26,21,37,'저희 가게랑 연합하실래요?','2023-08-17 05:43:33',0);
/*!40000 ALTER TABLE `dm` ENABLE KEYS */;
UNLOCK TABLES;

--
-- Table structure for table `emd_address`
--

DROP TABLE IF EXISTS `emd_address`;
/*!40101 SET @saved_cs_client     = @@character_set_client */;
/*!50503 SET character_set_client = utf8mb4 */;
CREATE TABLE `emd_address` (
  `aem_id` int NOT NULL AUTO_INCREMENT,
  `asi_id` int NOT NULL,
  `adm_code` bigint NOT NULL,
  `name` varchar(50) NOT NULL,
  `asd_name` varchar(45) DEFAULT NULL,
  `asi_name` varchar(45) DEFAULT NULL,
  PRIMARY KEY (`aem_id`)
) ENGINE=InnoDB AUTO_INCREMENT=5064 DEFAULT CHARSET=utf8mb4 COLLATE=utf8mb4_0900_ai_ci;
/*!40101 SET character_set_client = @saved_cs_client */;

--
-- Dumping data for table `emd_address`
--

LOCK TABLES `emd_address` WRITE;
/*!40000 ALTER TABLE `emd_address` DISABLE KEYS */;
INSERT INTO `emd_address` VALUES (1,1,1111010100,'청운동','서울특별시','종로구'),(2,1,1111010200,'신교동','서울특별시','종로구'),(3,1,1111010300,'궁정동','서울특별시','종로구'),(4,1,1111010400,'효자동','서울특별시','종로구'),(5,1,1111010500,'창성동','서울특별시','종로구'),(6,1,1111010600,'통의동','서울특별시','종로구'),(7,1,1111010700,'적선동','서울특별시','종로구'),(8,1,1111010800,'통인동','서울특별시','종로구'),(9,1,1111010900,'누상동','서울특별시','종로구'),(10,1,1111011000,'누하동','서울특별시','종로구'),(11,1,1111011100,'옥인동','서울특별시','종로구'),(12,1,1111011200,'체부동','서울특별시','종로구'),(13,1,1111011300,'필운동','서울특별시','종로구'),(14,1,1111011400,'내자동','서울특별시','종로구'),(15,1,1111011500,'사직동','서울특별시','종로구'),(16,1,1111011600,'도렴동','서울특별시','종로구'),(17,1,1111011700,'당주동','서울특별시','종로구'),(18,1,1111011800,'내수동','서울특별시','종로구'),(19,1,1111011900,'세종로','서울특별시','종로구'),(20,1,1111012000,'신문로1가','서울특별시','종로구'),(21,1,1111012100,'신문로2가','서울특별시','종로구'),(22,1,1111012200,'청진동','서울특별시','종로구'),(23,1,1111012300,'서린동','서울특별시','종로구'),(24,1,1111012400,'수송동','서울특별시','종로구'),(25,1,1111012500,'중학동','서울특별시','종로구'),(26,1,1111012600,'종로1가','서울특별시','종로구'),(27,1,1111012700,'공평동','서울특별시','종로구'),(28,1,1111012800,'관훈동','서울특별시','종로구'),(29,1,1111012900,'견지동','서울특별시','종로구'),(30,1,1111013000,'와룡동','서울특별시','종로구'),(31,1,1111013100,'권농동','서울특별시','종로구'),(32,1,1111013200,'운니동','서울특별시','종로구'),(33,1,1111013300,'익선동','서울특별시','종로구'),(34,1,1111013400,'경운동','서울특별시','종로구'),(35,1,1111013500,'관철동','서울특별시','종로구'),(36,1,1111013600,'인사동','서울특별시','종로구'),(37,1,1111013700,'낙원동','서울특별시','종로구'),(38,1,1111013800,'종로2가','서울특별시','종로구'),(39,1,1111013900,'팔판동','서울특별시','종로구'),(40,1,1111014000,'삼청동','서울특별시','종로구'),(41,1,1111014100,'안국동','서울특별시','종로구'),(42,1,1111014200,'소격동','서울특별시','종로구'),(43,1,1111014300,'화동','서울특별시','종로구'),(44,1,1111014400,'사간동','서울특별시','종로구'),(45,1,1111014500,'송현동','서울특별시','종로구'),(46,1,1111014600,'가회동','서울특별시','종로구'),(47,1,1111014700,'재동','서울특별시','종로구'),(48,1,1111014800,'계동','서울특별시','종로구'),(49,1,1111014900,'원서동','서울특별시','종로구'),(50,1,1111015000,'훈정동','서울특별시','종로구'),(51,1,1111015100,'묘동','서울특별시','종로구'),(52,1,1111015200,'봉익동','서울특별시','종로구'),(53,1,1111015300,'돈의동','서울특별시','종로구'),(54,1,1111015400,'장사동','서울특별시','종로구'),(55,1,1111015500,'관수동','서울특별시','종로구'),(56,1,1111015600,'종로3가','서울특별시','종로구'),(57,1,1111015700,'인의동','서울특별시','종로구'),(58,1,1111015800,'예지동','서울특별시','종로구'),(59,1,1111015900,'원남동','서울특별시','종로구'),(60,1,1111016000,'연지동','서울특별시','종로구'),(61,1,1111016100,'종로4가','서울특별시','종로구'),(62,1,1111016200,'효제동','서울특별시','종로구'),(63,1,1111016300,'종로5가','서울특별시','종로구'),(64,1,1111016400,'종로6가','서울특별시','종로구'),(65,1,1111016500,'이화동','서울특별시','종로구'),(66,1,1111016600,'연건동','서울특별시','종로구'),(67,1,1111016700,'충신동','서울특별시','종로구'),(68,1,1111016800,'동숭동','서울특별시','종로구'),(69,1,1111016900,'혜화동','서울특별시','종로구'),(70,1,1111017000,'명륜1가','서울특별시','종로구'),(71,1,1111017100,'명륜2가','서울특별시','종로구'),(72,1,1111017200,'명륜4가','서울특별시','종로구'),(73,1,1111017300,'명륜3가','서울특별시','종로구'),(74,1,1111017400,'창신동','서울특별시','종로구'),(75,1,1111017500,'숭인동','서울특별시','종로구'),(76,1,1111017600,'교남동','서울특별시','종로구'),(77,1,1111017700,'평동','서울특별시','종로구'),(78,1,1111017800,'송월동','서울특별시','종로구'),(79,1,1111017900,'홍파동','서울특별시','종로구'),(80,1,1111018000,'교북동','서울특별시','종로구'),(81,1,1111018100,'행촌동','서울특별시','종로구'),(82,1,1111018200,'구기동','서울특별시','종로구'),(83,1,1111018300,'평창동','서울특별시','종로구'),(84,1,1111018400,'부암동','서울특별시','종로구'),(85,1,1111018500,'홍지동','서울특별시','종로구'),(86,1,1111018600,'신영동','서울특별시','종로구'),(87,1,1111018700,'무악동','서울특별시','종로구'),(88,2,1114010100,'무교동','서울특별시','중구'),(89,2,1114010200,'다동','서울특별시','중구'),(90,2,1114010300,'태평로1가','서울특별시','중구'),(91,2,1114010400,'을지로1가','서울특별시','중구'),(92,2,1114010500,'을지로2가','서울특별시','중구'),(93,2,1114010600,'남대문로1가','서울특별시','중구'),(94,2,1114010700,'삼각동','서울특별시','중구'),(95,2,1114010800,'수하동','서울특별시','중구'),(96,2,1114010900,'장교동','서울특별시','중구'),(97,2,1114011000,'수표동','서울특별시','중구'),(98,2,1114011100,'소공동','서울특별시','중구'),(99,2,1114011200,'남창동','서울특별시','중구'),(100,2,1114011300,'북창동','서울특별시','중구'),(101,2,1114011400,'태평로2가','서울특별시','중구'),(102,2,1114011500,'남대문로2가','서울특별시','중구'),(103,2,1114011600,'남대문로3가','서울특별시','중구'),(104,2,1114011700,'남대문로4가','서울특별시','중구'),(105,2,1114011800,'남대문로5가','서울특별시','중구'),(106,2,1114011900,'봉래동1가','서울특별시','중구'),(107,2,1114012000,'봉래동2가','서울특별시','중구'),(108,2,1114012100,'회현동1가','서울특별시','중구'),(109,2,1114012200,'회현동2가','서울특별시','중구'),(110,2,1114012300,'회현동3가','서울특별시','중구'),(111,2,1114012400,'충무로1가','서울특별시','중구'),(112,2,1114012500,'충무로2가','서울특별시','중구'),(113,2,1114012600,'명동1가','서울특별시','중구'),(114,2,1114012700,'명동2가','서울특별시','중구'),(115,2,1114012800,'남산동1가','서울특별시','중구'),(116,2,1114012900,'남산동2가','서울특별시','중구'),(117,2,1114013000,'남산동3가','서울특별시','중구'),(118,2,1114013100,'저동1가','서울특별시','중구'),(119,2,1114013200,'충무로4가','서울특별시','중구'),(120,2,1114013300,'충무로5가','서울특별시','중구'),(121,2,1114013400,'인현동2가','서울특별시','중구'),(122,2,1114013500,'예관동','서울특별시','중구'),(123,2,1114013600,'묵정동','서울특별시','중구'),(124,2,1114013700,'필동1가','서울특별시','중구'),(125,2,1114013800,'필동2가','서울특별시','중구'),(126,2,1114013900,'필동3가','서울특별시','중구'),(127,2,1114014000,'남학동','서울특별시','중구'),(128,2,1114014100,'주자동','서울특별시','중구'),(129,2,1114014200,'예장동','서울특별시','중구'),(130,2,1114014300,'장충동1가','서울특별시','중구'),(131,2,1114014400,'장충동2가','서울특별시','중구'),(132,2,1114014500,'광희동1가','서울특별시','중구'),(133,2,1114014600,'광희동2가','서울특별시','중구'),(134,2,1114014700,'쌍림동','서울특별시','중구'),(135,2,1114014800,'을지로6가','서울특별시','중구'),(136,2,1114014900,'을지로7가','서울특별시','중구'),(137,2,1114015000,'을지로4가','서울특별시','중구'),(138,2,1114015100,'을지로5가','서울특별시','중구'),(139,2,1114015200,'주교동','서울특별시','중구'),(140,2,1114015300,'방산동','서울특별시','중구'),(141,2,1114015400,'오장동','서울특별시','중구'),(142,2,1114015500,'을지로3가','서울특별시','중구'),(143,2,1114015600,'입정동','서울특별시','중구'),(144,2,1114015700,'산림동','서울특별시','중구'),(145,2,1114015800,'충무로3가','서울특별시','중구'),(146,2,1114015900,'초동','서울특별시','중구'),(147,2,1114016000,'인현동1가','서울특별시','중구'),(148,2,1114016100,'저동2가','서울특별시','중구'),(149,2,1114016200,'신당동','서울특별시','중구'),(150,2,1114016300,'흥인동','서울특별시','중구'),(151,2,1114016400,'무학동','서울특별시','중구'),(152,2,1114016500,'황학동','서울특별시','중구'),(153,2,1114016600,'서소문동','서울특별시','중구'),(154,2,1114016700,'정동','서울특별시','중구'),(155,2,1114016800,'순화동','서울특별시','중구'),(156,2,1114016900,'의주로1가','서울특별시','중구'),(157,2,1114017000,'충정로1가','서울특별시','중구'),(158,2,1114017100,'중림동','서울특별시','중구'),(159,2,1114017200,'의주로2가','서울특별시','중구'),(160,2,1114017300,'만리동1가','서울특별시','중구'),(161,2,1114017400,'만리동2가','서울특별시','중구'),(162,3,1117010100,'후암동','서울특별시','용산구'),(163,3,1117010200,'용산동2가','서울특별시','용산구'),(164,3,1117010300,'용산동4가','서울특별시','용산구'),(165,3,1117010400,'갈월동','서울특별시','용산구'),(166,3,1117010500,'남영동','서울특별시','용산구'),(167,3,1117010600,'용산동1가','서울특별시','용산구'),(168,3,1117010700,'동자동','서울특별시','용산구'),(169,3,1117010800,'서계동','서울특별시','용산구'),(170,3,1117010900,'청파동1가','서울특별시','용산구'),(171,3,1117011000,'청파동2가','서울특별시','용산구'),(172,3,1117011100,'청파동3가','서울특별시','용산구'),(173,3,1117011200,'원효로1가','서울특별시','용산구'),(174,3,1117011300,'원효로2가','서울특별시','용산구'),(175,3,1117011400,'신창동','서울특별시','용산구'),(176,3,1117011500,'산천동','서울특별시','용산구'),(177,3,1117011600,'청암동','서울특별시','용산구'),(178,3,1117011700,'원효로3가','서울특별시','용산구'),(179,3,1117011800,'원효로4가','서울특별시','용산구'),(180,3,1117011900,'효창동','서울특별시','용산구'),(181,3,1117012000,'도원동','서울특별시','용산구'),(182,3,1117012100,'용문동','서울특별시','용산구'),(183,3,1117012200,'문배동','서울특별시','용산구'),(184,3,1117012300,'신계동','서울특별시','용산구'),(185,3,1117012400,'한강로1가','서울특별시','용산구'),(186,3,1117012500,'한강로2가','서울특별시','용산구'),(187,3,1117012600,'용산동3가','서울특별시','용산구'),(188,3,1117012700,'용산동5가','서울특별시','용산구'),(189,3,1117012800,'한강로3가','서울특별시','용산구'),(190,3,1117012900,'이촌동','서울특별시','용산구'),(191,3,1117013000,'이태원동','서울특별시','용산구'),(192,3,1117013100,'한남동','서울특별시','용산구'),(193,3,1117013200,'동빙고동','서울특별시','용산구'),(194,3,1117013300,'서빙고동','서울특별시','용산구'),(195,3,1117013400,'주성동','서울특별시','용산구'),(196,3,1117013500,'용산동6가','서울특별시','용산구'),(197,3,1117013600,'보광동','서울특별시','용산구'),(198,4,1120010100,'상왕십리동','서울특별시','성동구'),(199,4,1120010200,'하왕십리동','서울특별시','성동구'),(200,4,1120010300,'홍익동','서울특별시','성동구'),(201,4,1120010400,'도선동','서울특별시','성동구'),(202,4,1120010500,'마장동','서울특별시','성동구'),(203,4,1120010600,'사근동','서울특별시','성동구'),(204,4,1120010700,'행당동','서울특별시','성동구'),(205,4,1120010800,'응봉동','서울특별시','성동구'),(206,4,1120010900,'금호동1가','서울특별시','성동구'),(207,4,1120011000,'금호동2가','서울특별시','성동구'),(208,4,1120011100,'금호동3가','서울특별시','성동구'),(209,4,1120011200,'금호동4가','서울특별시','성동구'),(210,4,1120011300,'옥수동','서울특별시','성동구'),(211,4,1120011400,'성수동1가','서울특별시','성동구'),(212,4,1120011500,'성수동2가','서울특별시','성동구'),(213,4,1120011800,'송정동','서울특별시','성동구'),(214,4,1120012200,'용답동','서울특별시','성동구'),(215,5,1121510100,'중곡동','서울특별시','광진구'),(216,5,1121510200,'능동','서울특별시','광진구'),(217,5,1121510300,'구의동','서울특별시','광진구'),(218,5,1121510400,'광장동','서울특별시','광진구'),(219,5,1121510500,'자양동','서울특별시','광진구'),(220,5,1121510700,'화양동','서울특별시','광진구'),(221,5,1121510900,'군자동','서울특별시','광진구'),(222,6,1123010100,'신설동','서울특별시','동대문구'),(223,6,1123010200,'용두동','서울특별시','동대문구'),(224,6,1123010300,'제기동','서울특별시','동대문구'),(225,6,1123010400,'전농동','서울특별시','동대문구'),(226,6,1123010500,'답십리동','서울특별시','동대문구'),(227,6,1123010600,'장안동','서울특별시','동대문구'),(228,6,1123010700,'청량리동','서울특별시','동대문구'),(229,6,1123010800,'회기동','서울특별시','동대문구'),(230,6,1123010900,'휘경동','서울특별시','동대문구'),(231,6,1123011000,'이문동','서울특별시','동대문구'),(232,7,1126010100,'면목동','서울특별시','중랑구'),(233,7,1126010200,'상봉동','서울특별시','중랑구'),(234,7,1126010300,'중화동','서울특별시','중랑구'),(235,7,1126010400,'묵동','서울특별시','중랑구'),(236,7,1126010500,'망우동','서울특별시','중랑구'),(237,7,1126010600,'신내동','서울특별시','중랑구'),(238,8,1129010100,'성북동','서울특별시','성북구'),(239,8,1129010200,'성북동1가','서울특별시','성북구'),(240,8,1129010300,'돈암동','서울특별시','성북구'),(241,8,1129010400,'동소문동1가','서울특별시','성북구'),(242,8,1129010500,'동소문동2가','서울특별시','성북구'),(243,8,1129010600,'동소문동3가','서울특별시','성북구'),(244,8,1129010700,'동소문동4가','서울특별시','성북구'),(245,8,1129010800,'동소문동5가','서울특별시','성북구'),(246,8,1129010900,'동소문동6가','서울특별시','성북구'),(247,8,1129011000,'동소문동7가','서울특별시','성북구'),(248,8,1129011100,'삼선동1가','서울특별시','성북구'),(249,8,1129011200,'삼선동2가','서울특별시','성북구'),(250,8,1129011300,'삼선동3가','서울특별시','성북구'),(251,8,1129011400,'삼선동4가','서울특별시','성북구'),(252,8,1129011500,'삼선동5가','서울특별시','성북구'),(253,8,1129011600,'동선동1가','서울특별시','성북구'),(254,8,1129011700,'동선동2가','서울특별시','성북구'),(255,8,1129011800,'동선동3가','서울특별시','성북구'),(256,8,1129011900,'동선동4가','서울특별시','성북구'),(257,8,1129012000,'동선동5가','서울특별시','성북구'),(258,8,1129012100,'안암동1가','서울특별시','성북구'),(259,8,1129012200,'안암동2가','서울특별시','성북구'),(260,8,1129012300,'안암동3가','서울특별시','성북구'),(261,8,1129012400,'안암동4가','서울특별시','성북구'),(262,8,1129012500,'안암동5가','서울특별시','성북구'),(263,8,1129012600,'보문동4가','서울특별시','성북구'),(264,8,1129012700,'보문동5가','서울특별시','성북구'),(265,8,1129012800,'보문동6가','서울특별시','성북구'),(266,8,1129012900,'보문동7가','서울특별시','성북구'),(267,8,1129013000,'보문동1가','서울특별시','성북구'),(268,8,1129013100,'보문동2가','서울특별시','성북구'),(269,8,1129013200,'보문동3가','서울특별시','성북구'),(270,8,1129013300,'정릉동','서울특별시','성북구'),(271,8,1129013400,'길음동','서울특별시','성북구'),(272,8,1129013500,'종암동','서울특별시','성북구'),(273,8,1129013600,'하월곡동','서울특별시','성북구'),(274,8,1129013700,'상월곡동','서울특별시','성북구'),(275,8,1129013800,'장위동','서울특별시','성북구'),(276,8,1129013900,'석관동','서울특별시','성북구'),(277,9,1130510100,'미아동','서울특별시','강북구'),(278,9,1130510200,'번동','서울특별시','강북구'),(279,9,1130510300,'수유동','서울특별시','강북구'),(280,9,1130510400,'우이동','서울특별시','강북구'),(281,10,1132010500,'쌍문동','서울특별시','도봉구'),(282,10,1132010600,'방학동','서울특별시','도봉구'),(283,10,1132010700,'창동','서울특별시','도봉구'),(284,10,1132010800,'도봉동','서울특별시','도봉구'),(285,11,1135010200,'월계동','서울특별시','노원구'),(286,11,1135010300,'공릉동','서울특별시','노원구'),(287,11,1135010400,'하계동','서울특별시','노원구'),(288,11,1135010500,'상계동','서울특별시','노원구'),(289,11,1135010600,'중계동','서울특별시','노원구'),(290,12,1138010100,'수색동','서울특별시','은평구'),(291,12,1138010200,'녹번동','서울특별시','은평구'),(292,12,1138010300,'불광동','서울특별시','은평구'),(293,12,1138010400,'갈현동','서울특별시','은평구'),(294,12,1138010500,'구산동','서울특별시','은평구'),(295,12,1138010600,'대조동','서울특별시','은평구'),(296,12,1138010700,'응암동','서울특별시','은평구'),(297,12,1138010800,'역촌동','서울특별시','은평구'),(298,12,1138010900,'신사동','서울특별시','은평구'),(299,12,1138011000,'증산동','서울특별시','은평구'),(300,12,1138011400,'진관동','서울특별시','은평구'),(301,13,1141010100,'충정로2가','서울특별시','서대문구'),(302,13,1141010200,'충정로3가','서울특별시','서대문구'),(303,13,1141010300,'합동','서울특별시','서대문구'),(304,13,1141010400,'미근동','서울특별시','서대문구'),(305,13,1141010500,'냉천동','서울특별시','서대문구'),(306,13,1141010600,'천연동','서울특별시','서대문구'),(307,13,1141010700,'옥천동','서울특별시','서대문구'),(308,13,1141010800,'영천동','서울특별시','서대문구'),(309,13,1141010900,'현저동','서울특별시','서대문구'),(310,13,1141011000,'북아현동','서울특별시','서대문구'),(311,13,1141011100,'홍제동','서울특별시','서대문구'),(312,13,1141011200,'대현동','서울특별시','서대문구'),(313,13,1141011300,'대신동','서울특별시','서대문구'),(314,13,1141011400,'신촌동','서울특별시','서대문구'),(315,13,1141011500,'봉원동','서울특별시','서대문구'),(316,13,1141011600,'창천동','서울특별시','서대문구'),(317,13,1141011700,'연희동','서울특별시','서대문구'),(318,13,1141011800,'홍은동','서울특별시','서대문구'),(319,13,1141011900,'북가좌동','서울특별시','서대문구'),(320,13,1141012000,'남가좌동','서울특별시','서대문구'),(321,14,1144010100,'아현동','서울특별시','마포구'),(322,14,1144010200,'공덕동','서울특별시','마포구'),(323,14,1144010300,'신공덕동','서울특별시','마포구'),(324,14,1144010400,'도화동','서울특별시','마포구'),(325,14,1144010500,'용강동','서울특별시','마포구'),(326,14,1144010600,'토정동','서울특별시','마포구'),(327,14,1144010700,'마포동','서울특별시','마포구'),(328,14,1144010800,'대흥동','서울특별시','마포구'),(329,14,1144010900,'염리동','서울특별시','마포구'),(330,14,1144011000,'노고산동','서울특별시','마포구'),(331,14,1144011100,'신수동','서울특별시','마포구'),(332,14,1144011200,'현석동','서울특별시','마포구'),(333,14,1144011300,'구수동','서울특별시','마포구'),(334,14,1144011400,'창전동','서울특별시','마포구'),(335,14,1144011500,'상수동','서울특별시','마포구'),(336,14,1144011600,'하중동','서울특별시','마포구'),(337,14,1144011700,'신정동','서울특별시','마포구'),(338,14,1144011800,'당인동','서울특별시','마포구'),(339,14,1144012000,'서교동','서울특별시','마포구'),(340,14,1144012100,'동교동','서울특별시','마포구'),(341,14,1144012200,'합정동','서울특별시','마포구'),(342,14,1144012300,'망원동','서울특별시','마포구'),(343,14,1144012400,'연남동','서울특별시','마포구'),(344,14,1144012500,'성산동','서울특별시','마포구'),(345,14,1144012600,'중동','서울특별시','마포구'),(346,14,1144012700,'상암동','서울특별시','마포구'),(347,15,1147010100,'신정동','서울특별시','양천구'),(348,15,1147010200,'목동','서울특별시','양천구'),(349,15,1147010300,'신월동','서울특별시','양천구'),(350,16,1150010100,'염창동','서울특별시','강서구'),(351,16,1150010200,'등촌동','서울특별시','강서구'),(352,16,1150010300,'화곡동','서울특별시','강서구'),(353,16,1150010400,'가양동','서울특별시','강서구'),(354,16,1150010500,'마곡동','서울특별시','강서구'),(355,16,1150010600,'내발산동','서울특별시','강서구'),(356,16,1150010700,'외발산동','서울특별시','강서구'),(357,16,1150010800,'공항동','서울특별시','강서구'),(358,16,1150010900,'방화동','서울특별시','강서구'),(359,16,1150011000,'개화동','서울특별시','강서구'),(360,16,1150011100,'과해동','서울특별시','강서구'),(361,16,1150011200,'오곡동','서울특별시','강서구'),(362,16,1150011300,'오쇠동','서울특별시','강서구'),(363,17,1153010100,'신도림동','서울특별시','구로구'),(364,17,1153010200,'구로동','서울특별시','구로구'),(365,17,1153010300,'가리봉동','서울특별시','구로구'),(366,17,1153010600,'고척동','서울특별시','구로구'),(367,17,1153010700,'개봉동','서울특별시','구로구'),(368,17,1153010800,'오류동','서울특별시','구로구'),(369,17,1153010900,'궁동','서울특별시','구로구'),(370,17,1153011000,'온수동','서울특별시','구로구'),(371,17,1153011100,'천왕동','서울특별시','구로구'),(372,17,1153011200,'항동','서울특별시','구로구'),(373,18,1154510100,'가산동','서울특별시','금천구'),(374,18,1154510200,'독산동','서울특별시','금천구'),(375,18,1154510300,'시흥동','서울특별시','금천구'),(376,19,1156010100,'영등포동','서울특별시','영등포구'),(377,19,1156010200,'영등포동1가','서울특별시','영등포구'),(378,19,1156010300,'영등포동2가','서울특별시','영등포구'),(379,19,1156010400,'영등포동3가','서울특별시','영등포구'),(380,19,1156010500,'영등포동4가','서울특별시','영등포구'),(381,19,1156010600,'영등포동5가','서울특별시','영등포구'),(382,19,1156010700,'영등포동6가','서울특별시','영등포구'),(383,19,1156010800,'영등포동7가','서울특별시','영등포구'),(384,19,1156010900,'영등포동8가','서울특별시','영등포구'),(385,19,1156011000,'여의도동','서울특별시','영등포구'),(386,19,1156011100,'당산동1가','서울특별시','영등포구'),(387,19,1156011200,'당산동2가','서울특별시','영등포구'),(388,19,1156011300,'당산동3가','서울특별시','영등포구'),(389,19,1156011400,'당산동4가','서울특별시','영등포구'),(390,19,1156011500,'당산동5가','서울특별시','영등포구'),(391,19,1156011600,'당산동6가','서울특별시','영등포구'),(392,19,1156011700,'당산동','서울특별시','영등포구'),(393,19,1156011800,'도림동','서울특별시','영등포구'),(394,19,1156011900,'문래동1가','서울특별시','영등포구'),(395,19,1156012000,'문래동2가','서울특별시','영등포구'),(396,19,1156012100,'문래동3가','서울특별시','영등포구'),(397,19,1156012200,'문래동4가','서울특별시','영등포구'),(398,19,1156012300,'문래동5가','서울특별시','영등포구'),(399,19,1156012400,'문래동6가','서울특별시','영등포구'),(400,19,1156012500,'양평동1가','서울특별시','영등포구'),(401,19,1156012600,'양평동2가','서울특별시','영등포구'),(402,19,1156012700,'양평동3가','서울특별시','영등포구'),(403,19,1156012800,'양평동4가','서울특별시','영등포구'),(404,19,1156012900,'양평동5가','서울특별시','영등포구'),(405,19,1156013000,'양평동6가','서울특별시','영등포구'),(406,19,1156013100,'양화동','서울특별시','영등포구'),(407,19,1156013200,'신길동','서울특별시','영등포구'),(408,19,1156013300,'대림동','서울특별시','영등포구'),(409,19,1156013400,'양평동','서울특별시','영등포구'),(410,20,1159010100,'노량진동','서울특별시','동작구'),(411,20,1159010200,'상도동','서울특별시','동작구'),(412,20,1159010300,'상도1동','서울특별시','동작구'),(413,20,1159010400,'본동','서울특별시','동작구'),(414,20,1159010500,'흑석동','서울특별시','동작구'),(415,20,1159010600,'동작동','서울특별시','동작구'),(416,20,1159010700,'사당동','서울특별시','동작구'),(417,20,1159010800,'대방동','서울특별시','동작구'),(418,20,1159010900,'신대방동','서울특별시','동작구'),(419,21,1162010100,'봉천동','서울특별시','관악구'),(420,21,1162010200,'신림동','서울특별시','관악구'),(421,21,1162010300,'남현동','서울특별시','관악구'),(422,22,1165010100,'방배동','서울특별시','서초구'),(423,22,1165010200,'양재동','서울특별시','서초구'),(424,22,1165010300,'우면동','서울특별시','서초구'),(425,22,1165010400,'원지동','서울특별시','서초구'),(426,22,1165010600,'잠원동','서울특별시','서초구'),(427,22,1165010700,'반포동','서울특별시','서초구'),(428,22,1165010800,'서초동','서울특별시','서초구'),(429,22,1165010900,'내곡동','서울특별시','서초구'),(430,22,1165011000,'염곡동','서울특별시','서초구'),(431,22,1165011100,'신원동','서울특별시','서초구'),(432,23,1168010100,'역삼동','서울특별시','강남구'),(433,23,1168010300,'개포동','서울특별시','강남구'),(434,23,1168010400,'청담동','서울특별시','강남구'),(435,23,1168010500,'삼성동','서울특별시','강남구'),(436,23,1168010600,'대치동','서울특별시','강남구'),(437,23,1168010700,'신사동','서울특별시','강남구'),(438,23,1168010800,'논현동','서울특별시','강남구'),(439,23,1168011000,'압구정동','서울특별시','강남구'),(440,23,1168011100,'세곡동','서울특별시','강남구'),(441,23,1168011200,'자곡동','서울특별시','강남구'),(442,23,1168011300,'율현동','서울특별시','강남구'),(443,23,1168011400,'일원동','서울특별시','강남구'),(444,23,1168011500,'수서동','서울특별시','강남구'),(445,23,1168011800,'도곡동','서울특별시','강남구'),(446,24,1171010100,'잠실동','서울특별시','송파구'),(447,24,1171010200,'신천동','서울특별시','송파구'),(448,24,1171010300,'풍납동','서울특별시','송파구'),(449,24,1171010400,'송파동','서울특별시','송파구'),(450,24,1171010500,'석촌동','서울특별시','송파구'),(451,24,1171010600,'삼전동','서울특별시','송파구'),(452,24,1171010700,'가락동','서울특별시','송파구'),(453,24,1171010800,'문정동','서울특별시','송파구'),(454,24,1171010900,'장지동','서울특별시','송파구'),(455,24,1171011100,'방이동','서울특별시','송파구'),(456,24,1171011200,'오금동','서울특별시','송파구'),(457,24,1171011300,'거여동','서울특별시','송파구'),(458,24,1171011400,'마천동','서울특별시','송파구'),(459,25,1174010100,'명일동','서울특별시','강동구'),(460,25,1174010200,'고덕동','서울특별시','강동구'),(461,25,1174010300,'상일동','서울특별시','강동구'),(462,25,1174010500,'길동','서울특별시','강동구'),(463,25,1174010600,'둔촌동','서울특별시','강동구'),(464,25,1174010700,'암사동','서울특별시','강동구'),(465,25,1174010800,'성내동','서울특별시','강동구'),(466,25,1174010900,'천호동','서울특별시','강동구'),(467,25,1174011000,'강일동','서울특별시','강동구'),(468,26,2611010100,'영주동','부산광역시','중구'),(469,26,2611010200,'대창동1가','부산광역시','중구'),(470,26,2611010300,'대창동2가','부산광역시','중구'),(471,26,2611010400,'중앙동1가','부산광역시','중구'),(472,26,2611010500,'중앙동2가','부산광역시','중구'),(473,26,2611010600,'중앙동3가','부산광역시','중구'),(474,26,2611010700,'중앙동4가','부산광역시','중구'),(475,26,2611010800,'중앙동5가','부산광역시','중구'),(476,26,2611010900,'중앙동6가','부산광역시','중구'),(477,26,2611011000,'중앙동7가','부산광역시','중구'),(478,26,2611011100,'동광동1가','부산광역시','중구'),(479,26,2611011200,'동광동2가','부산광역시','중구'),(480,26,2611011300,'동광동3가','부산광역시','중구'),(481,26,2611011400,'동광동4가','부산광역시','중구'),(482,26,2611011500,'동광동5가','부산광역시','중구'),(483,26,2611011600,'대청동1가','부산광역시','중구'),(484,26,2611011700,'대청동2가','부산광역시','중구'),(485,26,2611011800,'대청동3가','부산광역시','중구'),(486,26,2611011900,'대청동4가','부산광역시','중구'),(487,26,2611012000,'보수동1가','부산광역시','중구'),(488,26,2611012100,'보수동2가','부산광역시','중구'),(489,26,2611012200,'보수동3가','부산광역시','중구'),(490,26,2611012300,'부평동1가','부산광역시','중구'),(491,26,2611012400,'부평동2가','부산광역시','중구'),(492,26,2611012500,'부평동3가','부산광역시','중구'),(493,26,2611012600,'부평동4가','부산광역시','중구'),(494,26,2611012700,'신창동1가','부산광역시','중구'),(495,26,2611012800,'신창동2가','부산광역시','중구'),(496,26,2611012900,'신창동3가','부산광역시','중구'),(497,26,2611013000,'신창동4가','부산광역시','중구'),(498,26,2611013100,'창선동1가','부산광역시','중구'),(499,26,2611013200,'창선동2가','부산광역시','중구'),(500,26,2611013300,'광복동1가','부산광역시','중구'),(501,26,2611013400,'광복동2가','부산광역시','중구'),(502,26,2611013500,'광복동3가','부산광역시','중구'),(503,26,2611013600,'남포동1가','부산광역시','중구'),(504,26,2611013700,'남포동2가','부산광역시','중구'),(505,26,2611013800,'남포동3가','부산광역시','중구'),(506,26,2611013900,'남포동4가','부산광역시','중구'),(507,26,2611014000,'남포동5가','부산광역시','중구'),(508,26,2611014100,'남포동6가','부산광역시','중구'),(509,27,2614010100,'동대신동1가','부산광역시','서구'),(510,27,2614010200,'동대신동2가','부산광역시','서구'),(511,27,2614010300,'동대신동3가','부산광역시','서구'),(512,27,2614010400,'서대신동1가','부산광역시','서구'),(513,27,2614010500,'서대신동2가','부산광역시','서구'),(514,27,2614010600,'서대신동3가','부산광역시','서구'),(515,27,2614010700,'부용동1가','부산광역시','서구'),(516,27,2614010800,'부용동2가','부산광역시','서구'),(517,27,2614010900,'부민동1가','부산광역시','서구'),(518,27,2614011000,'부민동2가','부산광역시','서구'),(519,27,2614011100,'부민동3가','부산광역시','서구'),(520,27,2614011200,'토성동1가','부산광역시','서구'),(521,27,2614011300,'토성동2가','부산광역시','서구'),(522,27,2614011400,'토성동3가','부산광역시','서구'),(523,27,2614011500,'아미동1가','부산광역시','서구'),(524,27,2614011600,'아미동2가','부산광역시','서구'),(525,27,2614011700,'토성동4가','부산광역시','서구'),(526,27,2614011800,'토성동5가','부산광역시','서구'),(527,27,2614011900,'초장동','부산광역시','서구'),(528,27,2614012000,'충무동1가','부산광역시','서구'),(529,27,2614012100,'충무동2가','부산광역시','서구'),(530,27,2614012200,'충무동3가','부산광역시','서구'),(531,27,2614012300,'남부민동','부산광역시','서구'),(532,27,2614012400,'암남동','부산광역시','서구'),(533,28,2617010100,'초량동','부산광역시','동구'),(534,28,2617010200,'수정동','부산광역시','동구'),(535,28,2617010300,'좌천동','부산광역시','동구'),(536,28,2617010400,'범일동','부산광역시','동구'),(537,29,2620010100,'대교동1가','부산광역시','영도구'),(538,29,2620010200,'대교동2가','부산광역시','영도구'),(539,29,2620010300,'대평동1가','부산광역시','영도구'),(540,29,2620010400,'대평동2가','부산광역시','영도구'),(541,29,2620010500,'남항동1가','부산광역시','영도구'),(542,29,2620010600,'남항동2가','부산광역시','영도구'),(543,29,2620010700,'남항동3가','부산광역시','영도구'),(544,29,2620010800,'영선동1가','부산광역시','영도구'),(545,29,2620010900,'영선동2가','부산광역시','영도구'),(546,29,2620011000,'영선동3가','부산광역시','영도구'),(547,29,2620011100,'영선동4가','부산광역시','영도구'),(548,29,2620011200,'신선동1가','부산광역시','영도구'),(549,29,2620011300,'신선동2가','부산광역시','영도구'),(550,29,2620011400,'신선동3가','부산광역시','영도구'),(551,29,2620011500,'봉래동1가','부산광역시','영도구'),(552,29,2620011600,'봉래동2가','부산광역시','영도구'),(553,29,2620011700,'봉래동3가','부산광역시','영도구'),(554,29,2620011800,'봉래동4가','부산광역시','영도구'),(555,29,2620011900,'봉래동5가','부산광역시','영도구'),(556,29,2620012000,'청학동','부산광역시','영도구'),(557,29,2620012100,'동삼동','부산광역시','영도구'),(558,30,2623010100,'양정동','부산광역시','부산진구'),(559,30,2623010200,'전포동','부산광역시','부산진구'),(560,30,2623010300,'부전동','부산광역시','부산진구'),(561,30,2623010400,'범천동','부산광역시','부산진구'),(562,30,2623010500,'범전동','부산광역시','부산진구'),(563,30,2623010600,'연지동','부산광역시','부산진구'),(564,30,2623010700,'초읍동','부산광역시','부산진구'),(565,30,2623010800,'부암동','부산광역시','부산진구'),(566,30,2623010900,'당감동','부산광역시','부산진구'),(567,30,2623011000,'가야동','부산광역시','부산진구'),(568,30,2623011100,'개금동','부산광역시','부산진구'),(569,31,2626010100,'명장동','부산광역시','동래구'),(570,31,2626010200,'안락동','부산광역시','동래구'),(571,31,2626010300,'칠산동','부산광역시','동래구'),(572,31,2626010400,'낙민동','부산광역시','동래구'),(573,31,2626010500,'복천동','부산광역시','동래구'),(574,31,2626010600,'수안동','부산광역시','동래구'),(575,31,2626010700,'명륜동','부산광역시','동래구'),(576,31,2626010800,'온천동','부산광역시','동래구'),(577,31,2626010900,'사직동','부산광역시','동래구'),(578,32,2629010600,'대연동','부산광역시','남구'),(579,32,2629010700,'용호동','부산광역시','남구'),(580,32,2629010800,'용당동','부산광역시','남구'),(581,32,2629010900,'문현동','부산광역시','남구'),(582,32,2629011000,'우암동','부산광역시','남구'),(583,32,2629011100,'감만동','부산광역시','남구'),(584,33,2632010100,'금곡동','부산광역시','북구'),(585,33,2632010200,'화명동','부산광역시','북구'),(586,33,2632010300,'만덕동','부산광역시','북구'),(587,33,2632010400,'덕천동','부산광역시','북구'),(588,33,2632010500,'구포동','부산광역시','북구'),(589,34,2635010100,'반송동','부산광역시','해운대구'),(590,34,2635010200,'석대동','부산광역시','해운대구'),(591,34,2635010300,'반여동','부산광역시','해운대구'),(592,34,2635010400,'재송동','부산광역시','해운대구'),(593,34,2635010500,'우동','부산광역시','해운대구'),(594,34,2635010600,'중동','부산광역시','해운대구'),(595,34,2635010700,'좌동','부산광역시','해운대구'),(596,34,2635010800,'송정동','부산광역시','해운대구'),(597,35,2638010100,'괴정동','부산광역시','사하구'),(598,35,2638010200,'당리동','부산광역시','사하구'),(599,35,2638010300,'하단동','부산광역시','사하구'),(600,35,2638010400,'신평동','부산광역시','사하구'),(601,35,2638010500,'장림동','부산광역시','사하구'),(602,35,2638010600,'다대동','부산광역시','사하구'),(603,35,2638010700,'구평동','부산광역시','사하구'),(604,35,2638010800,'감천동','부산광역시','사하구'),(605,36,2641010100,'두구동','부산광역시','금정구'),(606,36,2641010200,'노포동','부산광역시','금정구'),(607,36,2641010300,'청룡동','부산광역시','금정구'),(608,36,2641010400,'남산동','부산광역시','금정구'),(609,36,2641010500,'선동','부산광역시','금정구'),(610,36,2641010600,'오륜동','부산광역시','금정구'),(611,36,2641010700,'구서동','부산광역시','금정구'),(612,36,2641010800,'장전동','부산광역시','금정구'),(613,36,2641010900,'부곡동','부산광역시','금정구'),(614,36,2641011000,'서동','부산광역시','금정구'),(615,36,2641011100,'금사동','부산광역시','금정구'),(616,36,2641011200,'회동동','부산광역시','금정구'),(617,36,2641011300,'금성동','부산광역시','금정구'),(618,37,2644010100,'대저1동','부산광역시','강서구'),(619,37,2644010200,'대저2동','부산광역시','강서구'),(620,37,2644010300,'강동동','부산광역시','강서구'),(621,37,2644010400,'명지동','부산광역시','강서구'),(622,37,2644010500,'죽림동','부산광역시','강서구'),(623,37,2644010600,'식만동','부산광역시','강서구'),(624,37,2644010700,'죽동동','부산광역시','강서구'),(625,37,2644010800,'봉림동','부산광역시','강서구'),(626,37,2644010900,'송정동','부산광역시','강서구'),(627,37,2644011000,'화전동','부산광역시','강서구'),(628,37,2644011100,'녹산동','부산광역시','강서구'),(629,37,2644011200,'생곡동','부산광역시','강서구'),(630,37,2644011300,'구랑동','부산광역시','강서구'),(631,37,2644011400,'지사동','부산광역시','강서구'),(632,37,2644011500,'미음동','부산광역시','강서구'),(633,37,2644011600,'범방동','부산광역시','강서구'),(634,37,2644011700,'신호동','부산광역시','강서구'),(635,37,2644011800,'동선동','부산광역시','강서구'),(636,37,2644011900,'성북동','부산광역시','강서구'),(637,37,2644012000,'눌차동','부산광역시','강서구'),(638,37,2644012100,'천성동','부산광역시','강서구'),(639,37,2644012200,'대항동','부산광역시','강서구'),(640,38,2647010100,'거제동','부산광역시','연제구'),(641,38,2647010200,'연산동','부산광역시','연제구'),(642,39,2650010100,'망미동','부산광역시','수영구'),(643,39,2650010200,'수영동','부산광역시','수영구'),(644,39,2650010300,'민락동','부산광역시','수영구'),(645,39,2650010400,'광안동','부산광역시','수영구'),(646,39,2650010500,'남천동','부산광역시','수영구'),(647,40,2653010100,'삼락동','부산광역시','사상구'),(648,40,2653010200,'모라동','부산광역시','사상구'),(649,40,2653010300,'덕포동','부산광역시','사상구'),(650,40,2653010400,'괘법동','부산광역시','사상구'),(651,40,2653010500,'감전동','부산광역시','사상구'),(652,40,2653010600,'주례동','부산광역시','사상구'),(653,40,2653010700,'학장동','부산광역시','사상구'),(654,40,2653010800,'엄궁동','부산광역시','사상구'),(655,41,2671025000,'기장읍','부산광역시','기장군'),(656,41,2671025300,'장안읍','부산광역시','기장군'),(657,41,2671025600,'정관읍','부산광역시','기장군'),(658,41,2671025900,'일광읍','부산광역시','기장군'),(659,41,2671033000,'철마면','부산광역시','기장군'),(660,42,2711010100,'동인동1가','대구광역시','중구'),(661,42,2711010200,'동인동2가','대구광역시','중구'),(662,42,2711010300,'동인동3가','대구광역시','중구'),(663,42,2711010400,'동인동4가','대구광역시','중구'),(664,42,2711010500,'삼덕동1가','대구광역시','중구'),(665,42,2711010600,'삼덕동2가','대구광역시','중구'),(666,42,2711010700,'삼덕동3가','대구광역시','중구'),(667,42,2711010800,'봉산동','대구광역시','중구'),(668,42,2711010900,'장관동','대구광역시','중구'),(669,42,2711011000,'상서동','대구광역시','중구'),(670,42,2711011100,'수동','대구광역시','중구'),(671,42,2711011200,'덕산동','대구광역시','중구'),(672,42,2711011300,'종로1가','대구광역시','중구'),(673,42,2711011400,'종로2가','대구광역시','중구'),(674,42,2711011500,'사일동','대구광역시','중구'),(675,42,2711011600,'동일동','대구광역시','중구'),(676,42,2711011700,'남일동','대구광역시','중구'),(677,42,2711011800,'전동','대구광역시','중구'),(678,42,2711011900,'동성로3가','대구광역시','중구'),(679,42,2711012000,'동문동','대구광역시','중구'),(680,42,2711012100,'문화동','대구광역시','중구'),(681,42,2711012200,'공평동','대구광역시','중구'),(682,42,2711012300,'동성로2가','대구광역시','중구'),(683,42,2711012400,'태평로1가','대구광역시','중구'),(684,42,2711012500,'교동','대구광역시','중구'),(685,42,2711012600,'용덕동','대구광역시','중구'),(686,42,2711012700,'상덕동','대구광역시','중구'),(687,42,2711012800,'완전동','대구광역시','중구'),(688,42,2711012900,'도원동','대구광역시','중구'),(689,42,2711013000,'수창동','대구광역시','중구'),(690,42,2711013100,'태평로3가','대구광역시','중구'),(691,42,2711013200,'인교동','대구광역시','중구'),(692,42,2711013300,'서야동','대구광역시','중구'),(693,42,2711013400,'서성로1가','대구광역시','중구'),(694,42,2711013500,'시장북로','대구광역시','중구'),(695,42,2711013600,'하서동','대구광역시','중구'),(696,42,2711013700,'남성로','대구광역시','중구'),(697,42,2711013800,'계산동1가','대구광역시','중구'),(698,42,2711013900,'계산동2가','대구광역시','중구'),(699,42,2711014000,'동산동','대구광역시','중구'),(700,42,2711014100,'서문로2가','대구광역시','중구'),(701,42,2711014200,'서성로2가','대구광역시','중구'),(702,42,2711014300,'포정동','대구광역시','중구'),(703,42,2711014400,'서문로1가','대구광역시','중구'),(704,42,2711014500,'서내동','대구광역시','중구'),(705,42,2711014600,'북성로2가','대구광역시','중구'),(706,42,2711014700,'대안동','대구광역시','중구'),(707,42,2711014800,'동성로1가','대구광역시','중구'),(708,42,2711014900,'태평로2가','대구광역시','중구'),(709,42,2711015000,'북성로1가','대구광역시','중구'),(710,42,2711015100,'화전동','대구광역시','중구'),(711,42,2711015200,'향촌동','대구광역시','중구'),(712,42,2711015300,'북내동','대구광역시','중구'),(713,42,2711015400,'대신동','대구광역시','중구'),(714,42,2711015500,'달성동','대구광역시','중구'),(715,42,2711015600,'남산동','대구광역시','중구'),(716,42,2711015700,'대봉동','대구광역시','중구'),(717,43,2714010100,'신암동','대구광역시','동구'),(718,43,2714010200,'신천동','대구광역시','동구'),(719,43,2714010300,'효목동','대구광역시','동구'),(720,43,2714010400,'평광동','대구광역시','동구'),(721,43,2714010500,'봉무동','대구광역시','동구'),(722,43,2714010600,'불로동','대구광역시','동구'),(723,43,2714010700,'도동','대구광역시','동구'),(724,43,2714010800,'지저동','대구광역시','동구'),(725,43,2714010900,'입석동','대구광역시','동구'),(726,43,2714011000,'검사동','대구광역시','동구'),(727,43,2714011100,'방촌동','대구광역시','동구'),(728,43,2714011200,'둔산동','대구광역시','동구'),(729,43,2714011300,'부동','대구광역시','동구'),(730,43,2714011400,'신평동','대구광역시','동구'),(731,43,2714011500,'서호동','대구광역시','동구'),(732,43,2714011600,'동호동','대구광역시','동구'),(733,43,2714011700,'신기동','대구광역시','동구'),(734,43,2714011800,'율하동','대구광역시','동구'),(735,43,2714011900,'용계동','대구광역시','동구'),(736,43,2714012000,'율암동','대구광역시','동구'),(737,43,2714012100,'상매동','대구광역시','동구'),(738,43,2714012200,'매여동','대구광역시','동구'),(739,43,2714012300,'각산동','대구광역시','동구'),(740,43,2714012400,'신서동','대구광역시','동구'),(741,43,2714012500,'동내동','대구광역시','동구'),(742,43,2714012600,'괴전동','대구광역시','동구'),(743,43,2714012700,'금강동','대구광역시','동구'),(744,43,2714012800,'대림동','대구광역시','동구'),(745,43,2714012900,'사복동','대구광역시','동구'),(746,43,2714013000,'숙천동','대구광역시','동구'),(747,43,2714013100,'내곡동','대구광역시','동구'),(748,43,2714013200,'능성동','대구광역시','동구'),(749,43,2714013300,'진인동','대구광역시','동구'),(750,43,2714013400,'도학동','대구광역시','동구'),(751,43,2714013500,'백안동','대구광역시','동구'),(752,43,2714013600,'미곡동','대구광역시','동구'),(753,43,2714013700,'용수동','대구광역시','동구'),(754,43,2714013800,'신무동','대구광역시','동구'),(755,43,2714013900,'미대동','대구광역시','동구'),(756,43,2714014000,'내동','대구광역시','동구'),(757,43,2714014100,'신용동','대구광역시','동구'),(758,43,2714014200,'중대동','대구광역시','동구'),(759,43,2714014300,'송정동','대구광역시','동구'),(760,43,2714014400,'덕곡동','대구광역시','동구'),(761,43,2714014500,'지묘동','대구광역시','동구'),(762,44,2717010100,'내당동','대구광역시','서구'),(763,44,2717010200,'비산동','대구광역시','서구'),(764,44,2717010300,'평리동','대구광역시','서구'),(765,44,2717010400,'상리동','대구광역시','서구'),(766,44,2717010500,'중리동','대구광역시','서구'),(767,44,2717010600,'이현동','대구광역시','서구'),(768,44,2717010700,'원대동1가','대구광역시','서구'),(769,44,2717010800,'원대동2가','대구광역시','서구'),(770,44,2717010900,'원대동3가','대구광역시','서구'),(771,45,2720010100,'이천동','대구광역시','남구'),(772,45,2720010200,'봉덕동','대구광역시','남구'),(773,45,2720010300,'대명동','대구광역시','남구'),(774,46,2723010100,'칠성동1가','대구광역시','북구'),(775,46,2723010200,'칠성동2가','대구광역시','북구'),(776,46,2723010300,'고성동1가','대구광역시','북구'),(777,46,2723010400,'고성동2가','대구광역시','북구'),(778,46,2723010500,'고성동3가','대구광역시','북구'),(779,46,2723010600,'침산동','대구광역시','북구'),(780,46,2723010700,'노원동1가','대구광역시','북구'),(781,46,2723010800,'노원동2가','대구광역시','북구'),(782,46,2723010900,'노원동3가','대구광역시','북구'),(783,46,2723011000,'대현동','대구광역시','북구'),(784,46,2723011100,'산격동','대구광역시','북구'),(785,46,2723011200,'복현동','대구광역시','북구'),(786,46,2723011300,'검단동','대구광역시','북구'),(787,46,2723011400,'동변동','대구광역시','북구'),(788,46,2723011500,'서변동','대구광역시','북구'),(789,46,2723011600,'조야동','대구광역시','북구'),(790,46,2723011700,'노곡동','대구광역시','북구'),(791,46,2723011800,'읍내동','대구광역시','북구'),(792,46,2723011900,'동호동','대구광역시','북구'),(793,46,2723012000,'학정동','대구광역시','북구'),(794,46,2723012100,'도남동','대구광역시','북구'),(795,46,2723012200,'국우동','대구광역시','북구'),(796,46,2723012300,'구암동','대구광역시','북구'),(797,46,2723012400,'동천동','대구광역시','북구'),(798,46,2723012500,'관음동','대구광역시','북구'),(799,46,2723012600,'태전동','대구광역시','북구'),(800,46,2723012700,'매천동','대구광역시','북구'),(801,46,2723012800,'팔달동','대구광역시','북구'),(802,46,2723012900,'금호동','대구광역시','북구'),(803,46,2723013000,'사수동','대구광역시','북구'),(804,46,2723013100,'연경동','대구광역시','북구'),(805,47,2726010100,'범어동','대구광역시','수성구'),(806,47,2726010200,'만촌동','대구광역시','수성구'),(807,47,2726010300,'수성동1가','대구광역시','수성구'),(808,47,2726010400,'수성동2가','대구광역시','수성구'),(809,47,2726010500,'수성동3가','대구광역시','수성구'),(810,47,2726010600,'수성동4가','대구광역시','수성구'),(811,47,2726010700,'황금동','대구광역시','수성구'),(812,47,2726010800,'중동','대구광역시','수성구'),(813,47,2726010900,'상동','대구광역시','수성구'),(814,47,2726011000,'파동','대구광역시','수성구'),(815,47,2726011100,'두산동','대구광역시','수성구'),(816,47,2726011200,'지산동','대구광역시','수성구'),(817,47,2726011300,'범물동','대구광역시','수성구'),(818,47,2726011400,'시지동','대구광역시','수성구'),(819,47,2726011500,'매호동','대구광역시','수성구'),(820,47,2726011600,'성동','대구광역시','수성구'),(821,47,2726011700,'사월동','대구광역시','수성구'),(822,47,2726011800,'신매동','대구광역시','수성구'),(823,47,2726011900,'욱수동','대구광역시','수성구'),(824,47,2726012000,'노변동','대구광역시','수성구'),(825,47,2726012200,'삼덕동','대구광역시','수성구'),(826,47,2726012300,'연호동','대구광역시','수성구'),(827,47,2726012400,'이천동','대구광역시','수성구'),(828,47,2726012500,'고모동','대구광역시','수성구'),(829,47,2726012600,'가천동','대구광역시','수성구'),(830,47,2726012700,'대흥동','대구광역시','수성구'),(831,48,2729010100,'성당동','대구광역시','달서구'),(832,48,2729010200,'두류동','대구광역시','달서구'),(833,48,2729010400,'파호동','대구광역시','달서구'),(834,48,2729010500,'호림동','대구광역시','달서구'),(835,48,2729010600,'갈산동','대구광역시','달서구'),(836,48,2729010700,'신당동','대구광역시','달서구'),(837,48,2729010800,'이곡동','대구광역시','달서구'),(838,48,2729010900,'장동','대구광역시','달서구'),(839,48,2729011000,'장기동','대구광역시','달서구'),(840,48,2729011100,'용산동','대구광역시','달서구'),(841,48,2729011200,'죽전동','대구광역시','달서구'),(842,48,2729011300,'감삼동','대구광역시','달서구'),(843,48,2729011400,'본리동','대구광역시','달서구'),(844,48,2729011500,'상인동','대구광역시','달서구'),(845,48,2729011600,'도원동','대구광역시','달서구'),(846,48,2729011700,'진천동','대구광역시','달서구'),(847,48,2729011800,'유천동','대구광역시','달서구'),(848,48,2729011900,'대천동','대구광역시','달서구'),(849,48,2729012000,'월성동','대구광역시','달서구'),(850,48,2729012100,'월암동','대구광역시','달서구'),(851,48,2729012200,'송현동','대구광역시','달서구'),(852,48,2729012300,'대곡동','대구광역시','달서구'),(853,48,2729012400,'본동','대구광역시','달서구'),(854,48,2729012500,'호산동','대구광역시','달서구'),(855,49,2771025000,'화원읍','대구광역시','달성군'),(856,49,2771025300,'논공읍','대구광역시','달성군'),(857,49,2771025600,'다사읍','대구광역시','달성군'),(858,49,2771025900,'유가읍','대구광역시','달성군'),(859,49,2771026200,'옥포읍','대구광역시','달성군'),(860,49,2771026500,'현풍읍','대구광역시','달성군'),(861,49,2771031000,'가창면','대구광역시','달성군'),(862,49,2771033000,'하빈면','대구광역시','달성군'),(863,49,2771038000,'구지면','대구광역시','달성군'),(864,50,2772025000,'군위읍','대구광역시','군위군'),(865,50,2772031000,'소보면','대구광역시','군위군'),(866,50,2772032000,'효령면','대구광역시','군위군'),(867,50,2772033000,'부계면','대구광역시','군위군'),(868,50,2772034000,'우보면','대구광역시','군위군'),(869,50,2772035000,'의흥면','대구광역시','군위군'),(870,50,2772036000,'산성면','대구광역시','군위군'),(871,50,2772037000,'삼국유사면','대구광역시','군위군'),(872,51,2811010100,'중앙동1가','인천광역시','중구'),(873,51,2811010200,'중앙동2가','인천광역시','중구'),(874,51,2811010300,'중앙동3가','인천광역시','중구'),(875,51,2811010400,'중앙동4가','인천광역시','중구'),(876,51,2811010500,'해안동1가','인천광역시','중구'),(877,51,2811010600,'해안동2가','인천광역시','중구'),(878,51,2811010700,'해안동3가','인천광역시','중구'),(879,51,2811010800,'해안동4가','인천광역시','중구'),(880,51,2811010900,'관동1가','인천광역시','중구'),(881,51,2811011000,'관동2가','인천광역시','중구'),(882,51,2811011100,'관동3가','인천광역시','중구'),(883,51,2811011200,'항동1가','인천광역시','중구'),(884,51,2811011300,'항동2가','인천광역시','중구'),(885,51,2811011400,'항동3가','인천광역시','중구'),(886,51,2811011500,'항동4가','인천광역시','중구'),(887,51,2811011600,'항동5가','인천광역시','중구'),(888,51,2811011700,'항동6가','인천광역시','중구'),(889,51,2811011800,'항동7가','인천광역시','중구'),(890,51,2811011900,'송학동1가','인천광역시','중구'),(891,51,2811012000,'송학동2가','인천광역시','중구'),(892,51,2811012100,'송학동3가','인천광역시','중구'),(893,51,2811012200,'사동','인천광역시','중구'),(894,51,2811012300,'신생동','인천광역시','중구'),(895,51,2811012400,'신포동','인천광역시','중구'),(896,51,2811012500,'답동','인천광역시','중구'),(897,51,2811012600,'신흥동1가','인천광역시','중구'),(898,51,2811012700,'신흥동2가','인천광역시','중구'),(899,51,2811012800,'신흥동3가','인천광역시','중구'),(900,51,2811012900,'선화동','인천광역시','중구'),(901,51,2811013000,'유동','인천광역시','중구'),(902,51,2811013100,'율목동','인천광역시','중구'),(903,51,2811013200,'도원동','인천광역시','중구'),(904,51,2811013300,'내동','인천광역시','중구'),(905,51,2811013400,'경동','인천광역시','중구'),(906,51,2811013500,'용동','인천광역시','중구'),(907,51,2811013600,'인현동','인천광역시','중구'),(908,51,2811013700,'전동','인천광역시','중구'),(909,51,2811013800,'북성동1가','인천광역시','중구'),(910,51,2811013900,'북성동2가','인천광역시','중구'),(911,51,2811014000,'북성동3가','인천광역시','중구'),(912,51,2811014100,'선린동','인천광역시','중구'),(913,51,2811014200,'송월동1가','인천광역시','중구'),(914,51,2811014300,'송월동2가','인천광역시','중구'),(915,51,2811014400,'송월동3가','인천광역시','중구'),(916,51,2811014500,'중산동','인천광역시','중구'),(917,51,2811014600,'운남동','인천광역시','중구'),(918,51,2811014700,'운서동','인천광역시','중구'),(919,51,2811014800,'운북동','인천광역시','중구'),(920,51,2811014900,'을왕동','인천광역시','중구'),(921,51,2811015000,'남북동','인천광역시','중구'),(922,51,2811015100,'덕교동','인천광역시','중구'),(923,51,2811015200,'무의동','인천광역시','중구'),(924,52,2814010100,'만석동','인천광역시','동구'),(925,52,2814010200,'화수동','인천광역시','동구'),(926,52,2814010300,'송현동','인천광역시','동구'),(927,52,2814010400,'화평동','인천광역시','동구'),(928,52,2814010500,'창영동','인천광역시','동구'),(929,52,2814010600,'금곡동','인천광역시','동구'),(930,52,2814010700,'송림동','인천광역시','동구'),(931,53,2817710100,'숭의동','인천광역시','미추홀구'),(932,53,2817710200,'용현동','인천광역시','미추홀구'),(933,53,2817710300,'학익동','인천광역시','미추홀구'),(934,53,2817710400,'도화동','인천광역시','미추홀구'),(935,53,2817710500,'주안동','인천광역시','미추홀구'),(936,53,2817710600,'관교동','인천광역시','미추홀구'),(937,53,2817710700,'문학동','인천광역시','미추홀구'),(938,54,2818510100,'옥련동','인천광역시','연수구'),(939,54,2818510200,'선학동','인천광역시','연수구'),(940,54,2818510300,'연수동','인천광역시','연수구'),(941,54,2818510400,'청학동','인천광역시','연수구'),(942,54,2818510500,'동춘동','인천광역시','연수구'),(943,54,2818510600,'송도동','인천광역시','연수구'),(944,55,2820010100,'구월동','인천광역시','남동구'),(945,55,2820010200,'간석동','인천광역시','남동구'),(946,55,2820010300,'만수동','인천광역시','남동구'),(947,55,2820010400,'장수동','인천광역시','남동구'),(948,55,2820010500,'서창동','인천광역시','남동구'),(949,55,2820010600,'운연동','인천광역시','남동구'),(950,55,2820010700,'남촌동','인천광역시','남동구'),(951,55,2820010800,'수산동','인천광역시','남동구'),(952,55,2820010900,'도림동','인천광역시','남동구'),(953,55,2820011000,'논현동','인천광역시','남동구'),(954,55,2820011100,'고잔동','인천광역시','남동구'),(955,56,2823710100,'부평동','인천광역시','부평구'),(956,56,2823710200,'십정동','인천광역시','부평구'),(957,56,2823710300,'산곡동','인천광역시','부평구'),(958,56,2823710400,'청천동','인천광역시','부평구'),(959,56,2823710500,'삼산동','인천광역시','부평구'),(960,56,2823710600,'갈산동','인천광역시','부평구'),(961,56,2823710700,'부개동','인천광역시','부평구'),(962,56,2823710800,'일신동','인천광역시','부평구'),(963,56,2823710900,'구산동','인천광역시','부평구'),(964,57,2824510100,'효성동','인천광역시','계양구'),(965,57,2824510200,'계산동','인천광역시','계양구'),(966,57,2824510300,'작전동','인천광역시','계양구'),(967,57,2824510400,'서운동','인천광역시','계양구'),(968,57,2824510500,'임학동','인천광역시','계양구'),(969,57,2824510600,'용종동','인천광역시','계양구'),(970,57,2824510700,'병방동','인천광역시','계양구'),(971,57,2824510800,'방축동','인천광역시','계양구'),(972,57,2824510900,'박촌동','인천광역시','계양구'),(973,57,2824511000,'동양동','인천광역시','계양구'),(974,57,2824511100,'귤현동','인천광역시','계양구'),(975,57,2824511200,'상야동','인천광역시','계양구'),(976,57,2824511300,'하야동','인천광역시','계양구'),(977,57,2824511400,'평동','인천광역시','계양구'),(978,57,2824511500,'노오지동','인천광역시','계양구'),(979,57,2824511600,'선주지동','인천광역시','계양구'),(980,57,2824511700,'이화동','인천광역시','계양구'),(981,57,2824511800,'오류동','인천광역시','계양구'),(982,57,2824511900,'갈현동','인천광역시','계양구'),(983,57,2824512000,'둑실동','인천광역시','계양구'),(984,57,2824512100,'목상동','인천광역시','계양구'),(985,57,2824512200,'다남동','인천광역시','계양구'),(986,57,2824512300,'장기동','인천광역시','계양구'),(987,58,2826010100,'백석동','인천광역시','서구'),(988,58,2826010200,'시천동','인천광역시','서구'),(989,58,2826010300,'검암동','인천광역시','서구'),(990,58,2826010400,'경서동','인천광역시','서구'),(991,58,2826010500,'공촌동','인천광역시','서구'),(992,58,2826010600,'연희동','인천광역시','서구'),(993,58,2826010700,'심곡동','인천광역시','서구'),(994,58,2826010800,'가정동','인천광역시','서구'),(995,58,2826010900,'신현동','인천광역시','서구'),(996,58,2826011000,'석남동','인천광역시','서구'),(997,58,2826011100,'원창동','인천광역시','서구'),(998,58,2826011200,'가좌동','인천광역시','서구'),(999,58,2826011300,'마전동','인천광역시','서구'),(1000,58,2826011400,'당하동','인천광역시','서구'),(1001,58,2826011500,'원당동','인천광역시','서구'),(1002,58,2826011700,'대곡동','인천광역시','서구'),(1003,58,2826011800,'금곡동','인천광역시','서구'),(1004,58,2826011900,'오류동','인천광역시','서구'),(1005,58,2826012000,'왕길동','인천광역시','서구'),(1006,58,2826012100,'불로동','인천광역시','서구'),(1007,58,2826012200,'청라동','인천광역시','서구'),(1008,59,2871025000,'강화읍','인천광역시','강화군'),(1009,59,2871031000,'선원면','인천광역시','강화군'),(1010,59,2871032000,'불은면','인천광역시','강화군'),(1011,59,2871033000,'길상면','인천광역시','강화군'),(1012,59,2871034000,'화도면','인천광역시','강화군'),(1013,59,2871035000,'양도면','인천광역시','강화군'),(1014,59,2871036000,'내가면','인천광역시','강화군'),(1015,59,2871037000,'하점면','인천광역시','강화군'),(1016,59,2871038000,'양사면','인천광역시','강화군'),(1017,59,2871039000,'송해면','인천광역시','강화군'),(1018,59,2871040000,'교동면','인천광역시','강화군'),(1019,59,2871041000,'삼산면','인천광역시','강화군'),(1020,59,2871042000,'서도면','인천광역시','강화군'),(1021,60,2872031000,'북도면','인천광역시','옹진군'),(1022,60,2872033000,'백령면','인천광역시','옹진군'),(1023,60,2872034000,'대청면','인천광역시','옹진군'),(1024,60,2872035000,'덕적면','인천광역시','옹진군'),(1025,60,2872036000,'영흥면','인천광역시','옹진군'),(1026,60,2872037000,'자월면','인천광역시','옹진군'),(1027,60,2872038000,'연평면','인천광역시','옹진군'),(1028,61,2911010100,'대인동','광주광역시','동구'),(1029,61,2911010200,'금남로5가','광주광역시','동구'),(1030,61,2911010300,'충장로5가','광주광역시','동구'),(1031,61,2911010400,'수기동','광주광역시','동구'),(1032,61,2911010500,'대의동','광주광역시','동구'),(1033,61,2911010600,'궁동','광주광역시','동구'),(1034,61,2911010700,'장동','광주광역시','동구'),(1035,61,2911010800,'동명동','광주광역시','동구'),(1036,61,2911010900,'계림동','광주광역시','동구'),(1037,61,2911011000,'산수동','광주광역시','동구'),(1038,61,2911011100,'지산동','광주광역시','동구'),(1039,61,2911011200,'남동','광주광역시','동구'),(1040,61,2911011300,'광산동','광주광역시','동구'),(1041,61,2911011400,'금동','광주광역시','동구'),(1042,61,2911011500,'호남동','광주광역시','동구'),(1043,61,2911011600,'불로동','광주광역시','동구'),(1044,61,2911011700,'황금동','광주광역시','동구'),(1045,61,2911011800,'서석동','광주광역시','동구'),(1046,61,2911011900,'소태동','광주광역시','동구'),(1047,61,2911012000,'용연동','광주광역시','동구'),(1048,61,2911012100,'운림동','광주광역시','동구'),(1049,61,2911012200,'학동','광주광역시','동구'),(1050,61,2911012300,'월남동','광주광역시','동구'),(1051,61,2911012400,'선교동','광주광역시','동구'),(1052,61,2911012500,'내남동','광주광역시','동구'),(1053,61,2911012600,'용산동','광주광역시','동구'),(1054,61,2911012700,'충장로1가','광주광역시','동구'),(1055,61,2911012800,'충장로2가','광주광역시','동구'),(1056,61,2911012900,'충장로3가','광주광역시','동구'),(1057,61,2911013000,'충장로4가','광주광역시','동구'),(1058,61,2911013100,'금남로1가','광주광역시','동구'),(1059,61,2911013200,'금남로2가','광주광역시','동구'),(1060,61,2911013300,'금남로3가','광주광역시','동구'),(1061,61,2911013400,'금남로4가','광주광역시','동구'),(1062,62,2914010400,'양동','광주광역시','서구'),(1063,62,2914010600,'농성동','광주광역시','서구'),(1064,62,2914011500,'광천동','광주광역시','서구'),(1065,62,2914011600,'유촌동','광주광역시','서구'),(1066,62,2914011700,'덕흥동','광주광역시','서구'),(1067,62,2914011800,'쌍촌동','광주광역시','서구'),(1068,62,2914011900,'화정동','광주광역시','서구'),(1069,62,2914012000,'치평동','광주광역시','서구'),(1070,62,2914012100,'내방동','광주광역시','서구'),(1071,62,2914012500,'서창동','광주광역시','서구'),(1072,62,2914012600,'세하동','광주광역시','서구'),(1073,62,2914012700,'용두동','광주광역시','서구'),(1074,62,2914012800,'풍암동','광주광역시','서구'),(1075,62,2914012900,'벽진동','광주광역시','서구'),(1076,62,2914013000,'금호동','광주광역시','서구'),(1077,62,2914013100,'마륵동','광주광역시','서구'),(1078,62,2914013200,'매월동','광주광역시','서구'),(1079,62,2914013300,'동천동','광주광역시','서구'),(1080,63,2915510100,'사동','광주광역시','남구'),(1081,63,2915510200,'구동','광주광역시','남구'),(1082,63,2915510300,'서동','광주광역시','남구'),(1083,63,2915510400,'월산동','광주광역시','남구'),(1084,63,2915510500,'백운동','광주광역시','남구'),(1085,63,2915510600,'주월동','광주광역시','남구'),(1086,63,2915510700,'노대동','광주광역시','남구'),(1087,63,2915510800,'진월동','광주광역시','남구'),(1088,63,2915510900,'덕남동','광주광역시','남구'),(1089,63,2915511000,'행암동','광주광역시','남구'),(1090,63,2915511100,'임암동','광주광역시','남구'),(1091,63,2915511200,'송하동','광주광역시','남구'),(1092,63,2915511300,'양림동','광주광역시','남구'),(1093,63,2915511400,'방림동','광주광역시','남구'),(1094,63,2915511500,'봉선동','광주광역시','남구'),(1095,63,2915511600,'구소동','광주광역시','남구'),(1096,63,2915511700,'양촌동','광주광역시','남구'),(1097,63,2915511800,'도금동','광주광역시','남구'),(1098,63,2915511900,'승촌동','광주광역시','남구'),(1099,63,2915512000,'지석동','광주광역시','남구'),(1100,63,2915512100,'압촌동','광주광역시','남구'),(1101,63,2915512200,'화장동','광주광역시','남구'),(1102,63,2915512300,'칠석동','광주광역시','남구'),(1103,63,2915512400,'석정동','광주광역시','남구'),(1104,63,2915512500,'신장동','광주광역시','남구'),(1105,63,2915512600,'양과동','광주광역시','남구'),(1106,63,2915512700,'이장동','광주광역시','남구'),(1107,63,2915512800,'대지동','광주광역시','남구'),(1108,63,2915512900,'원산동','광주광역시','남구'),(1109,63,2915513000,'월성동','광주광역시','남구'),(1110,64,2917010100,'중흥동','광주광역시','북구'),(1111,64,2917010200,'유동','광주광역시','북구'),(1112,64,2917010300,'누문동','광주광역시','북구'),(1113,64,2917010400,'북동','광주광역시','북구'),(1114,64,2917010500,'임동','광주광역시','북구'),(1115,64,2917010600,'신안동','광주광역시','북구'),(1116,64,2917010700,'용봉동','광주광역시','북구'),(1117,64,2917010800,'동림동','광주광역시','북구'),(1118,64,2917010900,'운암동','광주광역시','북구'),(1119,64,2917011000,'우산동','광주광역시','북구'),(1120,64,2917011100,'풍향동','광주광역시','북구'),(1121,64,2917011200,'문흥동','광주광역시','북구'),(1122,64,2917011300,'각화동','광주광역시','북구'),(1123,64,2917011400,'두암동','광주광역시','북구'),(1124,64,2917011500,'오치동','광주광역시','북구'),(1125,64,2917011600,'삼각동','광주광역시','북구'),(1126,64,2917011700,'매곡동','광주광역시','북구'),(1127,64,2917011800,'충효동','광주광역시','북구'),(1128,64,2917011900,'덕의동','광주광역시','북구'),(1129,64,2917012000,'금곡동','광주광역시','북구'),(1130,64,2917012100,'망월동','광주광역시','북구'),(1131,64,2917012200,'청풍동','광주광역시','북구'),(1132,64,2917012300,'화암동','광주광역시','북구'),(1133,64,2917012400,'장등동','광주광역시','북구'),(1134,64,2917012500,'운정동','광주광역시','북구'),(1135,64,2917012600,'본촌동','광주광역시','북구'),(1136,64,2917012700,'일곡동','광주광역시','북구'),(1137,64,2917012800,'양산동','광주광역시','북구'),(1138,64,2917012900,'연제동','광주광역시','북구'),(1139,64,2917013000,'신용동','광주광역시','북구'),(1140,64,2917013100,'용두동','광주광역시','북구'),(1141,64,2917013200,'지야동','광주광역시','북구'),(1142,64,2917013300,'태령동','광주광역시','북구'),(1143,64,2917013400,'수곡동','광주광역시','북구'),(1144,64,2917013500,'효령동','광주광역시','북구'),(1145,64,2917013600,'용전동','광주광역시','북구'),(1146,64,2917013700,'용강동','광주광역시','북구'),(1147,64,2917013800,'생용동','광주광역시','북구'),(1148,64,2917013900,'월출동','광주광역시','북구'),(1149,64,2917014000,'대촌동','광주광역시','북구'),(1150,64,2917014100,'오룡동','광주광역시','북구'),(1151,65,2920010100,'송정동','광주광역시','광산구'),(1152,65,2920010200,'도산동','광주광역시','광산구'),(1153,65,2920010300,'도호동','광주광역시','광산구'),(1154,65,2920010400,'신촌동','광주광역시','광산구'),(1155,65,2920010500,'서봉동','광주광역시','광산구'),(1156,65,2920010600,'운수동','광주광역시','광산구'),(1157,65,2920010700,'선암동','광주광역시','광산구'),(1158,65,2920010800,'소촌동','광주광역시','광산구'),(1159,65,2920010900,'우산동','광주광역시','광산구'),(1160,65,2920011000,'황룡동','광주광역시','광산구'),(1161,65,2920011100,'박호동','광주광역시','광산구'),(1162,65,2920011200,'비아동','광주광역시','광산구'),(1163,65,2920011300,'도천동','광주광역시','광산구'),(1164,65,2920011400,'수완동','광주광역시','광산구'),(1165,65,2920011500,'월계동','광주광역시','광산구'),(1166,65,2920011600,'쌍암동','광주광역시','광산구'),(1167,65,2920011700,'산월동','광주광역시','광산구'),(1168,65,2920011800,'신창동','광주광역시','광산구'),(1169,65,2920011900,'신가동','광주광역시','광산구'),(1170,65,2920012000,'운남동','광주광역시','광산구'),(1171,65,2920012100,'안청동','광주광역시','광산구'),(1172,65,2920012200,'진곡동','광주광역시','광산구'),(1173,65,2920012300,'장덕동','광주광역시','광산구'),(1174,65,2920012400,'흑석동','광주광역시','광산구'),(1175,65,2920012500,'하남동','광주광역시','광산구'),(1176,65,2920012600,'장수동','광주광역시','광산구'),(1177,65,2920012700,'산정동','광주광역시','광산구'),(1178,65,2920012800,'월곡동','광주광역시','광산구'),(1179,65,2920012900,'등임동','광주광역시','광산구'),(1180,65,2920013000,'산막동','광주광역시','광산구'),(1181,65,2920013100,'고룡동','광주광역시','광산구'),(1182,65,2920013200,'신룡동','광주광역시','광산구'),(1183,65,2920013300,'두정동','광주광역시','광산구'),(1184,65,2920013400,'임곡동','광주광역시','광산구'),(1185,65,2920013500,'광산동','광주광역시','광산구'),(1186,65,2920013600,'오산동','광주광역시','광산구'),(1187,65,2920013700,'사호동','광주광역시','광산구'),(1188,65,2920013800,'하산동','광주광역시','광산구'),(1189,65,2920013900,'유계동','광주광역시','광산구'),(1190,65,2920014000,'본덕동','광주광역시','광산구'),(1191,65,2920014100,'용봉동','광주광역시','광산구'),(1192,65,2920014200,'요기동','광주광역시','광산구'),(1193,65,2920014300,'복룡동','광주광역시','광산구'),(1194,65,2920014400,'송대동','광주광역시','광산구'),(1195,65,2920014500,'옥동','광주광역시','광산구'),(1196,65,2920014600,'월전동','광주광역시','광산구'),(1197,65,2920014700,'장록동','광주광역시','광산구'),(1198,65,2920014800,'송촌동','광주광역시','광산구'),(1199,65,2920014900,'지죽동','광주광역시','광산구'),(1200,65,2920015000,'용동','광주광역시','광산구'),(1201,65,2920015100,'용곡동','광주광역시','광산구'),(1202,65,2920015200,'지정동','광주광역시','광산구'),(1203,65,2920015300,'명화동','광주광역시','광산구'),(1204,65,2920015400,'동산동','광주광역시','광산구'),(1205,65,2920015500,'연산동','광주광역시','광산구'),(1206,65,2920015600,'도덕동','광주광역시','광산구'),(1207,65,2920015700,'송산동','광주광역시','광산구'),(1208,65,2920015800,'지평동','광주광역시','광산구'),(1209,65,2920015900,'오운동','광주광역시','광산구'),(1210,65,2920016000,'삼거동','광주광역시','광산구'),(1211,65,2920016100,'양동','광주광역시','광산구'),(1212,65,2920016200,'내산동','광주광역시','광산구'),(1213,65,2920016300,'대산동','광주광역시','광산구'),(1214,65,2920016400,'송학동','광주광역시','광산구'),(1215,65,2920016500,'신동','광주광역시','광산구'),(1216,65,2920016600,'삼도동','광주광역시','광산구'),(1217,65,2920016700,'남산동','광주광역시','광산구'),(1218,65,2920016800,'송치동','광주광역시','광산구'),(1219,65,2920016900,'산수동','광주광역시','광산구'),(1220,65,2920017000,'선동','광주광역시','광산구'),(1221,65,2920017100,'지산동','광주광역시','광산구'),(1222,65,2920017200,'왕동','광주광역시','광산구'),(1223,65,2920017300,'북산동','광주광역시','광산구'),(1224,65,2920017400,'명도동','광주광역시','광산구'),(1225,65,2920017500,'동호동','광주광역시','광산구'),(1226,65,2920017600,'덕림동','광주광역시','광산구'),(1227,65,2920017700,'양산동','광주광역시','광산구'),(1228,65,2920017800,'동림동','광주광역시','광산구'),(1229,65,2920020200,'오선동','광주광역시','광산구'),(1230,66,3011010100,'원동','대전광역시','동구'),(1231,66,3011010200,'인동','대전광역시','동구'),(1232,66,3011010300,'효동','대전광역시','동구'),(1233,66,3011010400,'천동','대전광역시','동구'),(1234,66,3011010500,'가오동','대전광역시','동구'),(1235,66,3011010600,'신흥동','대전광역시','동구'),(1236,66,3011010700,'판암동','대전광역시','동구'),(1237,66,3011010800,'삼정동','대전광역시','동구'),(1238,66,3011010900,'용운동','대전광역시','동구'),(1239,66,3011011000,'대동','대전광역시','동구'),(1240,66,3011011100,'자양동','대전광역시','동구'),(1241,66,3011011200,'신안동','대전광역시','동구'),(1242,66,3011011300,'소제동','대전광역시','동구'),(1243,66,3011011400,'가양동','대전광역시','동구'),(1244,66,3011011500,'용전동','대전광역시','동구'),(1245,66,3011011600,'성남동','대전광역시','동구'),(1246,66,3011011700,'홍도동','대전광역시','동구'),(1247,66,3011011800,'삼성동','대전광역시','동구'),(1248,66,3011011900,'정동','대전광역시','동구'),(1249,66,3011012000,'중동','대전광역시','동구'),(1250,66,3011012100,'추동','대전광역시','동구'),(1251,66,3011012200,'비룡동','대전광역시','동구'),(1252,66,3011012300,'주산동','대전광역시','동구'),(1253,66,3011012400,'용계동','대전광역시','동구'),(1254,66,3011012500,'마산동','대전광역시','동구'),(1255,66,3011012600,'효평동','대전광역시','동구'),(1256,66,3011012700,'직동','대전광역시','동구'),(1257,66,3011012800,'세천동','대전광역시','동구'),(1258,66,3011012900,'신상동','대전광역시','동구'),(1259,66,3011013000,'신하동','대전광역시','동구'),(1260,66,3011013100,'신촌동','대전광역시','동구'),(1261,66,3011013200,'사성동','대전광역시','동구'),(1262,66,3011013300,'내탑동','대전광역시','동구'),(1263,66,3011013400,'오동','대전광역시','동구'),(1264,66,3011013500,'주촌동','대전광역시','동구'),(1265,66,3011013600,'낭월동','대전광역시','동구'),(1266,66,3011013700,'대별동','대전광역시','동구'),(1267,66,3011013800,'이사동','대전광역시','동구'),(1268,66,3011013900,'대성동','대전광역시','동구'),(1269,66,3011014000,'장척동','대전광역시','동구'),(1270,66,3011014100,'소호동','대전광역시','동구'),(1271,66,3011014200,'구도동','대전광역시','동구'),(1272,66,3011014300,'삼괴동','대전광역시','동구'),(1273,66,3011014400,'상소동','대전광역시','동구'),(1274,66,3011014500,'하소동','대전광역시','동구'),(1275,67,3014010100,'은행동','대전광역시','중구'),(1276,67,3014010200,'선화동','대전광역시','중구'),(1277,67,3014010300,'목동','대전광역시','중구'),(1278,67,3014010400,'중촌동','대전광역시','중구'),(1279,67,3014010500,'대흥동','대전광역시','중구'),(1280,67,3014010600,'문창동','대전광역시','중구'),(1281,67,3014010700,'석교동','대전광역시','중구'),(1282,67,3014010800,'호동','대전광역시','중구'),(1283,67,3014010900,'옥계동','대전광역시','중구'),(1284,67,3014011000,'대사동','대전광역시','중구'),(1285,67,3014011100,'부사동','대전광역시','중구'),(1286,67,3014011200,'용두동','대전광역시','중구'),(1287,67,3014011300,'오류동','대전광역시','중구'),(1288,67,3014011400,'태평동','대전광역시','중구'),(1289,67,3014011500,'유천동','대전광역시','중구'),(1290,67,3014011600,'문화동','대전광역시','중구'),(1291,67,3014011700,'산성동','대전광역시','중구'),(1292,67,3014011800,'사정동','대전광역시','중구'),(1293,67,3014011900,'안영동','대전광역시','중구'),(1294,67,3014012000,'무수동','대전광역시','중구'),(1295,67,3014012100,'구완동','대전광역시','중구'),(1296,67,3014012200,'침산동','대전광역시','중구'),(1297,67,3014012300,'목달동','대전광역시','중구'),(1298,67,3014012400,'정생동','대전광역시','중구'),(1299,67,3014012500,'어남동','대전광역시','중구'),(1300,67,3014012600,'금동','대전광역시','중구'),(1301,68,3017010100,'복수동','대전광역시','서구'),(1302,68,3017010200,'변동','대전광역시','서구'),(1303,68,3017010300,'도마동','대전광역시','서구'),(1304,68,3017010400,'정림동','대전광역시','서구'),(1305,68,3017010500,'용문동','대전광역시','서구'),(1306,68,3017010600,'탄방동','대전광역시','서구'),(1307,68,3017010800,'괴정동','대전광역시','서구'),(1308,68,3017010900,'가장동','대전광역시','서구'),(1309,68,3017011000,'내동','대전광역시','서구'),(1310,68,3017011100,'갈마동','대전광역시','서구'),(1311,68,3017011200,'둔산동','대전광역시','서구'),(1312,68,3017011300,'월평동','대전광역시','서구'),(1313,68,3017011400,'가수원동','대전광역시','서구'),(1314,68,3017011500,'도안동','대전광역시','서구'),(1315,68,3017011600,'관저동','대전광역시','서구'),(1316,68,3017011700,'흑석동','대전광역시','서구'),(1317,68,3017011800,'매노동','대전광역시','서구'),(1318,68,3017011900,'산직동','대전광역시','서구'),(1319,68,3017012000,'장안동','대전광역시','서구'),(1320,68,3017012100,'평촌동','대전광역시','서구'),(1321,68,3017012200,'오동','대전광역시','서구'),(1322,68,3017012300,'우명동','대전광역시','서구'),(1323,68,3017012400,'원정동','대전광역시','서구'),(1324,68,3017012500,'용촌동','대전광역시','서구'),(1325,68,3017012600,'봉곡동','대전광역시','서구'),(1326,68,3017012700,'괴곡동','대전광역시','서구'),(1327,68,3017012800,'만년동','대전광역시','서구'),(1328,69,3020010100,'원내동','대전광역시','유성구'),(1329,69,3020010200,'교촌동','대전광역시','유성구'),(1330,69,3020010300,'대정동','대전광역시','유성구'),(1331,69,3020010400,'용계동','대전광역시','유성구'),(1332,69,3020010500,'학하동','대전광역시','유성구'),(1333,69,3020010600,'계산동','대전광역시','유성구'),(1334,69,3020010700,'성북동','대전광역시','유성구'),(1335,69,3020010800,'세동','대전광역시','유성구'),(1336,69,3020010900,'송정동','대전광역시','유성구'),(1337,69,3020011000,'방동','대전광역시','유성구'),(1338,69,3020011100,'봉명동','대전광역시','유성구'),(1339,69,3020011200,'구암동','대전광역시','유성구'),(1340,69,3020011300,'덕명동','대전광역시','유성구'),(1341,69,3020011400,'원신흥동','대전광역시','유성구'),(1342,69,3020011500,'상대동','대전광역시','유성구'),(1343,69,3020011600,'복용동','대전광역시','유성구'),(1344,69,3020011700,'장대동','대전광역시','유성구'),(1345,69,3020011800,'갑동','대전광역시','유성구'),(1346,69,3020011900,'노은동','대전광역시','유성구'),(1347,69,3020012000,'지족동','대전광역시','유성구'),(1348,69,3020012100,'죽동','대전광역시','유성구'),(1349,69,3020012200,'궁동','대전광역시','유성구'),(1350,69,3020012300,'어은동','대전광역시','유성구'),(1351,69,3020012400,'구성동','대전광역시','유성구'),(1352,69,3020012500,'신성동','대전광역시','유성구'),(1353,69,3020012600,'가정동','대전광역시','유성구'),(1354,69,3020012700,'도룡동','대전광역시','유성구'),(1355,69,3020012800,'장동','대전광역시','유성구'),(1356,69,3020012900,'방현동','대전광역시','유성구'),(1357,69,3020013000,'화암동','대전광역시','유성구'),(1358,69,3020013100,'덕진동','대전광역시','유성구'),(1359,69,3020013200,'하기동','대전광역시','유성구'),(1360,69,3020013300,'추목동','대전광역시','유성구'),(1361,69,3020013400,'자운동','대전광역시','유성구'),(1362,69,3020013500,'신봉동','대전광역시','유성구'),(1363,69,3020013600,'수남동','대전광역시','유성구'),(1364,69,3020013700,'안산동','대전광역시','유성구'),(1365,69,3020013800,'외삼동','대전광역시','유성구'),(1366,69,3020013900,'반석동','대전광역시','유성구'),(1367,69,3020014000,'문지동','대전광역시','유성구'),(1368,69,3020014100,'전민동','대전광역시','유성구'),(1369,69,3020014200,'원촌동','대전광역시','유성구'),(1370,69,3020014300,'탑립동','대전광역시','유성구'),(1371,69,3020014400,'용산동','대전광역시','유성구'),(1372,69,3020014500,'봉산동','대전광역시','유성구'),(1373,69,3020014600,'관평동','대전광역시','유성구'),(1374,69,3020014700,'송강동','대전광역시','유성구'),(1375,69,3020014800,'금고동','대전광역시','유성구'),(1376,69,3020014900,'대동','대전광역시','유성구'),(1377,69,3020015000,'금탄동','대전광역시','유성구'),(1378,69,3020015100,'신동','대전광역시','유성구'),(1379,69,3020015200,'둔곡동','대전광역시','유성구'),(1380,69,3020015300,'구룡동','대전광역시','유성구'),(1381,70,3023010100,'오정동','대전광역시','대덕구'),(1382,70,3023010200,'대화동','대전광역시','대덕구'),(1383,70,3023010300,'읍내동','대전광역시','대덕구'),(1384,70,3023010400,'연축동','대전광역시','대덕구'),(1385,70,3023010500,'신대동','대전광역시','대덕구'),(1386,70,3023010600,'와동','대전광역시','대덕구'),(1387,70,3023010700,'송촌동','대전광역시','대덕구'),(1388,70,3023010800,'법동','대전광역시','대덕구'),(1389,70,3023010900,'중리동','대전광역시','대덕구'),(1390,70,3023011000,'비래동','대전광역시','대덕구'),(1391,70,3023011100,'석봉동','대전광역시','대덕구'),(1392,70,3023011200,'목상동','대전광역시','대덕구'),(1393,70,3023011300,'문평동','대전광역시','대덕구'),(1394,70,3023011400,'신일동','대전광역시','대덕구'),(1395,70,3023011500,'덕암동','대전광역시','대덕구'),(1396,70,3023011600,'상서동','대전광역시','대덕구'),(1397,70,3023011700,'평촌동','대전광역시','대덕구'),(1398,70,3023011800,'장동','대전광역시','대덕구'),(1399,70,3023011900,'용호동','대전광역시','대덕구'),(1400,70,3023012000,'이현동','대전광역시','대덕구'),(1401,70,3023012100,'갈전동','대전광역시','대덕구'),(1402,70,3023012200,'부수동','대전광역시','대덕구'),(1403,70,3023012300,'황호동','대전광역시','대덕구'),(1404,70,3023012400,'삼정동','대전광역시','대덕구'),(1405,70,3023012500,'미호동','대전광역시','대덕구'),(1406,70,3023012600,'신탄진동','대전광역시','대덕구'),(1407,71,3111010100,'학성동','울산광역시','중구'),(1408,71,3111010200,'학산동','울산광역시','중구'),(1409,71,3111010300,'복산동','울산광역시','중구'),(1410,71,3111010400,'북정동','울산광역시','중구'),(1411,71,3111010500,'옥교동','울산광역시','중구'),(1412,71,3111010600,'성남동','울산광역시','중구'),(1413,71,3111010700,'교동','울산광역시','중구'),(1414,71,3111010800,'우정동','울산광역시','중구'),(1415,71,3111010900,'성안동','울산광역시','중구'),(1416,71,3111011000,'유곡동','울산광역시','중구'),(1417,71,3111011100,'태화동','울산광역시','중구'),(1418,71,3111011200,'다운동','울산광역시','중구'),(1419,71,3111011300,'동동','울산광역시','중구'),(1420,71,3111011400,'서동','울산광역시','중구'),(1421,71,3111011500,'남외동','울산광역시','중구'),(1422,71,3111011600,'장현동','울산광역시','중구'),(1423,71,3111011700,'약사동','울산광역시','중구'),(1424,71,3111011800,'반구동','울산광역시','중구'),(1425,72,3114010100,'무거동','울산광역시','남구'),(1426,72,3114010200,'옥동','울산광역시','남구'),(1427,72,3114010300,'두왕동','울산광역시','남구'),(1428,72,3114010400,'신정동','울산광역시','남구'),(1429,72,3114010500,'달동','울산광역시','남구'),(1430,72,3114010600,'삼산동','울산광역시','남구'),(1431,72,3114010700,'여천동','울산광역시','남구'),(1432,72,3114010800,'야음동','울산광역시','남구'),(1433,72,3114010900,'선암동','울산광역시','남구'),(1434,72,3114011000,'상개동','울산광역시','남구'),(1435,72,3114011100,'부곡동','울산광역시','남구'),(1436,72,3114011200,'고사동','울산광역시','남구'),(1437,72,3114011300,'성암동','울산광역시','남구'),(1438,72,3114011400,'황성동','울산광역시','남구'),(1439,72,3114011500,'용연동','울산광역시','남구'),(1440,72,3114011600,'남화동','울산광역시','남구'),(1441,72,3114011700,'용잠동','울산광역시','남구'),(1442,72,3114011800,'장생포동','울산광역시','남구'),(1443,72,3114011900,'매암동','울산광역시','남구'),(1444,73,3117010100,'방어동','울산광역시','동구'),(1445,73,3117010200,'화정동','울산광역시','동구'),(1446,73,3117010300,'일산동','울산광역시','동구'),(1447,73,3117010400,'전하동','울산광역시','동구'),(1448,73,3117010500,'미포동','울산광역시','동구'),(1449,73,3117010600,'주전동','울산광역시','동구'),(1450,73,3117010700,'동부동','울산광역시','동구'),(1451,73,3117010800,'서부동','울산광역시','동구'),(1452,74,3120010100,'창평동','울산광역시','북구'),(1453,74,3120010200,'호계동','울산광역시','북구'),(1454,74,3120010300,'매곡동','울산광역시','북구'),(1455,74,3120010400,'가대동','울산광역시','북구'),(1456,74,3120010500,'신천동','울산광역시','북구'),(1457,74,3120010600,'중산동','울산광역시','북구'),(1458,74,3120010700,'상안동','울산광역시','북구'),(1459,74,3120010800,'천곡동','울산광역시','북구'),(1460,74,3120010900,'달천동','울산광역시','북구'),(1461,74,3120011000,'시례동','울산광역시','북구'),(1462,74,3120011100,'무룡동','울산광역시','북구'),(1463,74,3120011200,'구유동','울산광역시','북구'),(1464,74,3120011300,'정자동','울산광역시','북구'),(1465,74,3120011400,'신명동','울산광역시','북구'),(1466,74,3120011500,'대안동','울산광역시','북구'),(1467,74,3120011600,'당사동','울산광역시','북구'),(1468,74,3120011700,'신현동','울산광역시','북구'),(1469,74,3120011800,'산하동','울산광역시','북구'),(1470,74,3120011900,'어물동','울산광역시','북구'),(1471,74,3120012000,'명촌동','울산광역시','북구'),(1472,74,3120012100,'진장동','울산광역시','북구'),(1473,74,3120012200,'연암동','울산광역시','북구'),(1474,74,3120012300,'효문동','울산광역시','북구'),(1475,74,3120012400,'양정동','울산광역시','북구'),(1476,74,3120012500,'화봉동','울산광역시','북구'),(1477,74,3120012600,'송정동','울산광역시','북구'),(1478,74,3120012700,'염포동','울산광역시','북구'),(1479,75,3171025000,'온산읍','울산광역시','울주군'),(1480,75,3171025300,'언양읍','울산광역시','울주군'),(1481,75,3171025600,'온양읍','울산광역시','울주군'),(1482,75,3171025900,'범서읍','울산광역시','울주군'),(1483,75,3171026200,'청량읍','울산광역시','울주군'),(1484,75,3171026500,'삼남읍','울산광역시','울주군'),(1485,75,3171031000,'서생면','울산광역시','울주군'),(1486,75,3171034000,'웅촌면','울산광역시','울주군'),(1487,75,3171036000,'두동면','울산광역시','울주군'),(1488,75,3171037000,'두서면','울산광역시','울주군'),(1489,75,3171038000,'상북면','울산광역시','울주군'),(1490,75,3171040000,'삼동면','울산광역시','울주군'),(1491,76,3611010100,'반곡동','세종특별자치시','세종시'),(1492,76,3611010200,'소담동','세종특별자치시','세종시'),(1493,76,3611010300,'보람동','세종특별자치시','세종시'),(1494,76,3611010400,'대평동','세종특별자치시','세종시'),(1495,76,3611010500,'가람동','세종특별자치시','세종시'),(1496,76,3611010600,'한솔동','세종특별자치시','세종시'),(1497,76,3611010700,'나성동','세종특별자치시','세종시'),(1498,76,3611010800,'새롬동','세종특별자치시','세종시'),(1499,76,3611010900,'다정동','세종특별자치시','세종시'),(1500,76,3611011000,'어진동','세종특별자치시','세종시'),(1501,76,3611011100,'종촌동','세종특별자치시','세종시'),(1502,76,3611011200,'고운동','세종특별자치시','세종시'),(1503,76,3611011300,'아름동','세종특별자치시','세종시'),(1504,76,3611011400,'도담동','세종특별자치시','세종시'),(1505,76,3611011900,'세종동','세종특별자치시','세종시'),(1506,76,3611012000,'누리동','세종특별자치시','세종시'),(1507,76,3611012100,'한별동','세종특별자치시','세종시'),(1508,76,3611012200,'다솜동','세종특별자치시','세종시'),(1509,76,3611012300,'용호동','세종특별자치시','세종시'),(1510,76,3611025000,'조치원읍','세종특별자치시','세종시'),(1511,76,3611031000,'연기면','세종특별자치시','세종시'),(1512,76,3611032000,'연동면','세종특별자치시','세종시'),(1513,76,3611033000,'부강면','세종특별자치시','세종시'),(1514,76,3611034000,'금남면','세종특별자치시','세종시'),(1515,76,3611035000,'장군면','세종특별자치시','세종시'),(1516,76,3611036000,'연서면','세종특별자치시','세종시'),(1517,76,3611037000,'전의면','세종특별자치시','세종시'),(1518,76,3611038000,'전동면','세종특별자치시','세종시'),(1519,76,3611039000,'소정면','세종특별자치시','세종시'),(1520,78,4111112900,'파장동','경기도','수원시 장안구'),(1521,78,4111113000,'정자동','경기도','수원시 장안구'),(1522,78,4111113100,'이목동','경기도','수원시 장안구'),(1523,78,4111113200,'율전동','경기도','수원시 장안구'),(1524,78,4111113300,'천천동','경기도','수원시 장안구'),(1525,78,4111113400,'영화동','경기도','수원시 장안구'),(1526,78,4111113500,'송죽동','경기도','수원시 장안구'),(1527,78,4111113600,'조원동','경기도','수원시 장안구'),(1528,78,4111113700,'연무동','경기도','수원시 장안구'),(1529,78,4111113800,'상광교동','경기도','수원시 장안구'),(1530,78,4111113900,'하광교동','경기도','수원시 장안구'),(1531,79,4111312600,'세류동','경기도','수원시 권선구'),(1532,79,4111312700,'평동','경기도','수원시 권선구'),(1533,79,4111312800,'고색동','경기도','수원시 권선구'),(1534,79,4111312900,'오목천동','경기도','수원시 권선구'),(1535,79,4111313000,'평리동','경기도','수원시 권선구'),(1536,79,4111313100,'서둔동','경기도','수원시 권선구'),(1537,79,4111313200,'구운동','경기도','수원시 권선구'),(1538,79,4111313300,'탑동','경기도','수원시 권선구'),(1539,79,4111313400,'금곡동','경기도','수원시 권선구'),(1540,79,4111313500,'호매실동','경기도','수원시 권선구'),(1541,79,4111313600,'곡반정동','경기도','수원시 권선구'),(1542,79,4111313700,'권선동','경기도','수원시 권선구'),(1543,79,4111313800,'장지동','경기도','수원시 권선구'),(1544,79,4111313900,'대황교동','경기도','수원시 권선구'),(1545,79,4111314000,'입북동','경기도','수원시 권선구'),(1546,79,4111314100,'당수동','경기도','수원시 권선구'),(1547,80,4111512000,'팔달로1가','경기도','수원시 팔달구'),(1548,80,4111512100,'팔달로2가','경기도','수원시 팔달구'),(1549,80,4111512200,'팔달로3가','경기도','수원시 팔달구'),(1550,80,4111512300,'남창동','경기도','수원시 팔달구'),(1551,80,4111512400,'영동','경기도','수원시 팔달구'),(1552,80,4111512500,'중동','경기도','수원시 팔달구'),(1553,80,4111512600,'구천동','경기도','수원시 팔달구'),(1554,80,4111512700,'남수동','경기도','수원시 팔달구'),(1555,80,4111512800,'매향동','경기도','수원시 팔달구'),(1556,80,4111512900,'북수동','경기도','수원시 팔달구'),(1557,80,4111513000,'신풍동','경기도','수원시 팔달구'),(1558,80,4111513100,'장안동','경기도','수원시 팔달구'),(1559,80,4111513200,'교동','경기도','수원시 팔달구'),(1560,80,4111513300,'매교동','경기도','수원시 팔달구'),(1561,80,4111513400,'매산로1가','경기도','수원시 팔달구'),(1562,80,4111513500,'매산로2가','경기도','수원시 팔달구'),(1563,80,4111513600,'매산로3가','경기도','수원시 팔달구'),(1564,80,4111513700,'고등동','경기도','수원시 팔달구'),(1565,80,4111513800,'화서동','경기도','수원시 팔달구'),(1566,80,4111513900,'지동','경기도','수원시 팔달구'),(1567,80,4111514000,'우만동','경기도','수원시 팔달구'),(1568,80,4111514100,'인계동','경기도','수원시 팔달구'),(1569,81,4111710100,'매탄동','경기도','수원시 영통구'),(1570,81,4111710200,'원천동','경기도','수원시 영통구'),(1571,81,4111710300,'이의동','경기도','수원시 영통구'),(1572,81,4111710400,'하동','경기도','수원시 영통구'),(1573,81,4111710500,'영통동','경기도','수원시 영통구'),(1574,81,4111710600,'신동','경기도','수원시 영통구'),(1575,81,4111710700,'망포동','경기도','수원시 영통구'),(1576,83,4113110100,'신흥동','경기도','성남시 수정구'),(1577,83,4113110200,'태평동','경기도','성남시 수정구'),(1578,83,4113110300,'수진동','경기도','성남시 수정구'),(1579,83,4113110400,'단대동','경기도','성남시 수정구'),(1580,83,4113110500,'산성동','경기도','성남시 수정구'),(1581,83,4113110600,'양지동','경기도','성남시 수정구'),(1582,83,4113110700,'복정동','경기도','성남시 수정구'),(1583,83,4113110800,'창곡동','경기도','성남시 수정구'),(1584,83,4113110900,'신촌동','경기도','성남시 수정구'),(1585,83,4113111000,'오야동','경기도','성남시 수정구'),(1586,83,4113111100,'심곡동','경기도','성남시 수정구'),(1587,83,4113111200,'고등동','경기도','성남시 수정구'),(1588,83,4113111300,'상적동','경기도','성남시 수정구'),(1589,83,4113111400,'둔전동','경기도','성남시 수정구'),(1590,83,4113111500,'시흥동','경기도','성남시 수정구'),(1591,83,4113111600,'금토동','경기도','성남시 수정구'),(1592,83,4113111700,'사송동','경기도','성남시 수정구'),(1593,84,4113310100,'성남동','경기도','성남시 중원구'),(1594,84,4113310300,'금광동','경기도','성남시 중원구'),(1595,84,4113310400,'은행동','경기도','성남시 중원구'),(1596,84,4113310500,'상대원동','경기도','성남시 중원구'),(1597,84,4113310600,'여수동','경기도','성남시 중원구'),(1598,84,4113310700,'도촌동','경기도','성남시 중원구'),(1599,84,4113310800,'갈현동','경기도','성남시 중원구'),(1600,84,4113310900,'하대원동','경기도','성남시 중원구'),(1601,84,4113313200,'중앙동','경기도','성남시 중원구'),(1602,85,4113510100,'분당동','경기도','성남시 분당구'),(1603,85,4113510200,'수내동','경기도','성남시 분당구'),(1604,85,4113510300,'정자동','경기도','성남시 분당구'),(1605,85,4113510400,'율동','경기도','성남시 분당구'),(1606,85,4113510500,'서현동','경기도','성남시 분당구'),(1607,85,4113510600,'이매동','경기도','성남시 분당구'),(1608,85,4113510700,'야탑동','경기도','성남시 분당구'),(1609,85,4113510800,'판교동','경기도','성남시 분당구'),(1610,85,4113510900,'삼평동','경기도','성남시 분당구'),(1611,85,4113511000,'백현동','경기도','성남시 분당구'),(1612,85,4113511100,'금곡동','경기도','성남시 분당구'),(1613,85,4113511200,'궁내동','경기도','성남시 분당구'),(1614,85,4113511300,'동원동','경기도','성남시 분당구'),(1615,85,4113511400,'구미동','경기도','성남시 분당구'),(1616,85,4113511500,'운중동','경기도','성남시 분당구'),(1617,85,4113511600,'대장동','경기도','성남시 분당구'),(1618,85,4113511700,'석운동','경기도','성남시 분당구'),(1619,85,4113511800,'하산운동','경기도','성남시 분당구'),(1620,86,4115010100,'의정부동','경기도','의정부시'),(1621,86,4115010200,'호원동','경기도','의정부시'),(1622,86,4115010300,'장암동','경기도','의정부시'),(1623,86,4115010400,'신곡동','경기도','의정부시'),(1624,86,4115010500,'용현동','경기도','의정부시'),(1625,86,4115010600,'민락동','경기도','의정부시'),(1626,86,4115010700,'낙양동','경기도','의정부시'),(1627,86,4115010800,'자일동','경기도','의정부시'),(1628,86,4115010900,'금오동','경기도','의정부시'),(1629,86,4115011000,'가능동','경기도','의정부시'),(1630,86,4115011100,'녹양동','경기도','의정부시'),(1631,86,4115011200,'고산동','경기도','의정부시'),(1632,86,4115011300,'산곡동','경기도','의정부시'),(1633,88,4117110100,'안양동','경기도','안양시 만안구'),(1634,88,4117110200,'석수동','경기도','안양시 만안구'),(1635,88,4117110300,'박달동','경기도','안양시 만안구'),(1636,89,4117310100,'비산동','경기도','안양시 동안구'),(1637,89,4117310200,'관양동','경기도','안양시 동안구'),(1638,89,4117310300,'평촌동','경기도','안양시 동안구'),(1639,89,4117310400,'호계동','경기도','안양시 동안구'),(1640,90,4119010100,'원미동','경기도','부천시'),(1641,90,4119010200,'심곡동','경기도','부천시'),(1642,90,4119010300,'춘의동','경기도','부천시'),(1643,90,4119010400,'도당동','경기도','부천시'),(1644,90,4119010500,'약대동','경기도','부천시'),(1645,90,4119010600,'소사동','경기도','부천시'),(1646,90,4119010700,'역곡동','경기도','부천시'),(1647,90,4119010800,'중동','경기도','부천시'),(1648,90,4119010900,'상동','경기도','부천시'),(1649,90,4119011000,'소사본동','경기도','부천시'),(1650,90,4119011100,'심곡본동','경기도','부천시'),(1651,90,4119011200,'범박동','경기도','부천시'),(1652,90,4119011300,'괴안동','경기도','부천시'),(1653,90,4119011400,'송내동','경기도','부천시'),(1654,90,4119011500,'옥길동','경기도','부천시'),(1655,90,4119011600,'계수동','경기도','부천시'),(1656,90,4119011700,'오정동','경기도','부천시'),(1657,90,4119011800,'여월동','경기도','부천시'),(1658,90,4119011900,'작동','경기도','부천시'),(1659,90,4119012000,'원종동','경기도','부천시'),(1660,90,4119012100,'고강동','경기도','부천시'),(1661,90,4119012200,'대장동','경기도','부천시'),(1662,90,4119012300,'삼정동','경기도','부천시'),(1663,90,4119012400,'내동','경기도','부천시'),(1664,91,4121010100,'광명동','경기도','광명시'),(1665,91,4121010200,'철산동','경기도','광명시'),(1666,91,4121010300,'하안동','경기도','광명시'),(1667,91,4121010400,'소하동','경기도','광명시'),(1668,91,4121010500,'노온사동','경기도','광명시'),(1669,91,4121010600,'일직동','경기도','광명시'),(1670,91,4121010700,'가학동','경기도','광명시'),(1671,91,4121010800,'옥길동','경기도','광명시'),(1672,92,4122010100,'서정동','경기도','평택시'),(1673,92,4122010200,'장당동','경기도','평택시'),(1674,92,4122010300,'모곡동','경기도','평택시'),(1675,92,4122010400,'칠괴동','경기도','평택시'),(1676,92,4122010500,'칠원동','경기도','평택시'),(1677,92,4122010600,'도일동','경기도','평택시'),(1678,92,4122010700,'가재동','경기도','평택시'),(1679,92,4122010800,'장안동','경기도','평택시'),(1680,92,4122010900,'이충동','경기도','평택시'),(1681,92,4122011000,'지산동','경기도','평택시'),(1682,92,4122011100,'독곡동','경기도','평택시'),(1683,92,4122011200,'신장동','경기도','평택시'),(1684,92,4122011300,'평택동','경기도','평택시'),(1685,92,4122011400,'통복동','경기도','평택시'),(1686,92,4122011500,'군문동','경기도','평택시'),(1687,92,4122011600,'유천동','경기도','평택시'),(1688,92,4122011700,'합정동','경기도','평택시'),(1689,92,4122011800,'비전동','경기도','평택시'),(1690,92,4122011900,'동삭동','경기도','평택시'),(1691,92,4122012000,'세교동','경기도','평택시'),(1692,92,4122012100,'지제동','경기도','평택시'),(1693,92,4122012200,'신대동','경기도','평택시'),(1694,92,4122012300,'소사동','경기도','평택시'),(1695,92,4122012400,'용이동','경기도','평택시'),(1696,92,4122012500,'월곡동','경기도','평택시'),(1697,92,4122012600,'청룡동','경기도','평택시'),(1698,92,4122012700,'죽백동','경기도','평택시'),(1699,92,4122025000,'팽성읍','경기도','평택시'),(1700,92,4122025300,'안중읍','경기도','평택시'),(1701,92,4122025600,'포승읍','경기도','평택시'),(1702,92,4122025900,'청북읍','경기도','평택시'),(1703,92,4122031000,'진위면','경기도','평택시'),(1704,92,4122032000,'서탄면','경기도','평택시'),(1705,92,4122033000,'고덕면','경기도','평택시'),(1706,92,4122034000,'오성면','경기도','평택시'),(1707,92,4122037000,'현덕면','경기도','평택시'),(1708,93,4125010100,'송내동','경기도','동두천시'),(1709,93,4125010200,'지행동','경기도','동두천시'),(1710,93,4125010300,'생연동','경기도','동두천시'),(1711,93,4125010400,'광암동','경기도','동두천시'),(1712,93,4125010500,'걸산동','경기도','동두천시'),(1713,93,4125010600,'보산동','경기도','동두천시'),(1714,93,4125010700,'동두천동','경기도','동두천시'),(1715,93,4125010800,'안흥동','경기도','동두천시'),(1716,93,4125010900,'상봉암동','경기도','동두천시'),(1717,93,4125011000,'하봉암동','경기도','동두천시'),(1718,93,4125011100,'탑동동','경기도','동두천시'),(1719,93,4125011200,'상패동','경기도','동두천시'),(1720,95,4127110100,'일동','경기도','안산시 상록구'),(1721,95,4127110200,'이동','경기도','안산시 상록구'),(1722,95,4127110300,'사동','경기도','안산시 상록구'),(1723,95,4127110400,'본오동','경기도','안산시 상록구'),(1724,95,4127110500,'팔곡이동','경기도','안산시 상록구'),(1725,95,4127110600,'양상동','경기도','안산시 상록구'),(1726,95,4127110700,'부곡동','경기도','안산시 상록구'),(1727,95,4127110800,'성포동','경기도','안산시 상록구'),(1728,95,4127110900,'월피동','경기도','안산시 상록구'),(1729,95,4127111000,'팔곡일동','경기도','안산시 상록구'),(1730,95,4127111100,'건건동','경기도','안산시 상록구'),(1731,95,4127111200,'사사동','경기도','안산시 상록구'),(1732,95,4127111300,'수암동','경기도','안산시 상록구'),(1733,95,4127111400,'장상동','경기도','안산시 상록구'),(1734,95,4127111500,'장하동','경기도','안산시 상록구'),(1735,96,4127310100,'고잔동','경기도','안산시 단원구'),(1736,96,4127310200,'와동','경기도','안산시 단원구'),(1737,96,4127310300,'신길동','경기도','안산시 단원구'),(1738,96,4127310400,'성곡동','경기도','안산시 단원구'),(1739,96,4127310500,'원시동','경기도','안산시 단원구'),(1740,96,4127310600,'목내동','경기도','안산시 단원구'),(1741,96,4127310700,'초지동','경기도','안산시 단원구'),(1742,96,4127310800,'원곡동','경기도','안산시 단원구'),(1743,96,4127310900,'선부동','경기도','안산시 단원구'),(1744,96,4127311000,'대부동동','경기도','안산시 단원구'),(1745,96,4127311100,'대부북동','경기도','안산시 단원구'),(1746,96,4127311200,'대부남동','경기도','안산시 단원구'),(1747,96,4127311300,'선감동','경기도','안산시 단원구'),(1748,96,4127311400,'풍도동','경기도','안산시 단원구'),(1749,96,4127311500,'화정동','경기도','안산시 단원구'),(1750,98,4128110100,'주교동','경기도','고양시 덕양구'),(1751,98,4128110200,'원당동','경기도','고양시 덕양구'),(1752,98,4128110300,'신원동','경기도','고양시 덕양구'),(1753,98,4128110400,'원흥동','경기도','고양시 덕양구'),(1754,98,4128110500,'도내동','경기도','고양시 덕양구'),(1755,98,4128110600,'성사동','경기도','고양시 덕양구'),(1756,98,4128110700,'북한동','경기도','고양시 덕양구'),(1757,98,4128110800,'효자동','경기도','고양시 덕양구'),(1758,98,4128110900,'지축동','경기도','고양시 덕양구'),(1759,98,4128111000,'오금동','경기도','고양시 덕양구'),(1760,98,4128111100,'삼송동','경기도','고양시 덕양구'),(1761,98,4128111200,'동산동','경기도','고양시 덕양구'),(1762,98,4128111300,'용두동','경기도','고양시 덕양구'),(1763,98,4128111400,'벽제동','경기도','고양시 덕양구'),(1764,98,4128111500,'선유동','경기도','고양시 덕양구'),(1765,98,4128111600,'고양동','경기도','고양시 덕양구'),(1766,98,4128111700,'대자동','경기도','고양시 덕양구'),(1767,98,4128111800,'관산동','경기도','고양시 덕양구'),(1768,98,4128111900,'내유동','경기도','고양시 덕양구'),(1769,98,4128112000,'토당동','경기도','고양시 덕양구'),(1770,98,4128112100,'내곡동','경기도','고양시 덕양구'),(1771,98,4128112200,'대장동','경기도','고양시 덕양구'),(1772,98,4128112300,'화정동','경기도','고양시 덕양구'),(1773,98,4128112400,'강매동','경기도','고양시 덕양구'),(1774,98,4128112500,'행주내동','경기도','고양시 덕양구'),(1775,98,4128112600,'행주외동','경기도','고양시 덕양구'),(1776,98,4128112700,'신평동','경기도','고양시 덕양구'),(1777,98,4128112800,'행신동','경기도','고양시 덕양구'),(1778,98,4128112900,'화전동','경기도','고양시 덕양구'),(1779,98,4128113000,'현천동','경기도','고양시 덕양구'),(1780,98,4128113100,'덕은동','경기도','고양시 덕양구'),(1781,98,4128113200,'향동동','경기도','고양시 덕양구'),(1782,99,4128510100,'식사동','경기도','고양시 일산동구'),(1783,99,4128510200,'중산동','경기도','고양시 일산동구'),(1784,99,4128510300,'정발산동','경기도','고양시 일산동구'),(1785,99,4128510400,'장항동','경기도','고양시 일산동구'),(1786,99,4128510500,'마두동','경기도','고양시 일산동구'),(1787,99,4128510600,'백석동','경기도','고양시 일산동구'),(1788,99,4128510700,'풍동','경기도','고양시 일산동구'),(1789,99,4128510800,'산황동','경기도','고양시 일산동구'),(1790,99,4128510900,'사리현동','경기도','고양시 일산동구'),(1791,99,4128511000,'지영동','경기도','고양시 일산동구'),(1792,99,4128511100,'설문동','경기도','고양시 일산동구'),(1793,99,4128511200,'문봉동','경기도','고양시 일산동구'),(1794,99,4128511300,'성석동','경기도','고양시 일산동구'),(1795,100,4128710100,'일산동','경기도','고양시 일산서구'),(1796,100,4128710200,'주엽동','경기도','고양시 일산서구'),(1797,100,4128710300,'탄현동','경기도','고양시 일산서구'),(1798,100,4128710400,'대화동','경기도','고양시 일산서구'),(1799,100,4128710500,'덕이동','경기도','고양시 일산서구'),(1800,100,4128710600,'가좌동','경기도','고양시 일산서구'),(1801,100,4128710700,'구산동','경기도','고양시 일산서구'),(1802,100,4128710800,'법곳동','경기도','고양시 일산서구'),(1803,101,4129010100,'관문동','경기도','과천시'),(1804,101,4129010200,'문원동','경기도','과천시'),(1805,101,4129010300,'갈현동','경기도','과천시'),(1806,101,4129010400,'막계동','경기도','과천시'),(1807,101,4129010500,'과천동','경기도','과천시'),(1808,101,4129010600,'주암동','경기도','과천시'),(1809,101,4129010700,'중앙동','경기도','과천시'),(1810,101,4129010800,'원문동','경기도','과천시'),(1811,101,4129010900,'별양동','경기도','과천시'),(1812,101,4129011000,'부림동','경기도','과천시'),(1813,102,4131010100,'갈매동','경기도','구리시'),(1814,102,4131010200,'사노동','경기도','구리시'),(1815,102,4131010300,'인창동','경기도','구리시'),(1816,102,4131010400,'교문동','경기도','구리시'),(1817,102,4131010500,'수택동','경기도','구리시'),(1818,102,4131010600,'아천동','경기도','구리시'),(1819,102,4131010700,'토평동','경기도','구리시'),(1820,103,4136010100,'호평동','경기도','남양주시'),(1821,103,4136010200,'평내동','경기도','남양주시'),(1822,103,4136010300,'금곡동','경기도','남양주시'),(1823,103,4136010400,'일패동','경기도','남양주시'),(1824,103,4136010500,'이패동','경기도','남양주시'),(1825,103,4136010600,'삼패동','경기도','남양주시'),(1826,103,4136010800,'수석동','경기도','남양주시'),(1827,103,4136010900,'지금동','경기도','남양주시'),(1828,103,4136011000,'도농동','경기도','남양주시'),(1829,103,4136011100,'별내동','경기도','남양주시'),(1830,103,4136011200,'다산동','경기도','남양주시'),(1831,103,4136025000,'와부읍','경기도','남양주시'),(1832,103,4136025300,'진접읍','경기도','남양주시'),(1833,103,4136025600,'화도읍','경기도','남양주시'),(1834,103,4136025900,'진건읍','경기도','남양주시'),(1835,103,4136026200,'오남읍','경기도','남양주시'),(1836,103,4136026500,'퇴계원읍','경기도','남양주시'),(1837,103,4136031000,'별내면','경기도','남양주시'),(1838,103,4136034000,'수동면','경기도','남양주시'),(1839,103,4136036000,'조안면','경기도','남양주시'),(1840,104,4137010100,'오산동','경기도','오산시'),(1841,104,4137010200,'부산동','경기도','오산시'),(1842,104,4137010300,'원동','경기도','오산시'),(1843,104,4137010400,'궐동','경기도','오산시'),(1844,104,4137010500,'청학동','경기도','오산시'),(1845,104,4137010600,'가장동','경기도','오산시'),(1846,104,4137010700,'금암동','경기도','오산시'),(1847,104,4137010800,'수청동','경기도','오산시'),(1848,104,4137010900,'은계동','경기도','오산시'),(1849,104,4137011000,'내삼미동','경기도','오산시'),(1850,104,4137011100,'외삼미동','경기도','오산시'),(1851,104,4137011200,'양산동','경기도','오산시'),(1852,104,4137011300,'세교동','경기도','오산시'),(1853,104,4137011400,'지곶동','경기도','오산시'),(1854,104,4137011500,'서랑동','경기도','오산시'),(1855,104,4137011600,'서동','경기도','오산시'),(1856,104,4137011700,'벌음동','경기도','오산시'),(1857,104,4137011800,'두곡동','경기도','오산시'),(1858,104,4137011900,'탑동','경기도','오산시'),(1859,104,4137012000,'누읍동','경기도','오산시'),(1860,104,4137012100,'가수동','경기도','오산시'),(1861,104,4137012200,'고현동','경기도','오산시'),(1862,104,4137012300,'청호동','경기도','오산시'),(1863,104,4137012400,'갈곶동','경기도','오산시'),(1864,105,4139010100,'대야동','경기도','시흥시'),(1865,105,4139010200,'신천동','경기도','시흥시'),(1866,105,4139010300,'방산동','경기도','시흥시'),(1867,105,4139010400,'포동','경기도','시흥시'),(1868,105,4139010500,'미산동','경기도','시흥시'),(1869,105,4139010600,'은행동','경기도','시흥시'),(1870,105,4139010700,'안현동','경기도','시흥시'),(1871,105,4139010800,'매화동','경기도','시흥시'),(1872,105,4139010900,'도창동','경기도','시흥시'),(1873,105,4139011000,'금이동','경기도','시흥시'),(1874,105,4139011200,'과림동','경기도','시흥시'),(1875,105,4139011300,'계수동','경기도','시흥시'),(1876,105,4139011700,'화정동','경기도','시흥시'),(1877,105,4139011800,'능곡동','경기도','시흥시'),(1878,105,4139011900,'하중동','경기도','시흥시'),(1879,105,4139012000,'하상동','경기도','시흥시'),(1880,105,4139012100,'광석동','경기도','시흥시'),(1881,105,4139012200,'물왕동','경기도','시흥시'),(1882,105,4139012300,'산현동','경기도','시흥시'),(1883,105,4139012400,'조남동','경기도','시흥시'),(1884,105,4139012500,'논곡동','경기도','시흥시'),(1885,105,4139012600,'목감동','경기도','시흥시'),(1886,105,4139012700,'거모동','경기도','시흥시'),(1887,105,4139012800,'군자동','경기도','시흥시'),(1888,105,4139012900,'장현동','경기도','시흥시'),(1889,105,4139013000,'장곡동','경기도','시흥시'),(1890,105,4139013100,'월곶동','경기도','시흥시'),(1891,105,4139013200,'정왕동','경기도','시흥시'),(1892,105,4139013300,'죽율동','경기도','시흥시'),(1893,105,4139013400,'무지내동','경기도','시흥시'),(1894,106,4141010100,'당동','경기도','군포시'),(1895,106,4141010200,'당정동','경기도','군포시'),(1896,106,4141010300,'부곡동','경기도','군포시'),(1897,106,4141010400,'산본동','경기도','군포시'),(1898,106,4141010500,'금정동','경기도','군포시'),(1899,106,4141010600,'둔대동','경기도','군포시'),(1900,106,4141010700,'속달동','경기도','군포시'),(1901,106,4141010800,'대야미동','경기도','군포시'),(1902,106,4141010900,'도마교동','경기도','군포시'),(1903,107,4143010100,'고천동','경기도','의왕시'),(1904,107,4143010200,'이동','경기도','의왕시'),(1905,107,4143010300,'삼동','경기도','의왕시'),(1906,107,4143010400,'왕곡동','경기도','의왕시'),(1907,107,4143010500,'오전동','경기도','의왕시'),(1908,107,4143010600,'학의동','경기도','의왕시'),(1909,107,4143010700,'내손동','경기도','의왕시'),(1910,107,4143010800,'청계동','경기도','의왕시'),(1911,107,4143010900,'포일동','경기도','의왕시'),(1912,107,4143011000,'월암동','경기도','의왕시'),(1913,107,4143011100,'초평동','경기도','의왕시'),(1914,108,4145010100,'천현동','경기도','하남시'),(1915,108,4145010200,'하산곡동','경기도','하남시'),(1916,108,4145010300,'창우동','경기도','하남시'),(1917,108,4145010400,'배알미동','경기도','하남시'),(1918,108,4145010500,'상산곡동','경기도','하남시'),(1919,108,4145010600,'신장동','경기도','하남시'),(1920,108,4145010700,'당정동','경기도','하남시'),(1921,108,4145010800,'덕풍동','경기도','하남시'),(1922,108,4145010900,'망월동','경기도','하남시'),(1923,108,4145011000,'풍산동','경기도','하남시'),(1924,108,4145011100,'미사동','경기도','하남시'),(1925,108,4145011200,'선동','경기도','하남시'),(1926,108,4145011300,'감북동','경기도','하남시'),(1927,108,4145011400,'감일동','경기도','하남시'),(1928,108,4145011500,'감이동','경기도','하남시'),(1929,108,4145011600,'학암동','경기도','하남시'),(1930,108,4145011700,'교산동','경기도','하남시'),(1931,108,4145011800,'춘궁동','경기도','하남시'),(1932,108,4145011900,'하사창동','경기도','하남시'),(1933,108,4145012000,'상사창동','경기도','하남시'),(1934,108,4145012100,'항동','경기도','하남시'),(1935,108,4145012200,'초일동','경기도','하남시'),(1936,108,4145012300,'초이동','경기도','하남시'),(1937,108,4145012400,'광암동','경기도','하남시'),(1938,110,4146110100,'김량장동','경기도','용인시 처인구'),(1939,110,4146110200,'역북동','경기도','용인시 처인구'),(1940,110,4146110300,'삼가동','경기도','용인시 처인구'),(1941,110,4146110400,'남동','경기도','용인시 처인구'),(1942,110,4146110500,'유방동','경기도','용인시 처인구'),(1943,110,4146110600,'고림동','경기도','용인시 처인구'),(1944,110,4146110700,'마평동','경기도','용인시 처인구'),(1945,110,4146110800,'운학동','경기도','용인시 처인구'),(1946,110,4146110900,'호동','경기도','용인시 처인구'),(1947,110,4146111000,'해곡동','경기도','용인시 처인구'),(1948,110,4146125000,'포곡읍','경기도','용인시 처인구'),(1949,110,4146125300,'모현읍','경기도','용인시 처인구'),(1950,110,4146125600,'이동읍','경기도','용인시 처인구'),(1951,110,4146125900,'남사읍','경기도','용인시 처인구'),(1952,110,4146134000,'원삼면','경기도','용인시 처인구'),(1953,110,4146135000,'백암면','경기도','용인시 처인구'),(1954,110,4146136000,'양지면','경기도','용인시 처인구'),(1955,111,4146310100,'신갈동','경기도','용인시 기흥구'),(1956,111,4146310200,'구갈동','경기도','용인시 기흥구'),(1957,111,4146310300,'상갈동','경기도','용인시 기흥구'),(1958,111,4146310400,'하갈동','경기도','용인시 기흥구'),(1959,111,4146310500,'보라동','경기도','용인시 기흥구'),(1960,111,4146310600,'지곡동','경기도','용인시 기흥구'),(1961,111,4146310700,'공세동','경기도','용인시 기흥구'),(1962,111,4146310800,'고매동','경기도','용인시 기흥구'),(1963,111,4146310900,'농서동','경기도','용인시 기흥구'),(1964,111,4146311000,'서천동','경기도','용인시 기흥구'),(1965,111,4146311100,'영덕동','경기도','용인시 기흥구'),(1966,111,4146311200,'언남동','경기도','용인시 기흥구'),(1967,111,4146311300,'마북동','경기도','용인시 기흥구'),(1968,111,4146311400,'청덕동','경기도','용인시 기흥구'),(1969,111,4146311500,'동백동','경기도','용인시 기흥구'),(1970,111,4146311600,'중동','경기도','용인시 기흥구'),(1971,111,4146311700,'상하동','경기도','용인시 기흥구'),(1972,111,4146311800,'보정동','경기도','용인시 기흥구'),(1973,112,4146510100,'풍덕천동','경기도','용인시 수지구'),(1974,112,4146510200,'죽전동','경기도','용인시 수지구'),(1975,112,4146510300,'동천동','경기도','용인시 수지구'),(1976,112,4146510400,'고기동','경기도','용인시 수지구'),(1977,112,4146510500,'신봉동','경기도','용인시 수지구'),(1978,112,4146510600,'성복동','경기도','용인시 수지구'),(1979,112,4146510700,'상현동','경기도','용인시 수지구'),(1980,113,4148010100,'금촌동','경기도','파주시'),(1981,113,4148010200,'아동동','경기도','파주시'),(1982,113,4148010400,'야동동','경기도','파주시'),(1983,113,4148010500,'검산동','경기도','파주시'),(1984,113,4148010600,'맥금동','경기도','파주시'),(1985,113,4148010700,'교하동','경기도','파주시'),(1986,113,4148010800,'야당동','경기도','파주시'),(1987,113,4148010900,'다율동','경기도','파주시'),(1988,113,4148011000,'오도동','경기도','파주시'),(1989,113,4148011100,'상지석동','경기도','파주시'),(1990,113,4148011200,'산남동','경기도','파주시'),(1991,113,4148011300,'동패동','경기도','파주시'),(1992,113,4148011400,'당하동','경기도','파주시'),(1993,113,4148011500,'문발동','경기도','파주시'),(1994,113,4148011600,'송촌동','경기도','파주시'),(1995,113,4148011700,'목동동','경기도','파주시'),(1996,113,4148011800,'하지석동','경기도','파주시'),(1997,113,4148011900,'서패동','경기도','파주시'),(1998,113,4148012000,'신촌동','경기도','파주시'),(1999,113,4148012100,'연다산동','경기도','파주시'),(2000,113,4148012200,'와동동','경기도','파주시'),(2001,113,4148012300,'금릉동','경기도','파주시'),(2002,113,4148025000,'문산읍','경기도','파주시'),(2003,113,4148025300,'파주읍','경기도','파주시'),(2004,113,4148025600,'법원읍','경기도','파주시'),(2005,113,4148025900,'교하읍','경기도','파주시'),(2006,113,4148026200,'조리읍','경기도','파주시'),(2007,113,4148031000,'월롱면','경기도','파주시'),(2008,113,4148032000,'탄현면','경기도','파주시'),(2009,113,4148035000,'광탄면','경기도','파주시'),(2010,113,4148036000,'파평면','경기도','파주시'),(2011,113,4148037000,'적성면','경기도','파주시'),(2012,113,4148038000,'군내면','경기도','파주시'),(2013,113,4148039000,'장단면','경기도','파주시'),(2014,113,4148040000,'진동면','경기도','파주시'),(2015,113,4148041000,'진서면','경기도','파주시'),(2016,114,4150010100,'창전동','경기도','이천시'),(2017,114,4150010200,'관고동','경기도','이천시'),(2018,114,4150010300,'중리동','경기도','이천시'),(2019,114,4150010400,'증일동','경기도','이천시'),(2020,114,4150010500,'율현동','경기도','이천시'),(2021,114,4150010600,'진리동','경기도','이천시'),(2022,114,4150010700,'안흥동','경기도','이천시'),(2023,114,4150010800,'갈산동','경기도','이천시'),(2024,114,4150010900,'증포동','경기도','이천시'),(2025,114,4150011000,'송정동','경기도','이천시'),(2026,114,4150011100,'사음동','경기도','이천시'),(2027,114,4150011200,'단월동','경기도','이천시'),(2028,114,4150011300,'대포동','경기도','이천시'),(2029,114,4150011400,'고담동','경기도','이천시'),(2030,114,4150011500,'장록동','경기도','이천시'),(2031,114,4150025000,'장호원읍','경기도','이천시'),(2032,114,4150025300,'부발읍','경기도','이천시'),(2033,114,4150031000,'신둔면','경기도','이천시'),(2034,114,4150032000,'백사면','경기도','이천시'),(2035,114,4150033000,'호법면','경기도','이천시'),(2036,114,4150034000,'마장면','경기도','이천시'),(2037,114,4150035000,'대월면','경기도','이천시'),(2038,114,4150036000,'모가면','경기도','이천시'),(2039,114,4150037000,'설성면','경기도','이천시'),(2040,114,4150038000,'율면','경기도','이천시'),(2041,115,4155010100,'봉산동','경기도','안성시'),(2042,115,4155010200,'숭인동','경기도','안성시'),(2043,115,4155010300,'영동','경기도','안성시'),(2044,115,4155010400,'봉남동','경기도','안성시'),(2045,115,4155010500,'구포동','경기도','안성시'),(2046,115,4155010600,'동본동','경기도','안성시'),(2047,115,4155010700,'명륜동','경기도','안성시'),(2048,115,4155010800,'옥천동','경기도','안성시'),(2049,115,4155010900,'낙원동','경기도','안성시'),(2050,115,4155011000,'창전동','경기도','안성시'),(2051,115,4155011100,'성남동','경기도','안성시'),(2052,115,4155011200,'신흥동','경기도','안성시'),(2053,115,4155011300,'인지동','경기도','안성시'),(2054,115,4155011400,'금산동','경기도','안성시'),(2055,115,4155011500,'연지동','경기도','안성시'),(2056,115,4155011600,'대천동','경기도','안성시'),(2057,115,4155011700,'서인동','경기도','안성시'),(2058,115,4155011800,'석정동','경기도','안성시'),(2059,115,4155011900,'아양동','경기도','안성시'),(2060,115,4155012000,'금석동','경기도','안성시'),(2061,115,4155012100,'계동','경기도','안성시'),(2062,115,4155012200,'옥산동','경기도','안성시'),(2063,115,4155012300,'사곡동','경기도','안성시'),(2064,115,4155012400,'도기동','경기도','안성시'),(2065,115,4155012500,'당왕동','경기도','안성시'),(2066,115,4155012600,'가사동','경기도','안성시'),(2067,115,4155012700,'가현동','경기도','안성시'),(2068,115,4155012800,'신건지동','경기도','안성시'),(2069,115,4155012900,'신소현동','경기도','안성시'),(2070,115,4155013000,'신모산동','경기도','안성시'),(2071,115,4155013100,'현수동','경기도','안성시'),(2072,115,4155013200,'발화동','경기도','안성시'),(2073,115,4155013300,'중리동','경기도','안성시'),(2074,115,4155025000,'공도읍','경기도','안성시'),(2075,115,4155031000,'보개면','경기도','안성시'),(2076,115,4155032000,'금광면','경기도','안성시'),(2077,115,4155033000,'서운면','경기도','안성시'),(2078,115,4155034000,'미양면','경기도','안성시'),(2079,115,4155035000,'대덕면','경기도','안성시'),(2080,115,4155036000,'양성면','경기도','안성시'),(2081,115,4155038000,'원곡면','경기도','안성시'),(2082,115,4155039000,'일죽면','경기도','안성시'),(2083,115,4155040000,'죽산면','경기도','안성시'),(2084,115,4155041000,'삼죽면','경기도','안성시'),(2085,115,4155042000,'고삼면','경기도','안성시'),(2086,116,4157010100,'북변동','경기도','김포시'),(2087,116,4157010200,'걸포동','경기도','김포시'),(2088,116,4157010300,'운양동','경기도','김포시'),(2089,116,4157010400,'장기동','경기도','김포시'),(2090,116,4157010500,'감정동','경기도','김포시'),(2091,116,4157010600,'사우동','경기도','김포시'),(2092,116,4157010700,'풍무동','경기도','김포시'),(2093,116,4157010800,'마산동','경기도','김포시'),(2094,116,4157010900,'구래동','경기도','김포시'),(2095,116,4157025000,'통진읍','경기도','김포시'),(2096,116,4157025300,'고촌읍','경기도','김포시'),(2097,116,4157025600,'양촌읍','경기도','김포시'),(2098,116,4157034000,'대곶면','경기도','김포시'),(2099,116,4157035000,'월곶면','경기도','김포시'),(2100,116,4157036000,'하성면','경기도','김포시'),(2101,117,4159011600,'진안동','경기도','화성시'),(2102,117,4159011700,'병점동','경기도','화성시'),(2103,117,4159011800,'능동','경기도','화성시'),(2104,117,4159011900,'기산동','경기도','화성시'),(2105,117,4159012000,'반월동','경기도','화성시'),(2106,117,4159012100,'반정동','경기도','화성시'),(2107,117,4159012200,'황계동','경기도','화성시'),(2108,117,4159012300,'배양동','경기도','화성시'),(2109,117,4159012400,'기안동','경기도','화성시'),(2110,117,4159012500,'송산동','경기도','화성시'),(2111,117,4159012600,'안녕동','경기도','화성시'),(2112,117,4159012700,'반송동','경기도','화성시'),(2113,117,4159012800,'석우동','경기도','화성시'),(2114,117,4159012900,'오산동','경기도','화성시'),(2115,117,4159013000,'청계동','경기도','화성시'),(2116,117,4159013100,'영천동','경기도','화성시'),(2117,117,4159013200,'중동','경기도','화성시'),(2118,117,4159013300,'신동','경기도','화성시'),(2119,117,4159013400,'목동','경기도','화성시'),(2120,117,4159013500,'산척동','경기도','화성시'),(2121,117,4159013600,'장지동','경기도','화성시'),(2122,117,4159013700,'송동','경기도','화성시'),(2123,117,4159013800,'방교동','경기도','화성시'),(2124,117,4159013900,'금곡동','경기도','화성시'),(2125,117,4159014000,'새솔동','경기도','화성시'),(2126,117,4159025300,'봉담읍','경기도','화성시'),(2127,117,4159025600,'우정읍','경기도','화성시'),(2128,117,4159025900,'향남읍','경기도','화성시'),(2129,117,4159026200,'남양읍','경기도','화성시'),(2130,117,4159031000,'매송면','경기도','화성시'),(2131,117,4159032000,'비봉면','경기도','화성시'),(2132,117,4159033000,'마도면','경기도','화성시'),(2133,117,4159034000,'송산면','경기도','화성시'),(2134,117,4159035000,'서신면','경기도','화성시'),(2135,117,4159036000,'팔탄면','경기도','화성시'),(2136,117,4159037000,'장안면','경기도','화성시'),(2137,117,4159040000,'양감면','경기도','화성시'),(2138,117,4159041000,'정남면','경기도','화성시'),(2139,118,4161010100,'경안동','경기도','광주시'),(2140,118,4161010200,'쌍령동','경기도','광주시'),(2141,118,4161010300,'송정동','경기도','광주시'),(2142,118,4161010400,'회덕동','경기도','광주시'),(2143,118,4161010500,'탄벌동','경기도','광주시'),(2144,118,4161010600,'목현동','경기도','광주시'),(2145,118,4161010700,'삼동','경기도','광주시'),(2146,118,4161010800,'중대동','경기도','광주시'),(2147,118,4161010900,'직동','경기도','광주시'),(2148,118,4161011000,'태전동','경기도','광주시'),(2149,118,4161011100,'장지동','경기도','광주시'),(2150,118,4161011200,'역동','경기도','광주시'),(2151,118,4161011300,'목동','경기도','광주시'),(2152,118,4161011400,'고산동','경기도','광주시'),(2153,118,4161011500,'신현동','경기도','광주시'),(2154,118,4161011600,'능평동','경기도','광주시'),(2155,118,4161011700,'문형동','경기도','광주시'),(2156,118,4161011800,'추자동','경기도','광주시'),(2157,118,4161011900,'매산동','경기도','광주시'),(2158,118,4161012000,'양벌동','경기도','광주시'),(2159,118,4161025300,'초월읍','경기도','광주시'),(2160,118,4161025900,'곤지암읍','경기도','광주시'),(2161,118,4161033000,'도척면','경기도','광주시'),(2162,118,4161034000,'퇴촌면','경기도','광주시'),(2163,118,4161035000,'남종면','경기도','광주시'),(2164,118,4161037000,'남한산성면','경기도','광주시'),(2165,119,4163010100,'유양동','경기도','양주시'),(2166,119,4163010200,'어둔동','경기도','양주시'),(2167,119,4163010300,'남방동','경기도','양주시'),(2168,119,4163010400,'마전동','경기도','양주시'),(2169,119,4163010500,'산북동','경기도','양주시'),(2170,119,4163010600,'광사동','경기도','양주시'),(2171,119,4163010700,'만송동','경기도','양주시'),(2172,119,4163010800,'삼숭동','경기도','양주시'),(2173,119,4163010900,'고읍동','경기도','양주시'),(2174,119,4163011000,'덕정동','경기도','양주시'),(2175,119,4163011100,'봉양동','경기도','양주시'),(2176,119,4163011200,'회암동','경기도','양주시'),(2177,119,4163011300,'율정동','경기도','양주시'),(2178,119,4163011400,'옥정동','경기도','양주시'),(2179,119,4163011500,'고암동','경기도','양주시'),(2180,119,4163011600,'덕계동','경기도','양주시'),(2181,119,4163011700,'회정동','경기도','양주시'),(2182,119,4163025000,'백석읍','경기도','양주시'),(2183,119,4163031000,'은현면','경기도','양주시'),(2184,119,4163032000,'남면','경기도','양주시'),(2185,119,4163033000,'광적면','경기도','양주시'),(2186,119,4163034000,'장흥면','경기도','양주시'),(2187,120,4165010100,'신읍동','경기도','포천시'),(2188,120,4165010200,'어룡동','경기도','포천시'),(2189,120,4165010300,'자작동','경기도','포천시'),(2190,120,4165010400,'선단동','경기도','포천시'),(2191,120,4165010500,'설운동','경기도','포천시'),(2192,120,4165010600,'동교동','경기도','포천시'),(2193,120,4165025000,'소흘읍','경기도','포천시'),(2194,120,4165031000,'군내면','경기도','포천시'),(2195,120,4165032000,'내촌면','경기도','포천시'),(2196,120,4165033000,'가산면','경기도','포천시'),(2197,120,4165034000,'신북면','경기도','포천시'),(2198,120,4165035000,'창수면','경기도','포천시'),(2199,120,4165036000,'영중면','경기도','포천시'),(2200,120,4165037000,'일동면','경기도','포천시'),(2201,120,4165038000,'이동면','경기도','포천시'),(2202,120,4165039000,'영북면','경기도','포천시'),(2203,120,4165040000,'관인면','경기도','포천시'),(2204,120,4165041000,'화현면','경기도','포천시'),(2205,121,4167010100,'상동','경기도','여주시'),(2206,121,4167010200,'홍문동','경기도','여주시'),(2207,121,4167010300,'창동','경기도','여주시'),(2208,121,4167010400,'우만동','경기도','여주시'),(2209,121,4167010500,'단현동','경기도','여주시'),(2210,121,4167010600,'신진동','경기도','여주시'),(2211,121,4167010700,'하동','경기도','여주시'),(2212,121,4167010800,'교동','경기도','여주시'),(2213,121,4167010900,'월송동','경기도','여주시'),(2214,121,4167011000,'가업동','경기도','여주시'),(2215,121,4167011100,'연라동','경기도','여주시'),(2216,121,4167011200,'상거동','경기도','여주시'),(2217,121,4167011300,'하거동','경기도','여주시'),(2218,121,4167011400,'삼교동','경기도','여주시'),(2219,121,4167011500,'점봉동','경기도','여주시'),(2220,121,4167011600,'능현동','경기도','여주시'),(2221,121,4167011700,'멱곡동','경기도','여주시'),(2222,121,4167011800,'연양동','경기도','여주시'),(2223,121,4167011900,'매룡동','경기도','여주시'),(2224,121,4167012000,'천송동','경기도','여주시'),(2225,121,4167012100,'오학동','경기도','여주시'),(2226,121,4167012200,'현암동','경기도','여주시'),(2227,121,4167012300,'오금동','경기도','여주시'),(2228,121,4167025000,'가남읍','경기도','여주시'),(2229,121,4167031000,'점동면','경기도','여주시'),(2230,121,4167032000,'흥천면','경기도','여주시'),(2231,121,4167033000,'금사면','경기도','여주시'),(2232,121,4167034500,'세종대왕면','경기도','여주시'),(2233,121,4167035000,'대신면','경기도','여주시'),(2234,121,4167036000,'북내면','경기도','여주시'),(2235,121,4167037000,'강천면','경기도','여주시'),(2236,121,4167038000,'산북면','경기도','여주시'),(2237,122,4180025000,'연천읍','경기도','연천군'),(2238,122,4180025300,'전곡읍','경기도','연천군'),(2239,122,4180031000,'군남면','경기도','연천군'),(2240,122,4180032000,'청산면','경기도','연천군'),(2241,122,4180033000,'백학면','경기도','연천군'),(2242,122,4180034000,'미산면','경기도','연천군'),(2243,122,4180035000,'왕징면','경기도','연천군'),(2244,122,4180036000,'신서면','경기도','연천군'),(2245,122,4180037000,'중면','경기도','연천군'),(2246,122,4180038000,'장남면','경기도','연천군'),(2247,123,4182025000,'가평읍','경기도','가평군'),(2248,123,4182031000,'설악면','경기도','가평군'),(2249,123,4182032500,'청평면','경기도','가평군'),(2250,123,4182033000,'상면','경기도','가평군'),(2251,123,4182034500,'조종면','경기도','가평군'),(2252,123,4182035000,'북면','경기도','가평군'),(2253,124,4183025000,'양평읍','경기도','양평군'),(2254,124,4183031000,'강상면','경기도','양평군'),(2255,124,4183032000,'강하면','경기도','양평군'),(2256,124,4183033000,'양서면','경기도','양평군'),(2257,124,4183034000,'옥천면','경기도','양평군'),(2258,124,4183035000,'서종면','경기도','양평군'),(2259,124,4183036000,'단월면','경기도','양평군'),(2260,124,4183037000,'청운면','경기도','양평군'),(2261,124,4183038000,'양동면','경기도','양평군'),(2262,124,4183039500,'지평면','경기도','양평군'),(2263,124,4183040000,'용문면','경기도','양평군'),(2264,124,4183041000,'개군면','경기도','양평군'),(2265,126,4311110100,'영동','충청북도','청주시 상당구'),(2266,126,4311110200,'북문로1가','충청북도','청주시 상당구'),(2267,126,4311110300,'북문로2가','충청북도','청주시 상당구'),(2268,126,4311110400,'북문로3가','충청북도','청주시 상당구'),(2269,126,4311110500,'남문로1가','충청북도','청주시 상당구'),(2270,126,4311110600,'남문로2가','충청북도','청주시 상당구'),(2271,126,4311110700,'문화동','충청북도','청주시 상당구'),(2272,126,4311110800,'서운동','충청북도','청주시 상당구'),(2273,126,4311110900,'서문동','충청북도','청주시 상당구'),(2274,126,4311111000,'남주동','충청북도','청주시 상당구'),(2275,126,4311111100,'석교동','충청북도','청주시 상당구'),(2276,126,4311111200,'수동','충청북도','청주시 상당구'),(2277,126,4311111700,'탑동','충청북도','청주시 상당구'),(2278,126,4311111800,'대성동','충청북도','청주시 상당구'),(2279,126,4311111900,'영운동','충청북도','청주시 상당구'),(2280,126,4311112000,'금천동','충청북도','청주시 상당구'),(2281,126,4311112100,'용담동','충청북도','청주시 상당구'),(2282,126,4311112200,'명암동','충청북도','청주시 상당구'),(2283,126,4311112300,'산성동','충청북도','청주시 상당구'),(2284,126,4311112400,'용암동','충청북도','청주시 상당구'),(2285,126,4311112500,'용정동','충청북도','청주시 상당구'),(2286,126,4311112600,'방서동','충청북도','청주시 상당구'),(2287,126,4311112700,'평촌동','충청북도','청주시 상당구'),(2288,126,4311112800,'지북동','충청북도','청주시 상당구'),(2289,126,4311112900,'운동동','충청북도','청주시 상당구'),(2290,126,4311113000,'월오동','충청북도','청주시 상당구'),(2291,126,4311131000,'낭성면','충청북도','청주시 상당구'),(2292,126,4311132000,'미원면','충청북도','청주시 상당구'),(2293,126,4311133000,'가덕면','충청북도','청주시 상당구'),(2294,126,4311134000,'남일면','충청북도','청주시 상당구'),(2295,126,4311135000,'문의면','충청북도','청주시 상당구'),(2296,127,4311210100,'사직동','충청북도','청주시 서원구'),(2297,127,4311210200,'사창동','충청북도','청주시 서원구'),(2298,127,4311210300,'모충동','충청북도','청주시 서원구'),(2299,127,4311210400,'산남동','충청북도','청주시 서원구'),(2300,127,4311210500,'미평동','충청북도','청주시 서원구'),(2301,127,4311210600,'분평동','충청북도','청주시 서원구'),(2302,127,4311210700,'수곡동','충청북도','청주시 서원구'),(2303,127,4311210800,'성화동','충청북도','청주시 서원구'),(2304,127,4311210900,'개신동','충청북도','청주시 서원구'),(2305,127,4311211000,'죽림동','충청북도','청주시 서원구'),(2306,127,4311211100,'장성동','충청북도','청주시 서원구'),(2307,127,4311211200,'장암동','충청북도','청주시 서원구'),(2308,127,4311231000,'남이면','충청북도','청주시 서원구'),(2309,127,4311232000,'현도면','충청북도','청주시 서원구'),(2310,128,4311310400,'운천동','충청북도','청주시 흥덕구'),(2311,128,4311310500,'신봉동','충청북도','청주시 흥덕구'),(2312,128,4311311300,'가경동','충청북도','청주시 흥덕구'),(2313,128,4311311400,'복대동','충청북도','청주시 흥덕구'),(2314,128,4311311500,'봉명동','충청북도','청주시 흥덕구'),(2315,128,4311311600,'송정동','충청북도','청주시 흥덕구'),(2316,128,4311311700,'강서동','충청북도','청주시 흥덕구'),(2317,128,4311311800,'석곡동','충청북도','청주시 흥덕구'),(2318,128,4311311900,'휴암동','충청북도','청주시 흥덕구'),(2319,128,4311312000,'신전동','충청북도','청주시 흥덕구'),(2320,128,4311312100,'현암동','충청북도','청주시 흥덕구'),(2321,128,4311312200,'동막동','충청북도','청주시 흥덕구'),(2322,128,4311312300,'수의동','충청북도','청주시 흥덕구'),(2323,128,4311312400,'지동동','충청북도','청주시 흥덕구'),(2324,128,4311312500,'서촌동','충청북도','청주시 흥덕구'),(2325,128,4311312600,'신성동','충청북도','청주시 흥덕구'),(2326,128,4311312700,'평동','충청북도','청주시 흥덕구'),(2327,128,4311312800,'신대동','충청북도','청주시 흥덕구'),(2328,128,4311312900,'남촌동','충청북도','청주시 흥덕구'),(2329,128,4311313000,'내곡동','충청북도','청주시 흥덕구'),(2330,128,4311313100,'상신동','충청북도','청주시 흥덕구'),(2331,128,4311313200,'원평동','충청북도','청주시 흥덕구'),(2332,128,4311313300,'문암동','충청북도','청주시 흥덕구'),(2333,128,4311313400,'송절동','충청북도','청주시 흥덕구'),(2334,128,4311313500,'화계동','충청북도','청주시 흥덕구'),(2335,128,4311313600,'외북동','충청북도','청주시 흥덕구'),(2336,128,4311313700,'향정동','충청북도','청주시 흥덕구'),(2337,128,4311313800,'비하동','충청북도','청주시 흥덕구'),(2338,128,4311313900,'석소동','충청북도','청주시 흥덕구'),(2339,128,4311314000,'정봉동','충청북도','청주시 흥덕구'),(2340,128,4311314100,'신촌동','충청북도','청주시 흥덕구'),(2341,128,4311325000,'오송읍','충청북도','청주시 흥덕구'),(2342,128,4311331000,'강내면','충청북도','청주시 흥덕구'),(2343,128,4311332000,'옥산면','충청북도','청주시 흥덕구'),(2344,129,4311410100,'우암동','충청북도','청주시 청원구'),(2345,129,4311410200,'내덕동','충청북도','청주시 청원구'),(2346,129,4311410300,'율량동','충청북도','청주시 청원구'),(2347,129,4311410400,'사천동','충청북도','청주시 청원구'),(2348,129,4311410500,'주성동','충청북도','청주시 청원구'),(2349,129,4311410600,'주중동','충청북도','청주시 청원구'),(2350,129,4311410700,'정상동','충청북도','청주시 청원구'),(2351,129,4311410800,'정하동','충청북도','청주시 청원구'),(2352,129,4311410900,'정북동','충청북도','청주시 청원구'),(2353,129,4311411000,'오동동','충청북도','청주시 청원구'),(2354,129,4311411100,'외남동','충청북도','청주시 청원구'),(2355,129,4311411200,'외평동','충청북도','청주시 청원구'),(2356,129,4311411300,'외하동','충청북도','청주시 청원구'),(2357,129,4311425000,'내수읍','충청북도','청주시 청원구'),(2358,129,4311425300,'오창읍','충청북도','청주시 청원구'),(2359,129,4311431000,'북이면','충청북도','청주시 청원구'),(2360,130,4313010100,'성내동','충청북도','충주시'),(2361,130,4313010200,'성남동','충청북도','충주시'),(2362,130,4313010300,'성서동','충청북도','충주시'),(2363,130,4313010400,'충인동','충청북도','충주시'),(2364,130,4313010500,'교현동','충청북도','충주시'),(2365,130,4313010600,'용산동','충청북도','충주시'),(2366,130,4313010700,'호암동','충청북도','충주시'),(2367,130,4313010800,'직동','충청북도','충주시'),(2368,130,4313010900,'단월동','충청북도','충주시'),(2369,130,4313011000,'풍동','충청북도','충주시'),(2370,130,4313011100,'가주동','충청북도','충주시'),(2371,130,4313011200,'용관동','충청북도','충주시'),(2372,130,4313011300,'용두동','충청북도','충주시'),(2373,130,4313011400,'달천동','충청북도','충주시'),(2374,130,4313011500,'봉방동','충청북도','충주시'),(2375,130,4313011600,'칠금동','충청북도','충주시'),(2376,130,4313011800,'연수동','충청북도','충주시'),(2377,130,4313011900,'목행동','충청북도','충주시'),(2378,130,4313012000,'용탄동','충청북도','충주시'),(2379,130,4313012100,'종민동','충청북도','충주시'),(2380,130,4313012200,'안림동','충청북도','충주시'),(2381,130,4313012300,'목벌동','충청북도','충주시'),(2382,130,4313012400,'충의동','충청북도','충주시'),(2383,130,4313012500,'지현동','충청북도','충주시'),(2384,130,4313012700,'문화동','충청북도','충주시'),(2385,130,4313012800,'금릉동','충청북도','충주시'),(2386,130,4313025000,'주덕읍','충청북도','충주시'),(2387,130,4313031000,'살미면','충청북도','충주시'),(2388,130,4313032500,'수안보면','충청북도','충주시'),(2389,130,4313033500,'대소원면','충청북도','충주시'),(2390,130,4313035000,'신니면','충청북도','충주시'),(2391,130,4313036000,'노은면','충청북도','충주시'),(2392,130,4313037000,'앙성면','충청북도','충주시'),(2393,130,4313038500,'중앙탑면','충청북도','충주시'),(2394,130,4313039000,'금가면','충청북도','충주시'),(2395,130,4313040000,'동량면','충청북도','충주시'),(2396,130,4313041000,'산척면','충청북도','충주시'),(2397,130,4313042000,'엄정면','충청북도','충주시'),(2398,130,4313043000,'소태면','충청북도','충주시'),(2399,131,4315010100,'의림동','충청북도','제천시'),(2400,131,4315010200,'서부동','충청북도','제천시'),(2401,131,4315010300,'동현동','충청북도','제천시'),(2402,131,4315010400,'남천동','충청북도','제천시'),(2403,131,4315010500,'교동','충청북도','제천시'),(2404,131,4315010600,'중앙로1가','충청북도','제천시'),(2405,131,4315010700,'중앙로2가','충청북도','제천시'),(2406,131,4315010800,'명동','충청북도','제천시'),(2407,131,4315010900,'화산동','충청북도','제천시'),(2408,131,4315011000,'영천동','충청북도','제천시'),(2409,131,4315011100,'하소동','충청북도','제천시'),(2410,131,4315011200,'신월동','충청북도','제천시'),(2411,131,4315011300,'청전동','충청북도','제천시'),(2412,131,4315011400,'모산동','충청북도','제천시'),(2413,131,4315011500,'고암동','충청북도','제천시'),(2414,131,4315011600,'장락동','충청북도','제천시'),(2415,131,4315011700,'흑석동','충청북도','제천시'),(2416,131,4315011800,'두학동','충청북도','제천시'),(2417,131,4315011900,'고명동','충청북도','제천시'),(2418,131,4315012000,'신백동','충청북도','제천시'),(2419,131,4315012100,'강제동','충청북도','제천시'),(2420,131,4315012200,'명지동','충청북도','제천시'),(2421,131,4315012300,'산곡동','충청북도','제천시'),(2422,131,4315012400,'왕암동','충청북도','제천시'),(2423,131,4315012500,'천남동','충청북도','제천시'),(2424,131,4315012600,'신동','충청북도','제천시'),(2425,131,4315012700,'자작동','충청북도','제천시'),(2426,131,4315012800,'대랑동','충청북도','제천시'),(2427,131,4315025000,'봉양읍','충청북도','제천시'),(2428,131,4315031000,'금성면','충청북도','제천시'),(2429,131,4315032000,'청풍면','충청북도','제천시'),(2430,131,4315033000,'수산면','충청북도','제천시'),(2431,131,4315034000,'덕산면','충청북도','제천시'),(2432,131,4315035000,'한수면','충청북도','제천시'),(2433,131,4315036000,'백운면','충청북도','제천시'),(2434,131,4315038000,'송학면','충청북도','제천시'),(2435,132,4372025000,'보은읍','충청북도','보은군'),(2436,132,4372031500,'속리산면','충청북도','보은군'),(2437,132,4372032500,'장안면','충청북도','보은군'),(2438,132,4372033000,'마로면','충청북도','보은군'),(2439,132,4372034000,'탄부면','충청북도','보은군'),(2440,132,4372035000,'삼승면','충청북도','보은군'),(2441,132,4372036000,'수한면','충청북도','보은군'),(2442,132,4372037000,'회남면','충청북도','보은군'),(2443,132,4372038500,'회인면','충청북도','보은군'),(2444,132,4372039000,'내북면','충청북도','보은군'),(2445,132,4372040000,'산외면','충청북도','보은군'),(2446,133,4373025000,'옥천읍','충청북도','옥천군'),(2447,133,4373031000,'동이면','충청북도','옥천군'),(2448,133,4373032000,'안남면','충청북도','옥천군'),(2449,133,4373033000,'안내면','충청북도','옥천군'),(2450,133,4373034000,'청성면','충청북도','옥천군'),(2451,133,4373035000,'청산면','충청북도','옥천군'),(2452,133,4373036000,'이원면','충청북도','옥천군'),(2453,133,4373037000,'군서면','충청북도','옥천군'),(2454,133,4373038000,'군북면','충청북도','옥천군'),(2455,134,4374025000,'영동읍','충청북도','영동군'),(2456,134,4374031000,'용산면','충청북도','영동군'),(2457,134,4374032000,'황간면','충청북도','영동군'),(2458,134,4374033500,'추풍령면','충청북도','영동군'),(2459,134,4374034000,'매곡면','충청북도','영동군'),(2460,134,4374035000,'상촌면','충청북도','영동군'),(2461,134,4374036000,'양강면','충청북도','영동군'),(2462,134,4374037000,'용화면','충청북도','영동군'),(2463,134,4374038000,'학산면','충청북도','영동군'),(2464,134,4374039000,'양산면','충청북도','영동군'),(2465,134,4374040000,'심천면','충청북도','영동군'),(2466,135,4374525000,'증평읍','충청북도','증평군'),(2467,135,4374531000,'도안면','충청북도','증평군'),(2468,136,4375025000,'진천읍','충청북도','진천군'),(2469,136,4375025300,'덕산읍','충청북도','진천군'),(2470,136,4375032000,'초평면','충청북도','진천군'),(2471,136,4375033000,'문백면','충청북도','진천군'),(2472,136,4375034000,'백곡면','충청북도','진천군'),(2473,136,4375035000,'이월면','충청북도','진천군'),(2474,136,4375037000,'광혜원면','충청북도','진천군'),(2475,137,4376025000,'괴산읍','충청북도','괴산군'),(2476,137,4376031000,'감물면','충청북도','괴산군'),(2477,137,4376032000,'장연면','충청북도','괴산군'),(2478,137,4376033000,'연풍면','충청북도','괴산군'),(2479,137,4376034000,'칠성면','충청북도','괴산군'),(2480,137,4376035000,'문광면','충청북도','괴산군'),(2481,137,4376036000,'청천면','충청북도','괴산군'),(2482,137,4376037000,'청안면','충청북도','괴산군'),(2483,137,4376039000,'사리면','충청북도','괴산군'),(2484,137,4376040000,'소수면','충청북도','괴산군'),(2485,137,4376041000,'불정면','충청북도','괴산군'),(2486,138,4377025000,'음성읍','충청북도','음성군'),(2487,138,4377025300,'금왕읍','충청북도','음성군'),(2488,138,4377031000,'소이면','충청북도','음성군'),(2489,138,4377032000,'원남면','충청북도','음성군'),(2490,138,4377033000,'맹동면','충청북도','음성군'),(2491,138,4377034000,'대소면','충청북도','음성군'),(2492,138,4377035000,'삼성면','충청북도','음성군'),(2493,138,4377036000,'생극면','충청북도','음성군'),(2494,138,4377037000,'감곡면','충청북도','음성군'),(2495,139,4380025000,'단양읍','충청북도','단양군'),(2496,139,4380025300,'매포읍','충청북도','단양군'),(2497,139,4380031000,'대강면','충청북도','단양군'),(2498,139,4380032000,'가곡면','충청북도','단양군'),(2499,139,4380033000,'영춘면','충청북도','단양군'),(2500,139,4380034000,'어상천면','충청북도','단양군'),(2501,139,4380035000,'적성면','충청북도','단양군'),(2502,139,4380036000,'단성면','충청북도','단양군'),(2503,141,4413110100,'대흥동','충청남도','천안시 동남구'),(2504,141,4413110200,'성황동','충청남도','천안시 동남구'),(2505,141,4413110300,'문화동','충청남도','천안시 동남구'),(2506,141,4413110400,'사직동','충청남도','천안시 동남구'),(2507,141,4413110500,'영성동','충청남도','천안시 동남구'),(2508,141,4413110600,'오룡동','충청남도','천안시 동남구'),(2509,141,4413110700,'원성동','충청남도','천안시 동남구'),(2510,141,4413110800,'구성동','충청남도','천안시 동남구'),(2511,141,4413110900,'청수동','충청남도','천안시 동남구'),(2512,141,4413111000,'삼룡동','충청남도','천안시 동남구'),(2513,141,4413111100,'청당동','충청남도','천안시 동남구'),(2514,141,4413111200,'유량동','충청남도','천안시 동남구'),(2515,141,4413111300,'봉명동','충청남도','천안시 동남구'),(2516,141,4413111400,'다가동','충청남도','천안시 동남구'),(2517,141,4413111500,'용곡동','충청남도','천안시 동남구'),(2518,141,4413111600,'신방동','충청남도','천안시 동남구'),(2519,141,4413111700,'쌍용동','충청남도','천안시 동남구'),(2520,141,4413111800,'신부동','충청남도','천안시 동남구'),(2521,141,4413111900,'안서동','충청남도','천안시 동남구'),(2522,141,4413112000,'구룡동','충청남도','천안시 동남구'),(2523,141,4413125000,'목천읍','충청남도','천안시 동남구'),(2524,141,4413131000,'풍세면','충청남도','천안시 동남구'),(2525,141,4413132000,'광덕면','충청남도','천안시 동남구'),(2526,141,4413133000,'북면','충청남도','천안시 동남구'),(2527,141,4413134000,'성남면','충청남도','천안시 동남구'),(2528,141,4413135000,'수신면','충청남도','천안시 동남구'),(2529,141,4413136000,'병천면','충청남도','천안시 동남구'),(2530,141,4413137000,'동면','충청남도','천안시 동남구'),(2531,142,4413310100,'와촌동','충청남도','천안시 서북구'),(2532,142,4413310200,'성정동','충청남도','천안시 서북구'),(2533,142,4413310300,'백석동','충청남도','천안시 서북구'),(2534,142,4413310400,'두정동','충청남도','천안시 서북구'),(2535,142,4413310500,'성성동','충청남도','천안시 서북구'),(2536,142,4413310600,'차암동','충청남도','천안시 서북구'),(2537,142,4413310700,'쌍용동','충청남도','천안시 서북구'),(2538,142,4413310800,'불당동','충청남도','천안시 서북구'),(2539,142,4413310900,'업성동','충청남도','천안시 서북구'),(2540,142,4413311000,'신당동','충청남도','천안시 서북구'),(2541,142,4413311100,'부대동','충청남도','천안시 서북구'),(2542,142,4413325000,'성환읍','충청남도','천안시 서북구'),(2543,142,4413325300,'성거읍','충청남도','천안시 서북구'),(2544,142,4413325600,'직산읍','충청남도','천안시 서북구'),(2545,142,4413331000,'입장면','충청남도','천안시 서북구'),(2546,143,4415010100,'반죽동','충청남도','공주시'),(2547,143,4415010200,'봉황동','충청남도','공주시'),(2548,143,4415010300,'중학동','충청남도','공주시'),(2549,143,4415010400,'중동','충청남도','공주시'),(2550,143,4415010500,'산성동','충청남도','공주시'),(2551,143,4415010600,'교동','충청남도','공주시'),(2552,143,4415010700,'웅진동','충청남도','공주시'),(2553,143,4415010800,'금성동','충청남도','공주시'),(2554,143,4415010900,'옥룡동','충청남도','공주시'),(2555,143,4415011000,'금학동','충청남도','공주시'),(2556,143,4415011100,'봉정동','충청남도','공주시'),(2557,143,4415011200,'주미동','충청남도','공주시'),(2558,143,4415011300,'태봉동','충청남도','공주시'),(2559,143,4415011400,'오곡동','충청남도','공주시'),(2560,143,4415011500,'신기동','충청남도','공주시'),(2561,143,4415011600,'소학동','충청남도','공주시'),(2562,143,4415011700,'상왕동','충청남도','공주시'),(2563,143,4415011800,'무릉동','충청남도','공주시'),(2564,143,4415011900,'월송동','충청남도','공주시'),(2565,143,4415012000,'신관동','충청남도','공주시'),(2566,143,4415012100,'금흥동','충청남도','공주시'),(2567,143,4415012200,'쌍신동','충청남도','공주시'),(2568,143,4415012300,'월미동','충청남도','공주시'),(2569,143,4415012400,'검상동','충청남도','공주시'),(2570,143,4415012500,'석장리동','충청남도','공주시'),(2571,143,4415012600,'송선동','충청남도','공주시'),(2572,143,4415012700,'동현동','충청남도','공주시'),(2573,143,4415025000,'유구읍','충청남도','공주시'),(2574,143,4415031000,'이인면','충청남도','공주시'),(2575,143,4415032000,'탄천면','충청남도','공주시'),(2576,143,4415033000,'계룡면','충청남도','공주시'),(2577,143,4415034000,'반포면','충청남도','공주시'),(2578,143,4415036000,'의당면','충청남도','공주시'),(2579,143,4415037000,'정안면','충청남도','공주시'),(2580,143,4415038000,'우성면','충청남도','공주시'),(2581,143,4415039000,'사곡면','충청남도','공주시'),(2582,143,4415040000,'신풍면','충청남도','공주시'),(2583,144,4418010100,'대천동','충청남도','보령시'),(2584,144,4418010200,'죽정동','충청남도','보령시'),(2585,144,4418010300,'화산동','충청남도','보령시'),(2586,144,4418010400,'동대동','충청남도','보령시'),(2587,144,4418010500,'명천동','충청남도','보령시'),(2588,144,4418010600,'궁촌동','충청남도','보령시'),(2589,144,4418010700,'내항동','충청남도','보령시'),(2590,144,4418010800,'남곡동','충청남도','보령시'),(2591,144,4418010900,'요암동','충청남도','보령시'),(2592,144,4418011000,'신흑동','충청남도','보령시'),(2593,144,4418025000,'웅천읍','충청남도','보령시'),(2594,144,4418031000,'주포면','충청남도','보령시'),(2595,144,4418032000,'오천면','충청남도','보령시'),(2596,144,4418033000,'천북면','충청남도','보령시'),(2597,144,4418034000,'청소면','충청남도','보령시'),(2598,144,4418035000,'청라면','충청남도','보령시'),(2599,144,4418036000,'남포면','충청남도','보령시'),(2600,144,4418038000,'주산면','충청남도','보령시'),(2601,144,4418039000,'미산면','충청남도','보령시'),(2602,144,4418040000,'성주면','충청남도','보령시'),(2603,144,4418041000,'주교면','충청남도','보령시'),(2604,145,4420010100,'온천동','충청남도','아산시'),(2605,145,4420010200,'실옥동','충청남도','아산시'),(2606,145,4420010300,'방축동','충청남도','아산시'),(2607,145,4420010400,'기산동','충청남도','아산시'),(2608,145,4420010500,'초사동','충청남도','아산시'),(2609,145,4420010600,'신인동','충청남도','아산시'),(2610,145,4420010700,'법곡동','충청남도','아산시'),(2611,145,4420010800,'장존동','충청남도','아산시'),(2612,145,4420010900,'좌부동','충청남도','아산시'),(2613,145,4420011000,'읍내동','충청남도','아산시'),(2614,145,4420011100,'풍기동','충청남도','아산시'),(2615,145,4420011200,'용화동','충청남도','아산시'),(2616,145,4420011300,'모종동','충청남도','아산시'),(2617,145,4420011400,'권곡동','충청남도','아산시'),(2618,145,4420011500,'배미동','충청남도','아산시'),(2619,145,4420011600,'득산동','충청남도','아산시'),(2620,145,4420011700,'점양동','충청남도','아산시'),(2621,145,4420011800,'신동','충청남도','아산시'),(2622,145,4420011900,'남동','충청남도','아산시'),(2623,145,4420025000,'염치읍','충청남도','아산시'),(2624,145,4420025300,'배방읍','충청남도','아산시'),(2625,145,4420031000,'송악면','충청남도','아산시'),(2626,145,4420033000,'탕정면','충청남도','아산시'),(2627,145,4420035000,'음봉면','충청남도','아산시'),(2628,145,4420036000,'둔포면','충청남도','아산시'),(2629,145,4420037000,'영인면','충청남도','아산시'),(2630,145,4420038000,'인주면','충청남도','아산시'),(2631,145,4420039000,'선장면','충청남도','아산시'),(2632,145,4420040000,'도고면','충청남도','아산시'),(2633,145,4420041000,'신창면','충청남도','아산시'),(2634,146,4421010100,'읍내동','충청남도','서산시'),(2635,146,4421010200,'동문동','충청남도','서산시'),(2636,146,4421010300,'갈산동','충청남도','서산시'),(2637,146,4421010400,'온석동','충청남도','서산시'),(2638,146,4421010500,'잠홍동','충청남도','서산시'),(2639,146,4421010600,'수석동','충청남도','서산시'),(2640,146,4421010700,'석림동','충청남도','서산시'),(2641,146,4421010800,'석남동','충청남도','서산시'),(2642,146,4421010900,'예천동','충청남도','서산시'),(2643,146,4421011000,'죽성동','충청남도','서산시'),(2644,146,4421011100,'양대동','충청남도','서산시'),(2645,146,4421011200,'오남동','충청남도','서산시'),(2646,146,4421011300,'장동','충청남도','서산시'),(2647,146,4421011400,'덕지천동','충청남도','서산시'),(2648,146,4421025000,'대산읍','충청남도','서산시'),(2649,146,4421031000,'인지면','충청남도','서산시'),(2650,146,4421032000,'부석면','충청남도','서산시'),(2651,146,4421033000,'팔봉면','충청남도','서산시'),(2652,146,4421034000,'지곡면','충청남도','서산시'),(2653,146,4421036000,'성연면','충청남도','서산시'),(2654,146,4421037000,'음암면','충청남도','서산시'),(2655,146,4421038000,'운산면','충청남도','서산시'),(2656,146,4421039000,'해미면','충청남도','서산시'),(2657,146,4421040000,'고북면','충청남도','서산시'),(2658,147,4423010100,'화지동','충청남도','논산시'),(2659,147,4423010200,'반월동','충청남도','논산시'),(2660,147,4423010300,'대교동','충청남도','논산시'),(2661,147,4423010400,'부창동','충청남도','논산시'),(2662,147,4423010500,'취암동','충청남도','논산시'),(2663,147,4423010600,'등화동','충청남도','논산시'),(2664,147,4423010700,'지산동','충청남도','논산시'),(2665,147,4423010800,'덕지동','충청남도','논산시'),(2666,147,4423010900,'내동','충청남도','논산시'),(2667,147,4423011000,'강산동','충청남도','논산시'),(2668,147,4423011100,'관촉동','충청남도','논산시'),(2669,147,4423025000,'강경읍','충청남도','논산시'),(2670,147,4423025300,'연무읍','충청남도','논산시'),(2671,147,4423031000,'성동면','충청남도','논산시'),(2672,147,4423032000,'광석면','충청남도','논산시'),(2673,147,4423033000,'노성면','충청남도','논산시'),(2674,147,4423034000,'상월면','충청남도','논산시'),(2675,147,4423035000,'부적면','충청남도','논산시'),(2676,147,4423036000,'연산면','충청남도','논산시'),(2677,147,4423038000,'벌곡면','충청남도','논산시'),(2678,147,4423039000,'양촌면','충청남도','논산시'),(2679,147,4423040000,'가야곡면','충청남도','논산시'),(2680,147,4423041000,'은진면','충청남도','논산시'),(2681,147,4423042000,'채운면','충청남도','논산시'),(2682,148,4425010100,'금암동','충청남도','계룡시'),(2683,148,4425031000,'두마면','충청남도','계룡시'),(2684,148,4425031500,'엄사면','충청남도','계룡시'),(2685,148,4425033000,'신도안면','충청남도','계룡시'),(2686,149,4427010100,'읍내동','충청남도','당진시'),(2687,149,4427010200,'채운동','충청남도','당진시'),(2688,149,4427010300,'우두동','충청남도','당진시'),(2689,149,4427010400,'원당동','충청남도','당진시'),(2690,149,4427010500,'시곡동','충청남도','당진시'),(2691,149,4427010600,'수청동','충청남도','당진시'),(2692,149,4427010700,'대덕동','충청남도','당진시'),(2693,149,4427010800,'행정동','충청남도','당진시'),(2694,149,4427010900,'용연동','충청남도','당진시'),(2695,149,4427011000,'사기소동','충청남도','당진시'),(2696,149,4427011100,'구룡동','충청남도','당진시'),(2697,149,4427025000,'합덕읍','충청남도','당진시'),(2698,149,4427025300,'송악읍','충청남도','당진시'),(2699,149,4427031000,'고대면','충청남도','당진시'),(2700,149,4427032000,'석문면','충청남도','당진시'),(2701,149,4427033000,'대호지면','충청남도','당진시'),(2702,149,4427034000,'정미면','충청남도','당진시'),(2703,149,4427035000,'면천면','충청남도','당진시'),(2704,149,4427036000,'순성면','충청남도','당진시'),(2705,149,4427037000,'우강면','충청남도','당진시'),(2706,149,4427038000,'신평면','충청남도','당진시'),(2707,149,4427039000,'송산면','충청남도','당진시'),(2708,150,4471025000,'금산읍','충청남도','금산군'),(2709,150,4471031000,'금성면','충청남도','금산군'),(2710,150,4471032000,'제원면','충청남도','금산군'),(2711,150,4471033000,'부리면','충청남도','금산군'),(2712,150,4471034000,'군북면','충청남도','금산군'),(2713,150,4471035000,'남일면','충청남도','금산군'),(2714,150,4471036000,'남이면','충청남도','금산군'),(2715,150,4471037000,'진산면','충청남도','금산군'),(2716,150,4471038000,'복수면','충청남도','금산군'),(2717,150,4471039000,'추부면','충청남도','금산군'),(2718,151,4476025000,'부여읍','충청남도','부여군'),(2719,151,4476031000,'규암면','충청남도','부여군'),(2720,151,4476032000,'은산면','충청남도','부여군'),(2721,151,4476033000,'외산면','충청남도','부여군'),(2722,151,4476034000,'내산면','충청남도','부여군'),(2723,151,4476035000,'구룡면','충청남도','부여군'),(2724,151,4476036000,'홍산면','충청남도','부여군'),(2725,151,4476037000,'옥산면','충청남도','부여군'),(2726,151,4476038000,'남면','충청남도','부여군'),(2727,151,4476039000,'충화면','충청남도','부여군'),(2728,151,4476040000,'양화면','충청남도','부여군'),(2729,151,4476041000,'임천면','충청남도','부여군'),(2730,151,4476042000,'장암면','충청남도','부여군'),(2731,151,4476043000,'세도면','충청남도','부여군'),(2732,151,4476044000,'석성면','충청남도','부여군'),(2733,151,4476045000,'초촌면','충청남도','부여군'),(2734,152,4477025000,'장항읍','충청남도','서천군'),(2735,152,4477025300,'서천읍','충청남도','서천군'),(2736,152,4477031000,'마서면','충청남도','서천군'),(2737,152,4477032000,'화양면','충청남도','서천군'),(2738,152,4477033000,'기산면','충청남도','서천군'),(2739,152,4477034000,'한산면','충청남도','서천군'),(2740,152,4477035000,'마산면','충청남도','서천군'),(2741,152,4477036000,'시초면','충청남도','서천군'),(2742,152,4477037000,'문산면','충청남도','서천군'),(2743,152,4477038000,'판교면','충청남도','서천군'),(2744,152,4477039000,'종천면','충청남도','서천군'),(2745,152,4477040000,'비인면','충청남도','서천군'),(2746,152,4477041000,'서면','충청남도','서천군'),(2747,153,4479025000,'청양읍','충청남도','청양군'),(2748,153,4479031000,'운곡면','충청남도','청양군'),(2749,153,4479032000,'대치면','충청남도','청양군'),(2750,153,4479033000,'정산면','충청남도','청양군'),(2751,153,4479034000,'목면','충청남도','청양군'),(2752,153,4479035000,'청남면','충청남도','청양군'),(2753,153,4479036000,'장평면','충청남도','청양군'),(2754,153,4479037000,'남양면','충청남도','청양군'),(2755,153,4479038000,'화성면','충청남도','청양군'),(2756,153,4479039000,'비봉면','충청남도','청양군'),(2757,154,4480025000,'홍성읍','충청남도','홍성군'),(2758,154,4480025300,'광천읍','충청남도','홍성군'),(2759,154,4480025600,'홍북읍','충청남도','홍성군'),(2760,154,4480032000,'금마면','충청남도','홍성군'),(2761,154,4480033000,'홍동면','충청남도','홍성군'),(2762,154,4480034000,'장곡면','충청남도','홍성군'),(2763,154,4480035000,'은하면','충청남도','홍성군'),(2764,154,4480036000,'결성면','충청남도','홍성군'),(2765,154,4480037000,'서부면','충청남도','홍성군'),(2766,154,4480038000,'갈산면','충청남도','홍성군'),(2767,154,4480039000,'구항면','충청남도','홍성군'),(2768,155,4481025000,'예산읍','충청남도','예산군'),(2769,155,4481025300,'삽교읍','충청남도','예산군'),(2770,155,4481031000,'대술면','충청남도','예산군'),(2771,155,4481032000,'신양면','충청남도','예산군'),(2772,155,4481033000,'광시면','충청남도','예산군'),(2773,155,4481034000,'대흥면','충청남도','예산군'),(2774,155,4481035000,'응봉면','충청남도','예산군'),(2775,155,4481036000,'덕산면','충청남도','예산군'),(2776,155,4481037000,'봉산면','충청남도','예산군'),(2777,155,4481038000,'고덕면','충청남도','예산군'),(2778,155,4481039000,'신암면','충청남도','예산군'),(2779,155,4481040000,'오가면','충청남도','예산군'),(2780,156,4482525000,'태안읍','충청남도','태안군'),(2781,156,4482525300,'안면읍','충청남도','태안군'),(2782,156,4482531000,'고남면','충청남도','태안군'),(2783,156,4482532000,'남면','충청남도','태안군'),(2784,156,4482533000,'근흥면','충청남도','태안군'),(2785,156,4482534000,'소원면','충청남도','태안군'),(2786,156,4482535000,'원북면','충청남도','태안군'),(2787,156,4482536000,'이원면','충청남도','태안군'),(2788,158,4511110100,'중앙동1가','전라북도','전주시 완산구'),(2789,158,4511110200,'중앙동2가','전라북도','전주시 완산구'),(2790,158,4511110300,'중앙동3가','전라북도','전주시 완산구'),(2791,158,4511110400,'중앙동4가','전라북도','전주시 완산구'),(2792,158,4511110500,'경원동1가','전라북도','전주시 완산구'),(2793,158,4511110600,'경원동2가','전라북도','전주시 완산구'),(2794,158,4511110700,'경원동3가','전라북도','전주시 완산구'),(2795,158,4511110800,'풍남동1가','전라북도','전주시 완산구'),(2796,158,4511110900,'풍남동2가','전라북도','전주시 완산구'),(2797,158,4511111000,'풍남동3가','전라북도','전주시 완산구'),(2798,158,4511111100,'전동','전라북도','전주시 완산구'),(2799,158,4511111200,'전동3가','전라북도','전주시 완산구'),(2800,158,4511111300,'다가동1가','전라북도','전주시 완산구'),(2801,158,4511111400,'다가동2가','전라북도','전주시 완산구'),(2802,158,4511111500,'다가동3가','전라북도','전주시 완산구'),(2803,158,4511111600,'다가동4가','전라북도','전주시 완산구'),(2804,158,4511111700,'고사동','전라북도','전주시 완산구'),(2805,158,4511111800,'교동','전라북도','전주시 완산구'),(2806,158,4511111900,'태평동','전라북도','전주시 완산구'),(2807,158,4511112000,'중노송동','전라북도','전주시 완산구'),(2808,158,4511112100,'남노송동','전라북도','전주시 완산구'),(2809,158,4511112200,'동완산동','전라북도','전주시 완산구'),(2810,158,4511112300,'서완산동1가','전라북도','전주시 완산구'),(2811,158,4511112400,'서완산동2가','전라북도','전주시 완산구'),(2812,158,4511112500,'동서학동','전라북도','전주시 완산구'),(2813,158,4511112600,'서서학동','전라북도','전주시 완산구'),(2814,158,4511112700,'중화산동1가','전라북도','전주시 완산구'),(2815,158,4511112800,'중화산동2가','전라북도','전주시 완산구'),(2816,158,4511112900,'서신동','전라북도','전주시 완산구'),(2817,158,4511113000,'석구동','전라북도','전주시 완산구'),(2818,158,4511113100,'원당동','전라북도','전주시 완산구'),(2819,158,4511113200,'평화동1가','전라북도','전주시 완산구'),(2820,158,4511113300,'평화동2가','전라북도','전주시 완산구'),(2821,158,4511113400,'평화동3가','전라북도','전주시 완산구'),(2822,158,4511113500,'중인동','전라북도','전주시 완산구'),(2823,158,4511113600,'용복동','전라북도','전주시 완산구'),(2824,158,4511113700,'삼천동1가','전라북도','전주시 완산구'),(2825,158,4511113800,'삼천동2가','전라북도','전주시 완산구'),(2826,158,4511113900,'삼천동3가','전라북도','전주시 완산구'),(2827,158,4511114000,'효자동1가','전라북도','전주시 완산구'),(2828,158,4511114100,'효자동2가','전라북도','전주시 완산구'),(2829,158,4511114200,'효자동3가','전라북도','전주시 완산구'),(2830,158,4511114300,'대성동','전라북도','전주시 완산구'),(2831,158,4511114400,'색장동','전라북도','전주시 완산구'),(2832,158,4511114500,'상림동','전라북도','전주시 완산구'),(2833,158,4511114700,'서노송동','전라북도','전주시 완산구'),(2834,159,4511310200,'진북동','전라북도','전주시 덕진구'),(2835,159,4511310300,'인후동1가','전라북도','전주시 덕진구'),(2836,159,4511310400,'인후동2가','전라북도','전주시 덕진구'),(2837,159,4511310500,'덕진동1가','전라북도','전주시 덕진구'),(2838,159,4511310600,'덕진동2가','전라북도','전주시 덕진구'),(2839,159,4511310700,'금암동','전라북도','전주시 덕진구'),(2840,159,4511310800,'팔복동1가','전라북도','전주시 덕진구'),(2841,159,4511310900,'팔복동2가','전라북도','전주시 덕진구'),(2842,159,4511311000,'팔복동3가','전라북도','전주시 덕진구'),(2843,159,4511311100,'산정동','전라북도','전주시 덕진구'),(2844,159,4511311200,'금상동','전라북도','전주시 덕진구'),(2845,159,4511311300,'우아동1가','전라북도','전주시 덕진구'),(2846,159,4511311400,'우아동2가','전라북도','전주시 덕진구'),(2847,159,4511311500,'우아동3가','전라북도','전주시 덕진구'),(2848,159,4511311600,'호성동1가','전라북도','전주시 덕진구'),(2849,159,4511311700,'호성동2가','전라북도','전주시 덕진구'),(2850,159,4511311800,'호성동3가','전라북도','전주시 덕진구'),(2851,159,4511311900,'전미동1가','전라북도','전주시 덕진구'),(2852,159,4511312000,'전미동2가','전라북도','전주시 덕진구'),(2853,159,4511312100,'송천동1가','전라북도','전주시 덕진구'),(2854,159,4511312200,'송천동2가','전라북도','전주시 덕진구'),(2855,159,4511312300,'반월동','전라북도','전주시 덕진구'),(2856,159,4511312400,'화전동','전라북도','전주시 덕진구'),(2857,159,4511312500,'용정동','전라북도','전주시 덕진구'),(2858,159,4511312600,'성덕동','전라북도','전주시 덕진구'),(2859,159,4511312700,'원동','전라북도','전주시 덕진구'),(2860,159,4511312900,'고랑동','전라북도','전주시 덕진구'),(2861,159,4511313000,'여의동','전라북도','전주시 덕진구'),(2862,159,4511313100,'만성동','전라북도','전주시 덕진구'),(2863,159,4511313200,'장동','전라북도','전주시 덕진구'),(2864,159,4511313300,'팔복동4가','전라북도','전주시 덕진구'),(2865,159,4511313400,'도도동','전라북도','전주시 덕진구'),(2866,159,4511313500,'강흥동','전라북도','전주시 덕진구'),(2867,159,4511313600,'도덕동','전라북도','전주시 덕진구'),(2868,159,4511313700,'남정동','전라북도','전주시 덕진구'),(2869,159,4511313800,'중동','전라북도','전주시 덕진구'),(2870,159,4511313900,'여의동2가','전라북도','전주시 덕진구'),(2871,160,4513010100,'해망동','전라북도','군산시'),(2872,160,4513010200,'신흥동','전라북도','군산시'),(2873,160,4513010300,'금동','전라북도','군산시'),(2874,160,4513010400,'월명동','전라북도','군산시'),(2875,160,4513010500,'신창동','전라북도','군산시'),(2876,160,4513010600,'오룡동','전라북도','군산시'),(2877,160,4513010700,'금광동','전라북도','군산시'),(2878,160,4513010800,'신풍동','전라북도','군산시'),(2879,160,4513010900,'송풍동','전라북도','군산시'),(2880,160,4513011000,'문화동','전라북도','군산시'),(2881,160,4513011100,'삼학동','전라북도','군산시'),(2882,160,4513011200,'선양동','전라북도','군산시'),(2883,160,4513011300,'둔율동','전라북도','군산시'),(2884,160,4513011400,'창성동','전라북도','군산시'),(2885,160,4513011500,'명산동','전라북도','군산시'),(2886,160,4513011600,'송창동','전라북도','군산시'),(2887,160,4513011700,'개복동','전라북도','군산시'),(2888,160,4513011800,'중앙로1가','전라북도','군산시'),(2889,160,4513011900,'영화동','전라북도','군산시'),(2890,160,4513012000,'장미동','전라북도','군산시'),(2891,160,4513012100,'중앙로2가','전라북도','군산시'),(2892,160,4513012200,'영동','전라북도','군산시'),(2893,160,4513012300,'신영동','전라북도','군산시'),(2894,160,4513012400,'죽성동','전라북도','군산시'),(2895,160,4513012500,'평화동','전라북도','군산시'),(2896,160,4513012600,'중앙로3가','전라북도','군산시'),(2897,160,4513012700,'대명동','전라북도','군산시'),(2898,160,4513012800,'장재동','전라북도','군산시'),(2899,160,4513012900,'미원동','전라북도','군산시'),(2900,160,4513013000,'중동','전라북도','군산시'),(2901,160,4513013100,'금암동','전라북도','군산시'),(2902,160,4513013200,'동흥남동','전라북도','군산시'),(2903,160,4513013300,'서흥남동','전라북도','군산시'),(2904,160,4513013400,'조촌동','전라북도','군산시'),(2905,160,4513013500,'경장동','전라북도','군산시'),(2906,160,4513013600,'경암동','전라북도','군산시'),(2907,160,4513013700,'구암동','전라북도','군산시'),(2908,160,4513013800,'내흥동','전라북도','군산시'),(2909,160,4513013900,'개정동','전라북도','군산시'),(2910,160,4513014000,'사정동','전라북도','군산시'),(2911,160,4513014100,'수송동','전라북도','군산시'),(2912,160,4513014200,'미장동','전라북도','군산시'),(2913,160,4513014300,'지곡동','전라북도','군산시'),(2914,160,4513014400,'나운동','전라북도','군산시'),(2915,160,4513014500,'미룡동','전라북도','군산시'),(2916,160,4513014600,'소룡동','전라북도','군산시'),(2917,160,4513014700,'오식도동','전라북도','군산시'),(2918,160,4513014800,'비응도동','전라북도','군산시'),(2919,160,4513014900,'신관동','전라북도','군산시'),(2920,160,4513015000,'개사동','전라북도','군산시'),(2921,160,4513015100,'산북동','전라북도','군산시'),(2922,160,4513015200,'내초동','전라북도','군산시'),(2923,160,4513025000,'옥구읍','전라북도','군산시'),(2924,160,4513031000,'옥산면','전라북도','군산시'),(2925,160,4513032000,'회현면','전라북도','군산시'),(2926,160,4513033000,'임피면','전라북도','군산시'),(2927,160,4513034000,'서수면','전라북도','군산시'),(2928,160,4513035000,'대야면','전라북도','군산시'),(2929,160,4513036000,'개정면','전라북도','군산시'),(2930,160,4513037000,'성산면','전라북도','군산시'),(2931,160,4513038000,'나포면','전라북도','군산시'),(2932,160,4513039000,'옥도면','전라북도','군산시'),(2933,160,4513040000,'옥서면','전라북도','군산시'),(2934,161,4514010100,'창인동1가','전라북도','익산시'),(2935,161,4514010200,'창인동2가','전라북도','익산시'),(2936,161,4514010300,'중앙동1가','전라북도','익산시'),(2937,161,4514010400,'중앙동2가','전라북도','익산시'),(2938,161,4514010500,'중앙동3가','전라북도','익산시'),(2939,161,4514010600,'평화동','전라북도','익산시'),(2940,161,4514010700,'갈산동','전라북도','익산시'),(2941,161,4514010800,'주현동','전라북도','익산시'),(2942,161,4514010900,'인화동1가','전라북도','익산시'),(2943,161,4514011000,'인화동2가','전라북도','익산시'),(2944,161,4514011100,'동산동','전라북도','익산시'),(2945,161,4514011200,'마동','전라북도','익산시'),(2946,161,4514011300,'남중동','전라북도','익산시'),(2947,161,4514011400,'모현동1가','전라북도','익산시'),(2948,161,4514011500,'모현동2가','전라북도','익산시'),(2949,161,4514011600,'송학동','전라북도','익산시'),(2950,161,4514011700,'목천동','전라북도','익산시'),(2951,161,4514011800,'만석동','전라북도','익산시'),(2952,161,4514011900,'현영동','전라북도','익산시'),(2953,161,4514012000,'신용동','전라북도','익산시'),(2954,161,4514012100,'신동','전라북도','익산시'),(2955,161,4514012200,'영등동','전라북도','익산시'),(2956,161,4514012300,'어양동','전라북도','익산시'),(2957,161,4514012400,'신흥동','전라북도','익산시'),(2958,161,4514012500,'금강동','전라북도','익산시'),(2959,161,4514012600,'석탄동','전라북도','익산시'),(2960,161,4514012700,'팔봉동','전라북도','익산시'),(2961,161,4514012800,'덕기동','전라북도','익산시'),(2962,161,4514012900,'석왕동','전라북도','익산시'),(2963,161,4514013000,'은기동','전라북도','익산시'),(2964,161,4514013100,'정족동','전라북도','익산시'),(2965,161,4514013200,'임상동','전라북도','익산시'),(2966,161,4514013300,'월성동','전라북도','익산시'),(2967,161,4514013400,'부송동','전라북도','익산시'),(2968,161,4514013500,'용제동','전라북도','익산시'),(2969,161,4514013600,'석암동','전라북도','익산시'),(2970,161,4514025000,'함열읍','전라북도','익산시'),(2971,161,4514031000,'오산면','전라북도','익산시'),(2972,161,4514032000,'황등면','전라북도','익산시'),(2973,161,4514033000,'함라면','전라북도','익산시'),(2974,161,4514034000,'웅포면','전라북도','익산시'),(2975,161,4514035000,'성당면','전라북도','익산시'),(2976,161,4514036000,'용안면','전라북도','익산시'),(2977,161,4514037000,'낭산면','전라북도','익산시'),(2978,161,4514038000,'망성면','전라북도','익산시'),(2979,161,4514039000,'여산면','전라북도','익산시'),(2980,161,4514040000,'금마면','전라북도','익산시'),(2981,161,4514041000,'왕궁면','전라북도','익산시'),(2982,161,4514042000,'춘포면','전라북도','익산시'),(2983,161,4514043000,'삼기면','전라북도','익산시'),(2984,161,4514044000,'용동면','전라북도','익산시'),(2985,162,4518010100,'수성동','전라북도','정읍시'),(2986,162,4518010200,'장명동','전라북도','정읍시'),(2987,162,4518010300,'상동','전라북도','정읍시'),(2988,162,4518010400,'시기동','전라북도','정읍시'),(2989,162,4518010500,'연지동','전라북도','정읍시'),(2990,162,4518010600,'농소동','전라북도','정읍시'),(2991,162,4518010700,'하모동','전라북도','정읍시'),(2992,162,4518010800,'상평동','전라북도','정읍시'),(2993,162,4518010900,'과교동','전라북도','정읍시'),(2994,162,4518011000,'삼산동','전라북도','정읍시'),(2995,162,4518011100,'진산동','전라북도','정읍시'),(2996,162,4518011200,'금붕동','전라북도','정읍시'),(2997,162,4518011300,'송산동','전라북도','정읍시'),(2998,162,4518011400,'신월동','전라북도','정읍시'),(2999,162,4518011500,'용산동','전라북도','정읍시'),(3000,162,4518011600,'교암동','전라북도','정읍시'),(3001,162,4518011700,'부전동','전라북도','정읍시'),(3002,162,4518011800,'쌍암동','전라북도','정읍시'),(3003,162,4518011900,'내장동','전라북도','정읍시'),(3004,162,4518012000,'영파동','전라북도','정읍시'),(3005,162,4518012100,'하북동','전라북도','정읍시'),(3006,162,4518012200,'구룡동','전라북도','정읍시'),(3007,162,4518012300,'흑암동','전라북도','정읍시'),(3008,162,4518012400,'용계동','전라북도','정읍시'),(3009,162,4518012500,'공평동','전라북도','정읍시'),(3010,162,4518012600,'망제동','전라북도','정읍시'),(3011,162,4518012700,'신정동','전라북도','정읍시'),(3012,162,4518025000,'신태인읍','전라북도','정읍시'),(3013,162,4518031000,'북면','전라북도','정읍시'),(3014,162,4518032000,'입암면','전라북도','정읍시'),(3015,162,4518033000,'소성면','전라북도','정읍시'),(3016,162,4518034000,'고부면','전라북도','정읍시'),(3017,162,4518035000,'영원면','전라북도','정읍시'),(3018,162,4518036000,'덕천면','전라북도','정읍시'),(3019,162,4518037000,'이평면','전라북도','정읍시'),(3020,162,4518038000,'정우면','전라북도','정읍시'),(3021,162,4518039000,'태인면','전라북도','정읍시'),(3022,162,4518040000,'감곡면','전라북도','정읍시'),(3023,162,4518041000,'옹동면','전라북도','정읍시'),(3024,162,4518042000,'칠보면','전라북도','정읍시'),(3025,162,4518043000,'산내면','전라북도','정읍시'),(3026,162,4518044000,'산외면','전라북도','정읍시'),(3027,163,4519010100,'동충동','전라북도','남원시'),(3028,163,4519010200,'하정동','전라북도','남원시'),(3029,163,4519010300,'죽항동','전라북도','남원시'),(3030,163,4519010400,'쌍교동','전라북도','남원시'),(3031,163,4519010500,'천거동','전라북도','남원시'),(3032,163,4519010600,'금동','전라북도','남원시'),(3033,163,4519010700,'조산동','전라북도','남원시'),(3034,163,4519010800,'왕정동','전라북도','남원시'),(3035,163,4519010900,'신정동','전라북도','남원시'),(3036,163,4519011000,'화정동','전라북도','남원시'),(3037,163,4519011100,'향교동','전라북도','남원시'),(3038,163,4519011200,'용정동','전라북도','남원시'),(3039,163,4519011300,'광치동','전라북도','남원시'),(3040,163,4519011400,'내척동','전라북도','남원시'),(3041,163,4519011500,'산곡동','전라북도','남원시'),(3042,163,4519011600,'도통동','전라북도','남원시'),(3043,163,4519011700,'월락동','전라북도','남원시'),(3044,163,4519011800,'고죽동','전라북도','남원시'),(3045,163,4519011900,'식정동','전라북도','남원시'),(3046,163,4519012000,'갈치동','전라북도','남원시'),(3047,163,4519012100,'노암동','전라북도','남원시'),(3048,163,4519012200,'어현동','전라북도','남원시'),(3049,163,4519012300,'신촌동','전라북도','남원시'),(3050,163,4519025000,'운봉읍','전라북도','남원시'),(3051,163,4519031000,'주천면','전라북도','남원시'),(3052,163,4519032000,'수지면','전라북도','남원시'),(3053,163,4519033000,'송동면','전라북도','남원시'),(3054,163,4519034000,'주생면','전라북도','남원시'),(3055,163,4519035000,'금지면','전라북도','남원시'),(3056,163,4519036000,'대강면','전라북도','남원시'),(3057,163,4519037000,'대산면','전라북도','남원시'),(3058,163,4519038000,'사매면','전라북도','남원시'),(3059,163,4519039000,'덕과면','전라북도','남원시'),(3060,163,4519040000,'보절면','전라북도','남원시'),(3061,163,4519041000,'산동면','전라북도','남원시'),(3062,163,4519042000,'이백면','전라북도','남원시'),(3063,163,4519045000,'아영면','전라북도','남원시'),(3064,163,4519046000,'산내면','전라북도','남원시'),(3065,163,4519047000,'인월면','전라북도','남원시'),(3066,164,4521010100,'요촌동','전라북도','김제시'),(3067,164,4521010200,'신풍동','전라북도','김제시'),(3068,164,4521010300,'용동','전라북도','김제시'),(3069,164,4521010400,'검산동','전라북도','김제시'),(3070,164,4521010500,'순동','전라북도','김제시'),(3071,164,4521010600,'백학동','전라북도','김제시'),(3072,164,4521010700,'서암동','전라북도','김제시'),(3073,164,4521010800,'신곡동','전라북도','김제시'),(3074,164,4521010900,'교동','전라북도','김제시'),(3075,164,4521011000,'옥산동','전라북도','김제시'),(3076,164,4521011100,'갈공동','전라북도','김제시'),(3077,164,4521011200,'하동','전라북도','김제시'),(3078,164,4521011300,'흥사동','전라북도','김제시'),(3079,164,4521011400,'상동동','전라북도','김제시'),(3080,164,4521011500,'월성동','전라북도','김제시'),(3081,164,4521011600,'황산동','전라북도','김제시'),(3082,164,4521011700,'난봉동','전라북도','김제시'),(3083,164,4521011800,'오정동','전라북도','김제시'),(3084,164,4521011900,'복죽동','전라북도','김제시'),(3085,164,4521012000,'입석동','전라북도','김제시'),(3086,164,4521012100,'장화동','전라북도','김제시'),(3087,164,4521012200,'신덕동','전라북도','김제시'),(3088,164,4521012300,'월봉동','전라북도','김제시'),(3089,164,4521012400,'신월동','전라북도','김제시'),(3090,164,4521012500,'연정동','전라북도','김제시'),(3091,164,4521012600,'명덕동','전라북도','김제시'),(3092,164,4521012700,'제월동','전라북도','김제시'),(3093,164,4521012800,'도장동','전라북도','김제시'),(3094,164,4521012900,'서정동','전라북도','김제시'),(3095,164,4521013000,'양전동','전라북도','김제시'),(3096,164,4521025000,'만경읍','전라북도','김제시'),(3097,164,4521032000,'죽산면','전라북도','김제시'),(3098,164,4521033000,'백산면','전라북도','김제시'),(3099,164,4521034000,'용지면','전라북도','김제시'),(3100,164,4521035000,'백구면','전라북도','김제시'),(3101,164,4521036000,'부량면','전라북도','김제시'),(3102,164,4521038000,'공덕면','전라북도','김제시'),(3103,164,4521039000,'청하면','전라북도','김제시'),(3104,164,4521040000,'성덕면','전라북도','김제시'),(3105,164,4521041000,'진봉면','전라북도','김제시'),(3106,164,4521042000,'금구면','전라북도','김제시'),(3107,164,4521043000,'봉남면','전라북도','김제시'),(3108,164,4521044000,'황산면','전라북도','김제시'),(3109,164,4521045000,'금산면','전라북도','김제시'),(3110,164,4521046000,'광활면','전라북도','김제시'),(3111,165,4571025000,'삼례읍','전라북도','완주군'),(3112,165,4571025300,'봉동읍','전라북도','완주군'),(3113,165,4571025600,'용진읍','전라북도','완주군'),(3114,165,4571032000,'상관면','전라북도','완주군'),(3115,165,4571033000,'이서면','전라북도','완주군'),(3116,165,4571034000,'소양면','전라북도','완주군'),(3117,165,4571035000,'구이면','전라북도','완주군'),(3118,165,4571036000,'고산면','전라북도','완주군'),(3119,165,4571037000,'비봉면','전라북도','완주군'),(3120,165,4571038000,'운주면','전라북도','완주군'),(3121,165,4571039000,'화산면','전라북도','완주군'),(3122,165,4571040000,'동상면','전라북도','완주군'),(3123,165,4571041000,'경천면','전라북도','완주군'),(3124,166,4572025000,'진안읍','전라북도','진안군'),(3125,166,4572031000,'용담면','전라북도','진안군'),(3126,166,4572032000,'안천면','전라북도','진안군'),(3127,166,4572033000,'동향면','전라북도','진안군'),(3128,166,4572034000,'상전면','전라북도','진안군'),(3129,166,4572035000,'백운면','전라북도','진안군'),(3130,166,4572036000,'성수면','전라북도','진안군'),(3131,166,4572037000,'마령면','전라북도','진안군'),(3132,166,4572038000,'부귀면','전라북도','진안군'),(3133,166,4572039000,'정천면','전라북도','진안군'),(3134,166,4572040000,'주천면','전라북도','진안군'),(3135,167,4573025000,'무주읍','전라북도','무주군'),(3136,167,4573031000,'무풍면','전라북도','무주군'),(3137,167,4573032000,'설천면','전라북도','무주군'),(3138,167,4573033000,'적상면','전라북도','무주군'),(3139,167,4573034000,'안성면','전라북도','무주군'),(3140,167,4573035000,'부남면','전라북도','무주군'),(3141,168,4574025000,'장수읍','전라북도','장수군'),(3142,168,4574031000,'산서면','전라북도','장수군'),(3143,168,4574032000,'번암면','전라북도','장수군'),(3144,168,4574033500,'장계면','전라북도','장수군'),(3145,168,4574034000,'천천면','전라북도','장수군'),(3146,168,4574035000,'계남면','전라북도','장수군'),(3147,168,4574036000,'계북면','전라북도','장수군'),(3148,169,4575025000,'임실읍','전라북도','임실군'),(3149,169,4575031000,'청웅면','전라북도','임실군'),(3150,169,4575032000,'운암면','전라북도','임실군'),(3151,169,4575033000,'신평면','전라북도','임실군'),(3152,169,4575034000,'성수면','전라북도','임실군'),(3153,169,4575035500,'오수면','전라북도','임실군'),(3154,169,4575036000,'신덕면','전라북도','임실군'),(3155,169,4575037000,'삼계면','전라북도','임실군'),(3156,169,4575038000,'관촌면','전라북도','임실군'),(3157,169,4575039000,'강진면','전라북도','임실군'),(3158,169,4575040000,'덕치면','전라북도','임실군'),(3159,169,4575041000,'지사면','전라북도','임실군'),(3160,170,4577025000,'순창읍','전라북도','순창군'),(3161,170,4577031000,'인계면','전라북도','순창군'),(3162,170,4577032000,'동계면','전라북도','순창군'),(3163,170,4577033000,'풍산면','전라북도','순창군'),(3164,170,4577034000,'금과면','전라북도','순창군'),(3165,170,4577035000,'팔덕면','전라북도','순창군'),(3166,170,4577036000,'쌍치면','전라북도','순창군'),(3167,170,4577037000,'복흥면','전라북도','순창군'),(3168,170,4577038000,'적성면','전라북도','순창군'),(3169,170,4577039000,'유등면','전라북도','순창군'),(3170,170,4577040000,'구림면','전라북도','순창군'),(3171,171,4579025000,'고창읍','전라북도','고창군'),(3172,171,4579031000,'고수면','전라북도','고창군'),(3173,171,4579032000,'아산면','전라북도','고창군'),(3174,171,4579033000,'무장면','전라북도','고창군'),(3175,171,4579034000,'공음면','전라북도','고창군'),(3176,171,4579035000,'상하면','전라북도','고창군'),(3177,171,4579036000,'해리면','전라북도','고창군'),(3178,171,4579037000,'성송면','전라북도','고창군'),(3179,171,4579038000,'대산면','전라북도','고창군'),(3180,171,4579039000,'심원면','전라북도','고창군'),(3181,171,4579040000,'흥덕면','전라북도','고창군'),(3182,171,4579041000,'성내면','전라북도','고창군'),(3183,171,4579042000,'신림면','전라북도','고창군'),(3184,171,4579043000,'부안면','전라북도','고창군'),(3185,172,4580025000,'부안읍','전라북도','부안군'),(3186,172,4580031000,'주산면','전라북도','부안군'),(3187,172,4580032000,'동진면','전라북도','부안군'),(3188,172,4580033000,'행안면','전라북도','부안군'),(3189,172,4580034000,'계화면','전라북도','부안군'),(3190,172,4580035000,'보안면','전라북도','부안군'),(3191,172,4580036000,'변산면','전라북도','부안군'),(3192,172,4580037000,'진서면','전라북도','부안군'),(3193,172,4580038000,'백산면','전라북도','부안군'),(3194,172,4580039000,'상서면','전라북도','부안군'),(3195,172,4580040000,'하서면','전라북도','부안군'),(3196,172,4580041000,'줄포면','전라북도','부안군'),(3197,172,4580042000,'위도면','전라북도','부안군'),(3198,173,4611010100,'용당동','전라남도','목포시'),(3199,173,4611010200,'산정동','전라남도','목포시'),(3200,173,4611010300,'연산동','전라남도','목포시'),(3201,173,4611010400,'대성동','전라남도','목포시'),(3202,173,4611010500,'양동','전라남도','목포시'),(3203,173,4611010600,'북교동','전라남도','목포시'),(3204,173,4611010700,'남교동','전라남도','목포시'),(3205,173,4611010800,'호남동','전라남도','목포시'),(3206,173,4611010900,'대안동','전라남도','목포시'),(3207,173,4611011000,'창평동','전라남도','목포시'),(3208,173,4611011100,'명륜동','전라남도','목포시'),(3209,173,4611011200,'죽동','전라남도','목포시'),(3210,173,4611011300,'무안동','전라남도','목포시'),(3211,173,4611011400,'측후동','전라남도','목포시'),(3212,173,4611011500,'상락동1가','전라남도','목포시'),(3213,173,4611011600,'상락동2가','전라남도','목포시'),(3214,173,4611011700,'복만동','전라남도','목포시'),(3215,173,4611011800,'동명동','전라남도','목포시'),(3216,173,4611011900,'광동1가','전라남도','목포시'),(3217,173,4611012000,'광동2가','전라남도','목포시'),(3218,173,4611012100,'광동3가','전라남도','목포시'),(3219,173,4611012200,'영해동1가','전라남도','목포시'),(3220,173,4611012300,'영해동2가','전라남도','목포시'),(3221,173,4611012400,'행복동1가','전라남도','목포시'),(3222,173,4611012500,'행복동2가','전라남도','목포시'),(3223,173,4611012600,'축복동1가','전라남도','목포시'),(3224,173,4611012700,'축복동2가','전라남도','목포시'),(3225,173,4611012800,'축복동3가','전라남도','목포시'),(3226,173,4611012900,'보광동1가','전라남도','목포시'),(3227,173,4611013000,'보광동2가','전라남도','목포시'),(3228,173,4611013100,'보광동3가','전라남도','목포시'),(3229,173,4611013200,'유달동','전라남도','목포시'),(3230,173,4611013300,'대의동1가','전라남도','목포시'),(3231,173,4611013400,'대의동2가','전라남도','목포시'),(3232,173,4611013500,'대의동3가','전라남도','목포시'),(3233,173,4611013600,'중앙동1가','전라남도','목포시'),(3234,173,4611013700,'중앙동2가','전라남도','목포시'),(3235,173,4611013800,'중앙동3가','전라남도','목포시'),(3236,173,4611013900,'만호동','전라남도','목포시'),(3237,173,4611014000,'수강동1가','전라남도','목포시'),(3238,173,4611014100,'수강동2가','전라남도','목포시'),(3239,173,4611014200,'해안동1가','전라남도','목포시'),(3240,173,4611014300,'해안동2가','전라남도','목포시'),(3241,173,4611014400,'해안동3가','전라남도','목포시'),(3242,173,4611014500,'해안동4가','전라남도','목포시'),(3243,173,4611014600,'항동','전라남도','목포시'),(3244,173,4611014700,'중동1가','전라남도','목포시'),(3245,173,4611014800,'중동2가','전라남도','목포시'),(3246,173,4611014900,'유동','전라남도','목포시'),(3247,173,4611015000,'금동1가','전라남도','목포시'),(3248,173,4611015100,'금동2가','전라남도','목포시'),(3249,173,4611015200,'경동1가','전라남도','목포시'),(3250,173,4611015300,'경동2가','전라남도','목포시'),(3251,173,4611015400,'서산동','전라남도','목포시'),(3252,173,4611015500,'금화동','전라남도','목포시'),(3253,173,4611015600,'온금동','전라남도','목포시'),(3254,173,4611015700,'죽교동','전라남도','목포시'),(3255,173,4611015800,'상동','전라남도','목포시'),(3256,173,4611015900,'용해동','전라남도','목포시'),(3257,173,4611016000,'석현동','전라남도','목포시'),(3258,173,4611016100,'달동','전라남도','목포시'),(3259,173,4611016200,'율도동','전라남도','목포시'),(3260,173,4611016300,'대양동','전라남도','목포시'),(3261,173,4611016400,'옥암동','전라남도','목포시'),(3262,174,4613010100,'종화동','전라남도','여수시'),(3263,174,4613010200,'수정동','전라남도','여수시'),(3264,174,4613010300,'공화동','전라남도','여수시'),(3265,174,4613010400,'관문동','전라남도','여수시'),(3266,174,4613010500,'고소동','전라남도','여수시'),(3267,174,4613010600,'동산동','전라남도','여수시'),(3268,174,4613010700,'중앙동','전라남도','여수시'),(3269,174,4613010800,'교동','전라남도','여수시'),(3270,174,4613010900,'군자동','전라남도','여수시'),(3271,174,4613011000,'충무동','전라남도','여수시'),(3272,174,4613011100,'연등동','전라남도','여수시'),(3273,174,4613011200,'광무동','전라남도','여수시'),(3274,174,4613011300,'서교동','전라남도','여수시'),(3275,174,4613011400,'봉강동','전라남도','여수시'),(3276,174,4613011500,'봉산동','전라남도','여수시'),(3277,174,4613011600,'남산동','전라남도','여수시'),(3278,174,4613011700,'국동','전라남도','여수시'),(3279,174,4613011800,'신월동','전라남도','여수시'),(3280,174,4613011900,'여서동','전라남도','여수시'),(3281,174,4613012000,'문수동','전라남도','여수시'),(3282,174,4613012100,'오림동','전라남도','여수시'),(3283,174,4613012200,'미평동','전라남도','여수시'),(3284,174,4613012300,'둔덕동','전라남도','여수시'),(3285,174,4613012400,'오천동','전라남도','여수시'),(3286,174,4613012500,'만흥동','전라남도','여수시'),(3287,174,4613012600,'덕충동','전라남도','여수시'),(3288,174,4613012700,'경호동','전라남도','여수시'),(3289,174,4613012800,'학동','전라남도','여수시'),(3290,174,4613012900,'학용동','전라남도','여수시'),(3291,174,4613013000,'안산동','전라남도','여수시'),(3292,174,4613013100,'소호동','전라남도','여수시'),(3293,174,4613013200,'시전동','전라남도','여수시'),(3294,174,4613013300,'신기동','전라남도','여수시'),(3295,174,4613013400,'웅천동','전라남도','여수시'),(3296,174,4613013500,'선원동','전라남도','여수시'),(3297,174,4613013600,'여천동','전라남도','여수시'),(3298,174,4613013700,'화장동','전라남도','여수시'),(3299,174,4613013800,'주삼동','전라남도','여수시'),(3300,174,4613013900,'봉계동','전라남도','여수시'),(3301,174,4613014000,'해산동','전라남도','여수시'),(3302,174,4613014100,'화치동','전라남도','여수시'),(3303,174,4613014200,'월하동','전라남도','여수시'),(3304,174,4613014300,'평여동','전라남도','여수시'),(3305,174,4613014400,'중흥동','전라남도','여수시'),(3306,174,4613014500,'적량동','전라남도','여수시'),(3307,174,4613014600,'월내동','전라남도','여수시'),(3308,174,4613014700,'묘도동','전라남도','여수시'),(3309,174,4613014800,'낙포동','전라남도','여수시'),(3310,174,4613014900,'신덕동','전라남도','여수시'),(3311,174,4613015000,'상암동','전라남도','여수시'),(3312,174,4613015100,'호명동','전라남도','여수시'),(3313,174,4613025000,'돌산읍','전라남도','여수시'),(3314,174,4613031000,'소라면','전라남도','여수시'),(3315,174,4613032000,'율촌면','전라남도','여수시'),(3316,174,4613033000,'화양면','전라남도','여수시'),(3317,174,4613034000,'남면','전라남도','여수시'),(3318,174,4613035000,'화정면','전라남도','여수시'),(3319,174,4613036000,'삼산면','전라남도','여수시'),(3320,175,4615010100,'삼거동','전라남도','순천시'),(3321,175,4615010200,'와룡동','전라남도','순천시'),(3322,175,4615010300,'영동','전라남도','순천시'),(3323,175,4615010400,'옥천동','전라남도','순천시'),(3324,175,4615010500,'행동','전라남도','순천시'),(3325,175,4615010600,'금곡동','전라남도','순천시'),(3326,175,4615010700,'매곡동','전라남도','순천시'),(3327,175,4615010800,'석현동','전라남도','순천시'),(3328,175,4615010900,'가곡동','전라남도','순천시'),(3329,175,4615011000,'용당동','전라남도','순천시'),(3330,175,4615011100,'조곡동','전라남도','순천시'),(3331,175,4615011200,'생목동','전라남도','순천시'),(3332,175,4615011300,'덕암동','전라남도','순천시'),(3333,175,4615011400,'연향동','전라남도','순천시'),(3334,175,4615011500,'풍덕동','전라남도','순천시'),(3335,175,4615011600,'남정동','전라남도','순천시'),(3336,175,4615011700,'인제동','전라남도','순천시'),(3337,175,4615011800,'저전동','전라남도','순천시'),(3338,175,4615011900,'장천동','전라남도','순천시'),(3339,175,4615012000,'남내동','전라남도','순천시'),(3340,175,4615012100,'중앙동','전라남도','순천시'),(3341,175,4615012200,'동외동','전라남도','순천시'),(3342,175,4615012300,'교량동','전라남도','순천시'),(3343,175,4615012400,'대룡동','전라남도','순천시'),(3344,175,4615012500,'홍내동','전라남도','순천시'),(3345,175,4615012600,'오천동','전라남도','순천시'),(3346,175,4615012700,'덕월동','전라남도','순천시'),(3347,175,4615012800,'야흥동','전라남도','순천시'),(3348,175,4615012900,'인월동','전라남도','순천시'),(3349,175,4615013000,'안풍동','전라남도','순천시'),(3350,175,4615013100,'대대동','전라남도','순천시'),(3351,175,4615013200,'왕지동','전라남도','순천시'),(3352,175,4615013300,'조례동','전라남도','순천시'),(3353,175,4615025000,'승주읍','전라남도','순천시'),(3354,175,4615031000,'해룡면','전라남도','순천시'),(3355,175,4615032000,'서면','전라남도','순천시'),(3356,175,4615033000,'황전면','전라남도','순천시'),(3357,175,4615034000,'월등면','전라남도','순천시'),(3358,175,4615035000,'주암면','전라남도','순천시'),(3359,175,4615036000,'송광면','전라남도','순천시'),(3360,175,4615037000,'외서면','전라남도','순천시'),(3361,175,4615038000,'낙안면','전라남도','순천시'),(3362,175,4615039000,'별량면','전라남도','순천시'),(3363,175,4615040000,'상사면','전라남도','순천시'),(3364,176,4617010100,'토계동','전라남도','나주시'),(3365,176,4617010200,'송월동','전라남도','나주시'),(3366,176,4617010300,'안창동','전라남도','나주시'),(3367,176,4617010400,'삼영동','전라남도','나주시'),(3368,176,4617010500,'교동','전라남도','나주시'),(3369,176,4617010600,'서내동','전라남도','나주시'),(3370,176,4617010700,'산정동','전라남도','나주시'),(3371,176,4617010800,'경현동','전라남도','나주시'),(3372,176,4617010900,'보산동','전라남도','나주시'),(3373,176,4617011000,'금계동','전라남도','나주시'),(3374,176,4617011100,'금성동','전라남도','나주시'),(3375,176,4617011200,'남내동','전라남도','나주시'),(3376,176,4617011300,'과원동','전라남도','나주시'),(3377,176,4617011400,'성북동','전라남도','나주시'),(3378,176,4617011500,'중앙동','전라남도','나주시'),(3379,176,4617011600,'대호동','전라남도','나주시'),(3380,176,4617011700,'송촌동','전라남도','나주시'),(3381,176,4617011800,'석현동','전라남도','나주시'),(3382,176,4617011900,'청동','전라남도','나주시'),(3383,176,4617012000,'남외동','전라남도','나주시'),(3384,176,4617012100,'죽림동','전라남도','나주시'),(3385,176,4617012200,'삼도동','전라남도','나주시'),(3386,176,4617012300,'영산동','전라남도','나주시'),(3387,176,4617012400,'용산동','전라남도','나주시'),(3388,176,4617012500,'관정동','전라남도','나주시'),(3389,176,4617012600,'평산동','전라남도','나주시'),(3390,176,4617012700,'부덕동','전라남도','나주시'),(3391,176,4617012800,'이창동','전라남도','나주시'),(3392,176,4617012900,'대기동','전라남도','나주시'),(3393,176,4617013000,'운곡동','전라남도','나주시'),(3394,176,4617013100,'동수동','전라남도','나주시'),(3395,176,4617013200,'오량동','전라남도','나주시'),(3396,176,4617013300,'진포동','전라남도','나주시'),(3397,176,4617013400,'빛가람동','전라남도','나주시'),(3398,176,4617025000,'남평읍','전라남도','나주시'),(3399,176,4617031000,'세지면','전라남도','나주시'),(3400,176,4617032000,'왕곡면','전라남도','나주시'),(3401,176,4617033000,'반남면','전라남도','나주시'),(3402,176,4617034000,'공산면','전라남도','나주시'),(3403,176,4617035000,'동강면','전라남도','나주시'),(3404,176,4617036000,'다시면','전라남도','나주시'),(3405,176,4617037000,'문평면','전라남도','나주시'),(3406,176,4617038000,'노안면','전라남도','나주시'),(3407,176,4617039000,'금천면','전라남도','나주시'),(3408,176,4617040000,'산포면','전라남도','나주시'),(3409,176,4617042000,'다도면','전라남도','나주시'),(3410,176,4617043000,'봉황면','전라남도','나주시'),(3411,177,4623010100,'황금동','전라남도','광양시'),(3412,177,4623010200,'황길동','전라남도','광양시'),(3413,177,4623010300,'도이동','전라남도','광양시'),(3414,177,4623010400,'성황동','전라남도','광양시'),(3415,177,4623010500,'중군동','전라남도','광양시'),(3416,177,4623010600,'중동','전라남도','광양시'),(3417,177,4623010700,'마동','전라남도','광양시'),(3418,177,4623010800,'광영동','전라남도','광양시'),(3419,177,4623010900,'태인동','전라남도','광양시'),(3420,177,4623011000,'금호동','전라남도','광양시'),(3421,177,4623025000,'광양읍','전라남도','광양시'),(3422,177,4623031000,'봉강면','전라남도','광양시'),(3423,177,4623032000,'옥룡면','전라남도','광양시'),(3424,177,4623033000,'옥곡면','전라남도','광양시'),(3425,177,4623034000,'진상면','전라남도','광양시'),(3426,177,4623035000,'진월면','전라남도','광양시'),(3427,177,4623036000,'다압면','전라남도','광양시'),(3428,178,4671025000,'담양읍','전라남도','담양군'),(3429,178,4671031000,'봉산면','전라남도','담양군'),(3430,178,4671032000,'고서면','전라남도','담양군'),(3431,178,4671034000,'창평면','전라남도','담양군'),(3432,178,4671035000,'대덕면','전라남도','담양군'),(3433,178,4671036000,'무정면','전라남도','담양군'),(3434,178,4671037000,'금성면','전라남도','담양군'),(3435,178,4671038000,'용면','전라남도','담양군'),(3436,178,4671039000,'월산면','전라남도','담양군'),(3437,178,4671040000,'수북면','전라남도','담양군'),(3438,178,4671041000,'대전면','전라남도','담양군'),(3439,178,4671042000,'가사문학면','전라남도','담양군'),(3440,179,4672025000,'곡성읍','전라남도','곡성군'),(3441,179,4672031000,'오곡면','전라남도','곡성군'),(3442,179,4672032000,'삼기면','전라남도','곡성군'),(3443,179,4672033000,'석곡면','전라남도','곡성군'),(3444,179,4672034000,'목사동면','전라남도','곡성군'),(3445,179,4672035000,'죽곡면','전라남도','곡성군'),(3446,179,4672036000,'고달면','전라남도','곡성군'),(3447,179,4672037000,'옥과면','전라남도','곡성군'),(3448,179,4672038000,'입면','전라남도','곡성군'),(3449,179,4672039000,'겸면','전라남도','곡성군'),(3450,179,4672040000,'오산면','전라남도','곡성군'),(3451,180,4673025000,'구례읍','전라남도','구례군'),(3452,180,4673031000,'문척면','전라남도','구례군'),(3453,180,4673032000,'간전면','전라남도','구례군'),(3454,180,4673033000,'토지면','전라남도','구례군'),(3455,180,4673034000,'마산면','전라남도','구례군'),(3456,180,4673035000,'광의면','전라남도','구례군'),(3457,180,4673036000,'용방면','전라남도','구례군'),(3458,180,4673037000,'산동면','전라남도','구례군'),(3459,181,4677025000,'고흥읍','전라남도','고흥군'),(3460,181,4677025300,'도양읍','전라남도','고흥군'),(3461,181,4677031000,'풍양면','전라남도','고흥군'),(3462,181,4677032000,'도덕면','전라남도','고흥군'),(3463,181,4677033000,'금산면','전라남도','고흥군'),(3464,181,4677034000,'도화면','전라남도','고흥군'),(3465,181,4677035000,'포두면','전라남도','고흥군'),(3466,181,4677036000,'봉래면','전라남도','고흥군'),(3467,181,4677037000,'점암면','전라남도','고흥군'),(3468,181,4677038000,'과역면','전라남도','고흥군'),(3469,181,4677039000,'남양면','전라남도','고흥군'),(3470,181,4677040000,'동강면','전라남도','고흥군'),(3471,181,4677041000,'대서면','전라남도','고흥군'),(3472,181,4677042000,'두원면','전라남도','고흥군'),(3473,181,4677044000,'영남면','전라남도','고흥군'),(3474,181,4677045000,'동일면','전라남도','고흥군'),(3475,182,4678025000,'보성읍','전라남도','보성군'),(3476,182,4678025300,'벌교읍','전라남도','보성군'),(3477,182,4678031000,'노동면','전라남도','보성군'),(3478,182,4678032000,'미력면','전라남도','보성군'),(3479,182,4678033000,'겸백면','전라남도','보성군'),(3480,182,4678034000,'율어면','전라남도','보성군'),(3481,182,4678035000,'복내면','전라남도','보성군'),(3482,182,4678036000,'문덕면','전라남도','보성군'),(3483,182,4678037000,'조성면','전라남도','보성군'),(3484,182,4678038000,'득량면','전라남도','보성군'),(3485,182,4678039000,'회천면','전라남도','보성군'),(3486,182,4678040000,'웅치면','전라남도','보성군'),(3487,183,4679025000,'화순읍','전라남도','화순군'),(3488,183,4679031000,'한천면','전라남도','화순군'),(3489,183,4679032000,'춘양면','전라남도','화순군'),(3490,183,4679033000,'청풍면','전라남도','화순군'),(3491,183,4679034000,'이양면','전라남도','화순군'),(3492,183,4679035000,'능주면','전라남도','화순군'),(3493,183,4679036000,'도곡면','전라남도','화순군'),(3494,183,4679037000,'도암면','전라남도','화순군'),(3495,183,4679038000,'이서면','전라남도','화순군'),(3496,183,4679039500,'백아면','전라남도','화순군'),(3497,183,4679040000,'동복면','전라남도','화순군'),(3498,183,4679041500,'사평면','전라남도','화순군'),(3499,183,4679042000,'동면','전라남도','화순군'),(3500,184,4680025000,'장흥읍','전라남도','장흥군'),(3501,184,4680025300,'관산읍','전라남도','장흥군'),(3502,184,4680025600,'대덕읍','전라남도','장흥군'),(3503,184,4680031000,'용산면','전라남도','장흥군'),(3504,184,4680032000,'안양면','전라남도','장흥군'),(3505,184,4680033000,'장동면','전라남도','장흥군'),(3506,184,4680034000,'장평면','전라남도','장흥군'),(3507,184,4680035000,'유치면','전라남도','장흥군'),(3508,184,4680036000,'부산면','전라남도','장흥군'),(3509,184,4680037000,'회진면','전라남도','장흥군'),(3510,185,4681025000,'강진읍','전라남도','강진군'),(3511,185,4681031000,'군동면','전라남도','강진군'),(3512,185,4681032000,'칠량면','전라남도','강진군'),(3513,185,4681033000,'대구면','전라남도','강진군'),(3514,185,4681034000,'도암면','전라남도','강진군'),(3515,185,4681035000,'신전면','전라남도','강진군'),(3516,185,4681036000,'성전면','전라남도','강진군'),(3517,185,4681037000,'작천면','전라남도','강진군'),(3518,185,4681038000,'병영면','전라남도','강진군'),(3519,185,4681039000,'옴천면','전라남도','강진군'),(3520,185,4681040000,'마량면','전라남도','강진군'),(3521,186,4682025000,'해남읍','전라남도','해남군'),(3522,186,4682031000,'삼산면','전라남도','해남군'),(3523,186,4682032000,'화산면','전라남도','해남군'),(3524,186,4682033000,'현산면','전라남도','해남군'),(3525,186,4682034000,'송지면','전라남도','해남군'),(3526,186,4682035000,'북평면','전라남도','해남군'),(3527,186,4682036000,'북일면','전라남도','해남군'),(3528,186,4682037000,'옥천면','전라남도','해남군'),(3529,186,4682038000,'계곡면','전라남도','해남군'),(3530,186,4682039000,'마산면','전라남도','해남군'),(3531,186,4682040000,'황산면','전라남도','해남군'),(3532,186,4682041000,'산이면','전라남도','해남군'),(3533,186,4682042000,'문내면','전라남도','해남군'),(3534,186,4682043000,'화원면','전라남도','해남군'),(3535,187,4683025000,'영암읍','전라남도','영암군'),(3536,187,4683025300,'삼호읍','전라남도','영암군'),(3537,187,4683031000,'덕진면','전라남도','영암군'),(3538,187,4683032000,'금정면','전라남도','영암군'),(3539,187,4683033000,'신북면','전라남도','영암군'),(3540,187,4683034000,'시종면','전라남도','영암군'),(3541,187,4683035000,'도포면','전라남도','영암군'),(3542,187,4683036000,'군서면','전라남도','영암군'),(3543,187,4683037000,'서호면','전라남도','영암군'),(3544,187,4683038000,'학산면','전라남도','영암군'),(3545,187,4683039000,'미암면','전라남도','영암군'),(3546,188,4684025000,'무안읍','전라남도','무안군'),(3547,188,4684025300,'일로읍','전라남도','무안군'),(3548,188,4684025600,'삼향읍','전라남도','무안군'),(3549,188,4684031000,'삼향면','전라남도','무안군'),(3550,188,4684032000,'몽탄면','전라남도','무안군'),(3551,188,4684033000,'청계면','전라남도','무안군'),(3552,188,4684034000,'현경면','전라남도','무안군'),(3553,188,4684035000,'망운면','전라남도','무안군'),(3554,188,4684036000,'해제면','전라남도','무안군'),(3555,188,4684037000,'운남면','전라남도','무안군'),(3556,189,4686025000,'함평읍','전라남도','함평군'),(3557,189,4686031000,'손불면','전라남도','함평군'),(3558,189,4686032000,'신광면','전라남도','함평군'),(3559,189,4686033000,'학교면','전라남도','함평군'),(3560,189,4686034000,'엄다면','전라남도','함평군'),(3561,189,4686035000,'대동면','전라남도','함평군'),(3562,189,4686036000,'나산면','전라남도','함평군'),(3563,189,4686037000,'해보면','전라남도','함평군'),(3564,189,4686038000,'월야면','전라남도','함평군'),(3565,190,4687025000,'영광읍','전라남도','영광군'),(3566,190,4687025300,'백수읍','전라남도','영광군'),(3567,190,4687025600,'홍농읍','전라남도','영광군'),(3568,190,4687031000,'대마면','전라남도','영광군'),(3569,190,4687032000,'묘량면','전라남도','영광군'),(3570,190,4687033000,'불갑면','전라남도','영광군'),(3571,190,4687034000,'군서면','전라남도','영광군'),(3572,190,4687035000,'군남면','전라남도','영광군'),(3573,190,4687036000,'염산면','전라남도','영광군'),(3574,190,4687037000,'법성면','전라남도','영광군'),(3575,190,4687038000,'낙월면','전라남도','영광군'),(3576,191,4688025000,'장성읍','전라남도','장성군'),(3577,191,4688031000,'진원면','전라남도','장성군'),(3578,191,4688032000,'남면','전라남도','장성군'),(3579,191,4688033000,'동화면','전라남도','장성군'),(3580,191,4688034000,'삼서면','전라남도','장성군'),(3581,191,4688035000,'삼계면','전라남도','장성군'),(3582,191,4688036000,'황룡면','전라남도','장성군'),(3583,191,4688037000,'서삼면','전라남도','장성군'),(3584,191,4688038000,'북일면','전라남도','장성군'),(3585,191,4688039000,'북이면','전라남도','장성군'),(3586,191,4688040000,'북하면','전라남도','장성군'),(3587,192,4689025000,'완도읍','전라남도','완도군'),(3588,192,4689025300,'금일읍','전라남도','완도군'),(3589,192,4689025600,'노화읍','전라남도','완도군'),(3590,192,4689031000,'군외면','전라남도','완도군'),(3591,192,4689032000,'신지면','전라남도','완도군'),(3592,192,4689033000,'고금면','전라남도','완도군'),(3593,192,4689034000,'약산면','전라남도','완도군'),(3594,192,4689035000,'청산면','전라남도','완도군'),(3595,192,4689036000,'소안면','전라남도','완도군'),(3596,192,4689037000,'금당면','전라남도','완도군'),(3597,192,4689038000,'보길면','전라남도','완도군'),(3598,192,4689039000,'생일면','전라남도','완도군'),(3599,193,4690025000,'진도읍','전라남도','진도군'),(3600,193,4690031000,'군내면','전라남도','진도군'),(3601,193,4690032000,'고군면','전라남도','진도군'),(3602,193,4690033000,'의신면','전라남도','진도군'),(3603,193,4690034000,'임회면','전라남도','진도군'),(3604,193,4690035000,'지산면','전라남도','진도군'),(3605,193,4690036000,'조도면','전라남도','진도군'),(3606,194,4691025000,'지도읍','전라남도','신안군'),(3607,194,4691025300,'압해읍','전라남도','신안군'),(3608,194,4691031000,'증도면','전라남도','신안군'),(3609,194,4691032000,'임자면','전라남도','신안군'),(3610,194,4691033000,'자은면','전라남도','신안군'),(3611,194,4691034000,'비금면','전라남도','신안군'),(3612,194,4691035000,'도초면','전라남도','신안군'),(3613,194,4691036000,'흑산면','전라남도','신안군'),(3614,194,4691037000,'하의면','전라남도','신안군'),(3615,194,4691038000,'신의면','전라남도','신안군'),(3616,194,4691039000,'장산면','전라남도','신안군'),(3617,194,4691040000,'안좌면','전라남도','신안군'),(3618,194,4691041000,'팔금면','전라남도','신안군'),(3619,194,4691042000,'암태면','전라남도','신안군'),(3620,196,4711110100,'상도동','경상북도','포항시 남구'),(3621,196,4711110200,'대도동','경상북도','포항시 남구'),(3622,196,4711110300,'해도동','경상북도','포항시 남구'),(3623,196,4711110400,'송도동','경상북도','포항시 남구'),(3624,196,4711110500,'청림동','경상북도','포항시 남구'),(3625,196,4711110600,'일월동','경상북도','포항시 남구'),(3626,196,4711110700,'송정동','경상북도','포항시 남구'),(3627,196,4711110800,'송내동','경상북도','포항시 남구'),(3628,196,4711110900,'괴동동','경상북도','포항시 남구'),(3629,196,4711111000,'동촌동','경상북도','포항시 남구'),(3630,196,4711111100,'장흥동','경상북도','포항시 남구'),(3631,196,4711111200,'인덕동','경상북도','포항시 남구'),(3632,196,4711111300,'호동','경상북도','포항시 남구'),(3633,196,4711111400,'효자동','경상북도','포항시 남구'),(3634,196,4711111500,'지곡동','경상북도','포항시 남구'),(3635,196,4711111600,'대잠동','경상북도','포항시 남구'),(3636,196,4711111700,'이동','경상북도','포항시 남구'),(3637,196,4711125000,'구룡포읍','경상북도','포항시 남구'),(3638,196,4711125300,'연일읍','경상북도','포항시 남구'),(3639,196,4711125600,'오천읍','경상북도','포항시 남구'),(3640,196,4711131000,'대송면','경상북도','포항시 남구'),(3641,196,4711132000,'동해면','경상북도','포항시 남구'),(3642,196,4711133000,'장기면','경상북도','포항시 남구'),(3643,196,4711135000,'호미곶면','경상북도','포항시 남구'),(3644,197,4711310100,'대흥동','경상북도','포항시 북구'),(3645,197,4711310200,'신흥동','경상북도','포항시 북구'),(3646,197,4711310300,'남빈동','경상북도','포항시 북구'),(3647,197,4711310400,'상원동','경상북도','포항시 북구'),(3648,197,4711310500,'여천동','경상북도','포항시 북구'),(3649,197,4711310600,'중앙동','경상북도','포항시 북구'),(3650,197,4711310700,'덕산동','경상북도','포항시 북구'),(3651,197,4711310800,'덕수동','경상북도','포항시 북구'),(3652,197,4711310900,'대신동','경상북도','포항시 북구'),(3653,197,4711311000,'동빈1가','경상북도','포항시 북구'),(3654,197,4711311100,'동빈2가','경상북도','포항시 북구'),(3655,197,4711311200,'학산동','경상북도','포항시 북구'),(3656,197,4711311300,'항구동','경상북도','포항시 북구'),(3657,197,4711311400,'득량동','경상북도','포항시 북구'),(3658,197,4711311500,'학잠동','경상북도','포항시 북구'),(3659,197,4711311600,'죽도동','경상북도','포항시 북구'),(3660,197,4711311700,'용흥동','경상북도','포항시 북구'),(3661,197,4711311800,'우현동','경상북도','포항시 북구'),(3662,197,4711311900,'창포동','경상북도','포항시 북구'),(3663,197,4711312000,'두호동','경상북도','포항시 북구'),(3664,197,4711312100,'장성동','경상북도','포항시 북구'),(3665,197,4711312200,'양덕동','경상북도','포항시 북구'),(3666,197,4711312300,'환호동','경상북도','포항시 북구'),(3667,197,4711312400,'여남동','경상북도','포항시 북구'),(3668,197,4711325000,'흥해읍','경상북도','포항시 북구'),(3669,197,4711331000,'신광면','경상북도','포항시 북구'),(3670,197,4711332000,'청하면','경상북도','포항시 북구'),(3671,197,4711333000,'송라면','경상북도','포항시 북구'),(3672,197,4711334000,'기계면','경상북도','포항시 북구'),(3673,197,4711335000,'죽장면','경상북도','포항시 북구'),(3674,197,4711336000,'기북면','경상북도','포항시 북구'),(3675,198,4713010100,'동부동','경상북도','경주시'),(3676,198,4713010200,'서부동','경상북도','경주시'),(3677,198,4713010300,'북부동','경상북도','경주시'),(3678,198,4713010400,'성동동','경상북도','경주시'),(3679,198,4713010500,'황오동','경상북도','경주시'),(3680,198,4713010600,'노동동','경상북도','경주시'),(3681,198,4713010700,'노서동','경상북도','경주시'),(3682,198,4713010800,'성건동','경상북도','경주시'),(3683,198,4713010900,'사정동','경상북도','경주시'),(3684,198,4713011000,'황남동','경상북도','경주시'),(3685,198,4713011100,'교동','경상북도','경주시'),(3686,198,4713011200,'인왕동','경상북도','경주시'),(3687,198,4713011300,'탑동','경상북도','경주시'),(3688,198,4713011400,'충효동','경상북도','경주시'),(3689,198,4713011500,'서악동','경상북도','경주시'),(3690,198,4713011600,'효현동','경상북도','경주시'),(3691,198,4713011700,'광명동','경상북도','경주시'),(3692,198,4713011800,'동방동','경상북도','경주시'),(3693,198,4713011900,'도지동','경상북도','경주시'),(3694,198,4713012000,'남산동','경상북도','경주시'),(3695,198,4713012100,'배반동','경상북도','경주시'),(3696,198,4713012200,'구황동','경상북도','경주시'),(3697,198,4713012300,'보문동','경상북도','경주시'),(3698,198,4713012400,'황성동','경상북도','경주시'),(3699,198,4713012500,'용강동','경상북도','경주시'),(3700,198,4713012600,'동천동','경상북도','경주시'),(3701,198,4713012700,'평동','경상북도','경주시'),(3702,198,4713012800,'조양동','경상북도','경주시'),(3703,198,4713012900,'시동','경상북도','경주시'),(3704,198,4713013000,'시래동','경상북도','경주시'),(3705,198,4713013100,'구정동','경상북도','경주시'),(3706,198,4713013200,'마동','경상북도','경주시'),(3707,198,4713013300,'하동','경상북도','경주시'),(3708,198,4713013400,'진현동','경상북도','경주시'),(3709,198,4713013500,'천군동','경상북도','경주시'),(3710,198,4713013600,'신평동','경상북도','경주시'),(3711,198,4713013700,'덕동','경상북도','경주시'),(3712,198,4713013800,'암곡동','경상북도','경주시'),(3713,198,4713013900,'황용동','경상북도','경주시'),(3714,198,4713014000,'북군동','경상북도','경주시'),(3715,198,4713014100,'손곡동','경상북도','경주시'),(3716,198,4713014200,'율동','경상북도','경주시'),(3717,198,4713014300,'배동','경상북도','경주시'),(3718,198,4713014400,'석장동','경상북도','경주시'),(3719,198,4713025000,'감포읍','경상북도','경주시'),(3720,198,4713025300,'안강읍','경상북도','경주시'),(3721,198,4713025600,'건천읍','경상북도','경주시'),(3722,198,4713025900,'외동읍','경상북도','경주시'),(3723,198,4713031500,'문무대왕면','경상북도','경주시'),(3724,198,4713032000,'양남면','경상북도','경주시'),(3725,198,4713033000,'내남면','경상북도','경주시'),(3726,198,4713034000,'산내면','경상북도','경주시'),(3727,198,4713035000,'서면','경상북도','경주시'),(3728,198,4713036000,'현곡면','경상북도','경주시'),(3729,198,4713037000,'강동면','경상북도','경주시'),(3730,198,4713038000,'천북면','경상북도','경주시'),(3731,199,4715010100,'감호동','경상북도','김천시'),(3732,199,4715010200,'용두동','경상북도','김천시'),(3733,199,4715010300,'모암동','경상북도','김천시'),(3734,199,4715010400,'성내동','경상북도','김천시'),(3735,199,4715010500,'평화동','경상북도','김천시'),(3736,199,4715010600,'남산동','경상북도','김천시'),(3737,199,4715010700,'황금동','경상북도','김천시'),(3738,199,4715010800,'신음동','경상북도','김천시'),(3739,199,4715010900,'교동','경상북도','김천시'),(3740,199,4715011000,'삼락동','경상북도','김천시'),(3741,199,4715011100,'문당동','경상북도','김천시'),(3742,199,4715011200,'다수동','경상북도','김천시'),(3743,199,4715011300,'백옥동','경상북도','김천시'),(3744,199,4715011400,'부곡동','경상북도','김천시'),(3745,199,4715011500,'지좌동','경상북도','김천시'),(3746,199,4715011600,'덕곡동','경상북도','김천시'),(3747,199,4715011700,'대광동','경상북도','김천시'),(3748,199,4715011800,'응명동','경상북도','김천시'),(3749,199,4715011900,'양천동','경상북도','김천시'),(3750,199,4715012000,'율곡동','경상북도','김천시'),(3751,199,4715025000,'아포읍','경상북도','김천시'),(3752,199,4715031000,'농소면','경상북도','김천시'),(3753,199,4715032000,'남면','경상북도','김천시'),(3754,199,4715034000,'개령면','경상북도','김천시'),(3755,199,4715035000,'감문면','경상북도','김천시'),(3756,199,4715036000,'어모면','경상북도','김천시'),(3757,199,4715037000,'봉산면','경상북도','김천시'),(3758,199,4715038000,'대항면','경상북도','김천시'),(3759,199,4715039000,'감천면','경상북도','김천시'),(3760,199,4715040000,'조마면','경상북도','김천시'),(3761,199,4715041000,'구성면','경상북도','김천시'),(3762,199,4715042000,'지례면','경상북도','김천시'),(3763,199,4715043000,'부항면','경상북도','김천시'),(3764,199,4715044000,'대덕면','경상북도','김천시'),(3765,199,4715045000,'증산면','경상북도','김천시'),(3766,200,4717010100,'삼산동','경상북도','안동시'),(3767,200,4717010200,'서부동','경상북도','안동시'),(3768,200,4717010300,'북문동','경상북도','안동시'),(3769,200,4717010400,'명륜동','경상북도','안동시'),(3770,200,4717010500,'신안동','경상북도','안동시'),(3771,200,4717010600,'율세동','경상북도','안동시'),(3772,200,4717010700,'옥정동','경상북도','안동시'),(3773,200,4717010800,'신세동','경상북도','안동시'),(3774,200,4717010900,'법흥동','경상북도','안동시'),(3775,200,4717011000,'용상동','경상북도','안동시'),(3776,200,4717011100,'동문동','경상북도','안동시'),(3777,200,4717011200,'동부동','경상북도','안동시'),(3778,200,4717011300,'운흥동','경상북도','안동시'),(3779,200,4717011400,'천리동','경상북도','안동시'),(3780,200,4717011500,'남부동','경상북도','안동시'),(3781,200,4717011600,'남문동','경상북도','안동시'),(3782,200,4717011700,'안흥동','경상북도','안동시'),(3783,200,4717011800,'대석동','경상북도','안동시'),(3784,200,4717011900,'옥야동','경상북도','안동시'),(3785,200,4717012000,'광석동','경상북도','안동시'),(3786,200,4717012100,'당북동','경상북도','안동시'),(3787,200,4717012200,'태화동','경상북도','안동시'),(3788,200,4717012300,'화성동','경상북도','안동시'),(3789,200,4717012400,'목성동','경상북도','안동시'),(3790,200,4717012500,'법상동','경상북도','안동시'),(3791,200,4717012600,'금곡동','경상북도','안동시'),(3792,200,4717012700,'평화동','경상북도','안동시'),(3793,200,4717012800,'안기동','경상북도','안동시'),(3794,200,4717012900,'운안동','경상북도','안동시'),(3795,200,4717013000,'성곡동','경상북도','안동시'),(3796,200,4717013100,'상아동','경상북도','안동시'),(3797,200,4717013200,'안막동','경상북도','안동시'),(3798,200,4717013300,'옥동','경상북도','안동시'),(3799,200,4717013400,'이천동','경상북도','안동시'),(3800,200,4717013500,'노하동','경상북도','안동시'),(3801,200,4717013600,'송현동','경상북도','안동시'),(3802,200,4717013700,'송천동','경상북도','안동시'),(3803,200,4717013800,'석동동','경상북도','안동시'),(3804,200,4717013900,'정상동','경상북도','안동시'),(3805,200,4717014000,'정하동','경상북도','안동시'),(3806,200,4717014100,'수상동','경상북도','안동시'),(3807,200,4717014200,'수하동','경상북도','안동시'),(3808,200,4717025000,'풍산읍','경상북도','안동시'),(3809,200,4717031000,'와룡면','경상북도','안동시'),(3810,200,4717032000,'북후면','경상북도','안동시'),(3811,200,4717033000,'서후면','경상북도','안동시'),(3812,200,4717034000,'풍천면','경상북도','안동시'),(3813,200,4717035000,'일직면','경상북도','안동시'),(3814,200,4717036000,'남후면','경상북도','안동시'),(3815,200,4717037000,'남선면','경상북도','안동시'),(3816,200,4717038000,'임하면','경상북도','안동시'),(3817,200,4717039000,'길안면','경상북도','안동시'),(3818,200,4717040000,'임동면','경상북도','안동시'),(3819,200,4717041000,'예안면','경상북도','안동시'),(3820,200,4717042000,'도산면','경상북도','안동시'),(3821,200,4717043000,'녹전면','경상북도','안동시'),(3822,201,4719010100,'원평동','경상북도','구미시'),(3823,201,4719010200,'지산동','경상북도','구미시'),(3824,201,4719010300,'도량동','경상북도','구미시'),(3825,201,4719010400,'봉곡동','경상북도','구미시'),(3826,201,4719010500,'부곡동','경상북도','구미시'),(3827,201,4719010600,'선기동','경상북도','구미시'),(3828,201,4719010700,'수점동','경상북도','구미시'),(3829,201,4719010800,'남통동','경상북도','구미시'),(3830,201,4719010900,'형곡동','경상북도','구미시'),(3831,201,4719011000,'송정동','경상북도','구미시'),(3832,201,4719011100,'신평동','경상북도','구미시'),(3833,201,4719011200,'비산동','경상북도','구미시'),(3834,201,4719011300,'공단동','경상북도','구미시'),(3835,201,4719011400,'광평동','경상북도','구미시'),(3836,201,4719011500,'사곡동','경상북도','구미시'),(3837,201,4719011600,'상모동','경상북도','구미시'),(3838,201,4719011700,'임은동','경상북도','구미시'),(3839,201,4719011800,'오태동','경상북도','구미시'),(3840,201,4719011900,'신동','경상북도','구미시'),(3841,201,4719012000,'구평동','경상북도','구미시'),(3842,201,4719012100,'황상동','경상북도','구미시'),(3843,201,4719012200,'인의동','경상북도','구미시'),(3844,201,4719012300,'진평동','경상북도','구미시'),(3845,201,4719012400,'시미동','경상북도','구미시'),(3846,201,4719012500,'임수동','경상북도','구미시'),(3847,201,4719012600,'양호동','경상북도','구미시'),(3848,201,4719012700,'거의동','경상북도','구미시'),(3849,201,4719012800,'옥계동','경상북도','구미시'),(3850,201,4719012900,'구포동','경상북도','구미시'),(3851,201,4719013000,'금전동','경상북도','구미시'),(3852,201,4719025000,'선산읍','경상북도','구미시'),(3853,201,4719025300,'고아읍','경상북도','구미시'),(3854,201,4719025600,'산동읍','경상북도','구미시'),(3855,201,4719031000,'무을면','경상북도','구미시'),(3856,201,4719032000,'옥성면','경상북도','구미시'),(3857,201,4719033000,'도개면','경상북도','구미시'),(3858,201,4719034000,'해평면','경상북도','구미시'),(3859,201,4719036000,'장천면','경상북도','구미시'),(3860,202,4721010100,'영주동','경상북도','영주시'),(3861,202,4721010200,'상망동','경상북도','영주시'),(3862,202,4721010300,'하망동','경상북도','영주시'),(3863,202,4721010400,'휴천동','경상북도','영주시'),(3864,202,4721010500,'가흥동','경상북도','영주시'),(3865,202,4721010600,'문정동','경상북도','영주시'),(3866,202,4721010700,'고현동','경상북도','영주시'),(3867,202,4721010800,'창진동','경상북도','영주시'),(3868,202,4721010900,'상줄동','경상북도','영주시'),(3869,202,4721011000,'조와동','경상북도','영주시'),(3870,202,4721011100,'조암동','경상북도','영주시'),(3871,202,4721011200,'적서동','경상북도','영주시'),(3872,202,4721011300,'아지동','경상북도','영주시'),(3873,202,4721025000,'풍기읍','경상북도','영주시'),(3874,202,4721031000,'이산면','경상북도','영주시'),(3875,202,4721032000,'평은면','경상북도','영주시'),(3876,202,4721033000,'문수면','경상북도','영주시'),(3877,202,4721034000,'장수면','경상북도','영주시'),(3878,202,4721035000,'안정면','경상북도','영주시'),(3879,202,4721036000,'봉현면','경상북도','영주시'),(3880,202,4721037000,'순흥면','경상북도','영주시'),(3881,202,4721038000,'단산면','경상북도','영주시'),(3882,202,4721039000,'부석면','경상북도','영주시'),(3883,203,4723010100,'조교동','경상북도','영천시'),(3884,203,4723010200,'망정동','경상북도','영천시'),(3885,203,4723010300,'야사동','경상북도','영천시'),(3886,203,4723010400,'문내동','경상북도','영천시'),(3887,203,4723010500,'문외동','경상북도','영천시'),(3888,203,4723010600,'창구동','경상북도','영천시'),(3889,203,4723010700,'교촌동','경상북도','영천시'),(3890,203,4723010800,'과전동','경상북도','영천시'),(3891,203,4723010900,'성내동','경상북도','영천시'),(3892,203,4723011000,'화룡동','경상북도','영천시'),(3893,203,4723011100,'도동','경상북도','영천시'),(3894,203,4723011200,'금노동','경상북도','영천시'),(3895,203,4723011300,'완산동','경상북도','영천시'),(3896,203,4723011400,'범어동','경상북도','영천시'),(3897,203,4723011500,'작산동','경상북도','영천시'),(3898,203,4723011600,'봉동','경상북도','영천시'),(3899,203,4723011700,'본촌동','경상북도','영천시'),(3900,203,4723011800,'채신동','경상북도','영천시'),(3901,203,4723011900,'괴연동','경상북도','영천시'),(3902,203,4723012000,'대전동','경상북도','영천시'),(3903,203,4723012100,'녹전동','경상북도','영천시'),(3904,203,4723012200,'도림동','경상북도','영천시'),(3905,203,4723012300,'오미동','경상북도','영천시'),(3906,203,4723012400,'오수동','경상북도','영천시'),(3907,203,4723012500,'쌍계동','경상북도','영천시'),(3908,203,4723012600,'도남동','경상북도','영천시'),(3909,203,4723012700,'매산동','경상북도','영천시'),(3910,203,4723012800,'언하동','경상북도','영천시'),(3911,203,4723012900,'신기동','경상북도','영천시'),(3912,203,4723013000,'서산동','경상북도','영천시'),(3913,203,4723025000,'금호읍','경상북도','영천시'),(3914,203,4723031000,'청통면','경상북도','영천시'),(3915,203,4723032000,'신녕면','경상북도','영천시'),(3916,203,4723033000,'화산면','경상북도','영천시'),(3917,203,4723034000,'화북면','경상북도','영천시'),(3918,203,4723035000,'화남면','경상북도','영천시'),(3919,203,4723036000,'자양면','경상북도','영천시'),(3920,203,4723037000,'임고면','경상북도','영천시'),(3921,203,4723038000,'고경면','경상북도','영천시'),(3922,203,4723039000,'북안면','경상북도','영천시'),(3923,203,4723040000,'대창면','경상북도','영천시'),(3924,204,4725010100,'성하동','경상북도','상주시'),(3925,204,4725010200,'성동동','경상북도','상주시'),(3926,204,4725010300,'인봉동','경상북도','상주시'),(3927,204,4725010400,'복룡동','경상북도','상주시'),(3928,204,4725010500,'냉림동','경상북도','상주시'),(3929,204,4725010600,'서성동','경상북도','상주시'),(3930,204,4725010700,'남성동','경상북도','상주시'),(3931,204,4725010800,'서문동','경상북도','상주시'),(3932,204,4725010900,'무양동','경상북도','상주시'),(3933,204,4725011000,'낙양동','경상북도','상주시'),(3934,204,4725011100,'개운동','경상북도','상주시'),(3935,204,4725011200,'신봉동','경상북도','상주시'),(3936,204,4725011300,'가장동','경상북도','상주시'),(3937,204,4725011400,'양촌동','경상북도','상주시'),(3938,204,4725011500,'지천동','경상북도','상주시'),(3939,204,4725011600,'오대동','경상북도','상주시'),(3940,204,4725011700,'흥각동','경상북도','상주시'),(3941,204,4725011800,'거동동','경상북도','상주시'),(3942,204,4725011900,'인평동','경상북도','상주시'),(3943,204,4725012000,'서곡동','경상북도','상주시'),(3944,204,4725012100,'화개동','경상북도','상주시'),(3945,204,4725012200,'외답동','경상북도','상주시'),(3946,204,4725012300,'헌신동','경상북도','상주시'),(3947,204,4725012400,'병성동','경상북도','상주시'),(3948,204,4725012500,'도남동','경상북도','상주시'),(3949,204,4725012600,'낙상동','경상북도','상주시'),(3950,204,4725012700,'중덕동','경상북도','상주시'),(3951,204,4725012800,'초산동','경상북도','상주시'),(3952,204,4725012900,'화산동','경상북도','상주시'),(3953,204,4725013000,'계산동','경상북도','상주시'),(3954,204,4725013100,'부원동','경상북도','상주시'),(3955,204,4725013200,'죽전동','경상북도','상주시'),(3956,204,4725013300,'만산동','경상북도','상주시'),(3957,204,4725013400,'연원동','경상북도','상주시'),(3958,204,4725013500,'남장동','경상북도','상주시'),(3959,204,4725013600,'남적동','경상북도','상주시'),(3960,204,4725025000,'함창읍','경상북도','상주시'),(3961,204,4725031000,'중동면','경상북도','상주시'),(3962,204,4725032500,'사벌국면','경상북도','상주시'),(3963,204,4725033000,'낙동면','경상북도','상주시'),(3964,204,4725034000,'청리면','경상북도','상주시'),(3965,204,4725035000,'공성면','경상북도','상주시'),(3966,204,4725036000,'외남면','경상북도','상주시'),(3967,204,4725037000,'내서면','경상북도','상주시'),(3968,204,4725038000,'모동면','경상북도','상주시'),(3969,204,4725039000,'모서면','경상북도','상주시'),(3970,204,4725040000,'화동면','경상북도','상주시'),(3971,204,4725041000,'화서면','경상북도','상주시'),(3972,204,4725042000,'화북면','경상북도','상주시'),(3973,204,4725043000,'외서면','경상북도','상주시'),(3974,204,4725044000,'은척면','경상북도','상주시'),(3975,204,4725045000,'공검면','경상북도','상주시'),(3976,204,4725046000,'이안면','경상북도','상주시'),(3977,204,4725047000,'화남면','경상북도','상주시'),(3978,205,4728010100,'점촌동','경상북도','문경시'),(3979,205,4728010200,'영신동','경상북도','문경시'),(3980,205,4728010300,'흥덕동','경상북도','문경시'),(3981,205,4728010400,'우지동','경상북도','문경시'),(3982,205,4728010500,'창동','경상북도','문경시'),(3983,205,4728010600,'신기동','경상북도','문경시'),(3984,205,4728010700,'불정동','경상북도','문경시'),(3985,205,4728010800,'유곡동','경상북도','문경시'),(3986,205,4728010900,'공평동','경상북도','문경시'),(3987,205,4728011000,'모전동','경상북도','문경시'),(3988,205,4728011100,'윤직동','경상북도','문경시'),(3989,205,4728025000,'문경읍','경상북도','문경시'),(3990,205,4728025300,'가은읍','경상북도','문경시'),(3991,205,4728031000,'영순면','경상북도','문경시'),(3992,205,4728032000,'산양면','경상북도','문경시'),(3993,205,4728033000,'호계면','경상북도','문경시'),(3994,205,4728034000,'산북면','경상북도','문경시'),(3995,205,4728035000,'동로면','경상북도','문경시'),(3996,205,4728036000,'마성면','경상북도','문경시'),(3997,205,4728037000,'농암면','경상북도','문경시'),(3998,206,4729010100,'삼남동','경상북도','경산시'),(3999,206,4729010200,'삼북동','경상북도','경산시'),(4000,206,4729010300,'서상동','경상북도','경산시'),(4001,206,4729010400,'신교동','경상북도','경산시'),(4002,206,4729010500,'상방동','경상북도','경산시'),(4003,206,4729010600,'백천동','경상북도','경산시'),(4004,206,4729010700,'옥곡동','경상북도','경산시'),(4005,206,4729010800,'사정동','경상북도','경산시'),(4006,206,4729010900,'옥산동','경상북도','경산시'),(4007,206,4729011000,'중산동','경상북도','경산시'),(4008,206,4729011100,'정평동','경상북도','경산시'),(4009,206,4729011200,'대평동','경상북도','경산시'),(4010,206,4729011300,'대정동','경상북도','경산시'),(4011,206,4729011400,'임당동','경상북도','경산시'),(4012,206,4729011500,'대동','경상북도','경산시'),(4013,206,4729011600,'계양동','경상북도','경산시'),(4014,206,4729011700,'중방동','경상북도','경산시'),(4015,206,4729011800,'조영동','경상북도','경산시'),(4016,206,4729011900,'남방동','경상북도','경산시'),(4017,206,4729012000,'내동','경상북도','경산시'),(4018,206,4729012100,'여천동','경상북도','경산시'),(4019,206,4729012200,'유곡동','경상북도','경산시'),(4020,206,4729012300,'신천동','경상북도','경산시'),(4021,206,4729012400,'점촌동','경상북도','경산시'),(4022,206,4729012500,'평산동','경상북도','경산시'),(4023,206,4729012600,'사동','경상북도','경산시'),(4024,206,4729012700,'삼풍동','경상북도','경산시'),(4025,206,4729012800,'갑제동','경상북도','경산시'),(4026,206,4729025000,'하양읍','경상북도','경산시'),(4027,206,4729025300,'진량읍','경상북도','경산시'),(4028,206,4729025600,'압량읍','경상북도','경산시'),(4029,206,4729031000,'와촌면','경상북도','경산시'),(4030,206,4729033000,'자인면','경상북도','경산시'),(4031,206,4729034000,'용성면','경상북도','경산시'),(4032,206,4729035000,'남산면','경상북도','경산시'),(4033,206,4729037000,'남천면','경상북도','경산시'),(4034,207,4773025000,'의성읍','경상북도','의성군'),(4035,207,4773031000,'단촌면','경상북도','의성군'),(4036,207,4773032000,'점곡면','경상북도','의성군'),(4037,207,4773033000,'옥산면','경상북도','의성군'),(4038,207,4773034000,'사곡면','경상북도','의성군'),(4039,207,4773035000,'춘산면','경상북도','의성군'),(4040,207,4773036000,'가음면','경상북도','의성군'),(4041,207,4773037000,'금성면','경상북도','의성군'),(4042,207,4773038000,'봉양면','경상북도','의성군'),(4043,207,4773039000,'비안면','경상북도','의성군'),(4044,207,4773040000,'구천면','경상북도','의성군'),(4045,207,4773041000,'단밀면','경상북도','의성군'),(4046,207,4773042000,'단북면','경상북도','의성군'),(4047,207,4773043000,'안계면','경상북도','의성군'),(4048,207,4773044000,'다인면','경상북도','의성군'),(4049,207,4773045000,'신평면','경상북도','의성군'),(4050,207,4773046000,'안평면','경상북도','의성군'),(4051,207,4773047000,'안사면','경상북도','의성군'),(4052,208,4775025000,'청송읍','경상북도','청송군'),(4053,208,4775031500,'주왕산면','경상북도','청송군'),(4054,208,4775032000,'부남면','경상북도','청송군'),(4055,208,4775033000,'현동면','경상북도','청송군'),(4056,208,4775034000,'현서면','경상북도','청송군'),(4057,208,4775035000,'안덕면','경상북도','청송군'),(4058,208,4775036000,'파천면','경상북도','청송군'),(4059,208,4775037000,'진보면','경상북도','청송군'),(4060,209,4776025000,'영양읍','경상북도','영양군'),(4061,209,4776031000,'입암면','경상북도','영양군'),(4062,209,4776032000,'청기면','경상북도','영양군'),(4063,209,4776033000,'일월면','경상북도','영양군'),(4064,209,4776034000,'수비면','경상북도','영양군'),(4065,209,4776035000,'석보면','경상북도','영양군'),(4066,210,4777025000,'영덕읍','경상북도','영덕군'),(4067,210,4777031000,'강구면','경상북도','영덕군'),(4068,210,4777032000,'남정면','경상북도','영덕군'),(4069,210,4777033000,'달산면','경상북도','영덕군'),(4070,210,4777034000,'지품면','경상북도','영덕군'),(4071,210,4777035000,'축산면','경상북도','영덕군'),(4072,210,4777036000,'영해면','경상북도','영덕군'),(4073,210,4777037000,'병곡면','경상북도','영덕군'),(4074,210,4777038000,'창수면','경상북도','영덕군'),(4075,211,4782025000,'화양읍','경상북도','청도군'),(4076,211,4782025300,'청도읍','경상북도','청도군'),(4077,211,4782031000,'각남면','경상북도','청도군'),(4078,211,4782032000,'풍각면','경상북도','청도군'),(4079,211,4782033000,'각북면','경상북도','청도군'),(4080,211,4782034000,'이서면','경상북도','청도군'),(4081,211,4782035000,'운문면','경상북도','청도군'),(4082,211,4782036000,'금천면','경상북도','청도군'),(4083,211,4782037000,'매전면','경상북도','청도군'),(4084,212,4783025300,'대가야읍','경상북도','고령군'),(4085,212,4783031000,'덕곡면','경상북도','고령군'),(4086,212,4783032000,'운수면','경상북도','고령군'),(4087,212,4783033000,'성산면','경상북도','고령군'),(4088,212,4783034000,'다산면','경상북도','고령군'),(4089,212,4783035000,'개진면','경상북도','고령군'),(4090,212,4783036000,'우곡면','경상북도','고령군'),(4091,212,4783037000,'쌍림면','경상북도','고령군'),(4092,213,4784025000,'성주읍','경상북도','성주군'),(4093,213,4784031000,'선남면','경상북도','성주군'),(4094,213,4784032000,'용암면','경상북도','성주군'),(4095,213,4784033000,'수륜면','경상북도','성주군'),(4096,213,4784034000,'가천면','경상북도','성주군'),(4097,213,4784035000,'금수면','경상북도','성주군'),(4098,213,4784036000,'대가면','경상북도','성주군'),(4099,213,4784037000,'벽진면','경상북도','성주군'),(4100,213,4784038000,'초전면','경상북도','성주군'),(4101,213,4784039000,'월항면','경상북도','성주군'),(4102,214,4785025000,'왜관읍','경상북도','칠곡군'),(4103,214,4785025300,'북삼읍','경상북도','칠곡군'),(4104,214,4785025600,'석적읍','경상북도','칠곡군'),(4105,214,4785031000,'지천면','경상북도','칠곡군'),(4106,214,4785032000,'동명면','경상북도','칠곡군'),(4107,214,4785033000,'가산면','경상북도','칠곡군'),(4108,214,4785036000,'약목면','경상북도','칠곡군'),(4109,214,4785037000,'기산면','경상북도','칠곡군'),(4110,215,4790025000,'예천읍','경상북도','예천군'),(4111,215,4790031000,'용문면','경상북도','예천군'),(4112,215,4790034000,'감천면','경상북도','예천군'),(4113,215,4790035000,'보문면','경상북도','예천군'),(4114,215,4790036000,'호명면','경상북도','예천군'),(4115,215,4790037000,'유천면','경상북도','예천군'),(4116,215,4790038000,'용궁면','경상북도','예천군'),(4117,215,4790039000,'개포면','경상북도','예천군'),(4118,215,4790040000,'지보면','경상북도','예천군'),(4119,215,4790041000,'풍양면','경상북도','예천군'),(4120,215,4790042000,'효자면','경상북도','예천군'),(4121,215,4790043000,'은풍면','경상북도','예천군'),(4122,216,4792025000,'봉화읍','경상북도','봉화군'),(4123,216,4792031000,'물야면','경상북도','봉화군'),(4124,216,4792032000,'봉성면','경상북도','봉화군'),(4125,216,4792033000,'법전면','경상북도','봉화군'),(4126,216,4792034000,'춘양면','경상북도','봉화군'),(4127,216,4792035000,'소천면','경상북도','봉화군'),(4128,216,4792036000,'재산면','경상북도','봉화군'),(4129,216,4792037000,'명호면','경상북도','봉화군'),(4130,216,4792038000,'상운면','경상북도','봉화군'),(4131,216,4792039000,'석포면','경상북도','봉화군'),(4132,217,4793025000,'울진읍','경상북도','울진군'),(4133,217,4793025300,'평해읍','경상북도','울진군'),(4134,217,4793031000,'북면','경상북도','울진군'),(4135,217,4793033000,'근남면','경상북도','울진군'),(4136,217,4793035000,'기성면','경상북도','울진군'),(4137,217,4793036000,'온정면','경상북도','울진군'),(4138,217,4793037000,'죽변면','경상북도','울진군'),(4139,217,4793038000,'후포면','경상북도','울진군'),(4140,217,4793039000,'금강송면','경상북도','울진군'),(4141,217,4793040000,'매화면','경상북도','울진군'),(4142,218,4794025000,'울릉읍','경상북도','울릉군'),(4143,218,4794031000,'서면','경상북도','울릉군'),(4144,218,4794032000,'북면','경상북도','울릉군'),(4145,220,4812110100,'북동','경상남도','창원시 의창구'),(4146,220,4812110200,'중동','경상남도','창원시 의창구'),(4147,220,4812110300,'서상동','경상남도','창원시 의창구'),(4148,220,4812110400,'소답동','경상남도','창원시 의창구'),(4149,220,4812110500,'도계동','경상남도','창원시 의창구'),(4150,220,4812110600,'동정동','경상남도','창원시 의창구'),(4151,220,4812110700,'소계동','경상남도','창원시 의창구'),(4152,220,4812110800,'용동','경상남도','창원시 의창구'),(4153,220,4812111200,'덕정동','경상남도','창원시 의창구'),(4154,220,4812111300,'지귀동','경상남도','창원시 의창구'),(4155,220,4812111400,'서곡동','경상남도','창원시 의창구'),(4156,220,4812111600,'봉림동','경상남도','창원시 의창구'),(4157,220,4812111700,'퇴촌동','경상남도','창원시 의창구'),(4158,220,4812111800,'명곡동','경상남도','창원시 의창구'),(4159,220,4812111900,'반계동','경상남도','창원시 의창구'),(4160,220,4812112000,'사화동','경상남도','창원시 의창구'),(4161,220,4812112100,'차용동','경상남도','창원시 의창구'),(4162,220,4812112200,'내리동','경상남도','창원시 의창구'),(4163,220,4812112400,'명서동','경상남도','창원시 의창구'),(4164,220,4812112500,'사림동','경상남도','창원시 의창구'),(4165,220,4812112700,'봉곡동','경상남도','창원시 의창구'),(4166,220,4812112900,'팔용동','경상남도','창원시 의창구'),(4167,220,4812125000,'동읍','경상남도','창원시 의창구'),(4168,220,4812131000,'북면','경상남도','창원시 의창구'),(4169,220,4812132000,'대산면','경상남도','창원시 의창구'),(4170,221,4812310100,'토월동','경상남도','창원시 성산구'),(4171,221,4812310200,'사파정동','경상남도','창원시 성산구'),(4172,221,4812310300,'가음정동','경상남도','창원시 성산구'),(4173,221,4812310400,'외동','경상남도','창원시 성산구'),(4174,221,4812310500,'대방동','경상남도','창원시 성산구'),(4175,221,4812310600,'남산동','경상남도','창원시 성산구'),(4176,221,4812310700,'삼정자동','경상남도','창원시 성산구'),(4177,221,4812310800,'천선동','경상남도','창원시 성산구'),(4178,221,4812310900,'불모산동','경상남도','창원시 성산구'),(4179,221,4812311000,'안민동','경상남도','창원시 성산구'),(4180,221,4812311100,'내동','경상남도','창원시 성산구'),(4181,221,4812311200,'남지동','경상남도','창원시 성산구'),(4182,221,4812311300,'상복동','경상남도','창원시 성산구'),(4183,221,4812311400,'완암동','경상남도','창원시 성산구'),(4184,221,4812311500,'창곡동','경상남도','창원시 성산구'),(4185,221,4812311600,'월림동','경상남도','창원시 성산구'),(4186,221,4812311700,'적현동','경상남도','창원시 성산구'),(4187,221,4812311800,'양곡동','경상남도','창원시 성산구'),(4188,221,4812311900,'반송동','경상남도','창원시 성산구'),(4189,221,4812312000,'귀산동','경상남도','창원시 성산구'),(4190,221,4812312100,'귀곡동','경상남도','창원시 성산구'),(4191,221,4812312200,'귀현동','경상남도','창원시 성산구'),(4192,221,4812312300,'신촌동','경상남도','창원시 성산구'),(4193,221,4812312400,'반지동','경상남도','창원시 성산구'),(4194,221,4812312500,'중앙동','경상남도','창원시 성산구'),(4195,221,4812312600,'반림동','경상남도','창원시 성산구'),(4196,221,4812312700,'상남동','경상남도','창원시 성산구'),(4197,221,4812312800,'성주동','경상남도','창원시 성산구'),(4198,221,4812312900,'웅남동','경상남도','창원시 성산구'),(4199,221,4812313000,'사파동','경상남도','창원시 성산구'),(4200,221,4812313100,'가음동','경상남도','창원시 성산구'),(4201,221,4812313200,'성산동','경상남도','창원시 성산구'),(4202,221,4812313300,'남양동','경상남도','창원시 성산구'),(4203,221,4812313400,'용지동','경상남도','창원시 성산구'),(4204,221,4812313500,'용호동','경상남도','창원시 성산구'),(4205,221,4812313600,'신월동','경상남도','창원시 성산구'),(4206,221,4812313700,'대원동','경상남도','창원시 성산구'),(4207,221,4812313800,'두대동','경상남도','창원시 성산구'),(4208,221,4812313900,'삼동동','경상남도','창원시 성산구'),(4209,221,4812314000,'덕정동','경상남도','창원시 성산구'),(4210,221,4812314100,'퇴촌동','경상남도','창원시 성산구'),(4211,222,4812510100,'가포동','경상남도','창원시 마산합포구'),(4212,222,4812510200,'교방동','경상남도','창원시 마산합포구'),(4213,222,4812510300,'교원동','경상남도','창원시 마산합포구'),(4214,222,4812510400,'남성동','경상남도','창원시 마산합포구'),(4215,222,4812510500,'대내동','경상남도','창원시 마산합포구'),(4216,222,4812510600,'대성동1가','경상남도','창원시 마산합포구'),(4217,222,4812510700,'대성동2가','경상남도','창원시 마산합포구'),(4218,222,4812510800,'대외동','경상남도','창원시 마산합포구'),(4219,222,4812510900,'대창동','경상남도','창원시 마산합포구'),(4220,222,4812511000,'덕동동','경상남도','창원시 마산합포구'),(4221,222,4812511100,'동성동','경상남도','창원시 마산합포구'),(4222,222,4812511200,'두월동1가','경상남도','창원시 마산합포구'),(4223,222,4812511300,'두월동2가','경상남도','창원시 마산합포구'),(4224,222,4812511400,'두월동3가','경상남도','창원시 마산합포구'),(4225,222,4812511500,'문화동','경상남도','창원시 마산합포구'),(4226,222,4812511600,'반월동','경상남도','창원시 마산합포구'),(4227,222,4812511700,'부림동','경상남도','창원시 마산합포구'),(4228,222,4812511800,'산호동','경상남도','창원시 마산합포구'),(4229,222,4812511900,'상남동','경상남도','창원시 마산합포구'),(4230,222,4812512000,'서성동','경상남도','창원시 마산합포구'),(4231,222,4812512100,'성호동','경상남도','창원시 마산합포구'),(4232,222,4812512200,'수성동','경상남도','창원시 마산합포구'),(4233,222,4812512300,'신월동','경상남도','창원시 마산합포구'),(4234,222,4812512400,'신창동','경상남도','창원시 마산합포구'),(4235,222,4812512500,'신포동1가','경상남도','창원시 마산합포구'),(4236,222,4812512600,'신포동2가','경상남도','창원시 마산합포구'),(4237,222,4812512700,'신흥동','경상남도','창원시 마산합포구'),(4238,222,4812512800,'완월동','경상남도','창원시 마산합포구'),(4239,222,4812512900,'월남동1가','경상남도','창원시 마산합포구'),(4240,222,4812513000,'월남동2가','경상남도','창원시 마산합포구'),(4241,222,4812513100,'월남동3가','경상남도','창원시 마산합포구'),(4242,222,4812513200,'월남동4가','경상남도','창원시 마산합포구'),(4243,222,4812513300,'월남동5가','경상남도','창원시 마산합포구'),(4244,222,4812513400,'월영동','경상남도','창원시 마산합포구'),(4245,222,4812513500,'월포동','경상남도','창원시 마산합포구'),(4246,222,4812513600,'예곡동','경상남도','창원시 마산합포구'),(4247,222,4812513700,'오동동','경상남도','창원시 마산합포구'),(4248,222,4812513800,'우산동','경상남도','창원시 마산합포구'),(4249,222,4812513900,'유록동','경상남도','창원시 마산합포구'),(4250,222,4812514000,'자산동','경상남도','창원시 마산합포구'),(4251,222,4812514100,'장군동1가','경상남도','창원시 마산합포구'),(4252,222,4812514200,'장군동2가','경상남도','창원시 마산합포구'),(4253,222,4812514300,'장군동3가','경상남도','창원시 마산합포구'),(4254,222,4812514400,'장군동4가','경상남도','창원시 마산합포구'),(4255,222,4812514500,'장군동5가','경상남도','창원시 마산합포구'),(4256,222,4812514600,'중성동','경상남도','창원시 마산합포구'),(4257,222,4812514700,'중앙동1가','경상남도','창원시 마산합포구'),(4258,222,4812514800,'중앙동2가','경상남도','창원시 마산합포구'),(4259,222,4812514900,'중앙동3가','경상남도','창원시 마산합포구'),(4260,222,4812515000,'창동','경상남도','창원시 마산합포구'),(4261,222,4812515100,'창포동1가','경상남도','창원시 마산합포구'),(4262,222,4812515200,'창포동2가','경상남도','창원시 마산합포구'),(4263,222,4812515300,'창포동3가','경상남도','창원시 마산합포구'),(4264,222,4812515400,'청계동','경상남도','창원시 마산합포구'),(4265,222,4812515500,'추산동','경상남도','창원시 마산합포구'),(4266,222,4812515600,'평화동','경상남도','창원시 마산합포구'),(4267,222,4812515700,'화영동','경상남도','창원시 마산합포구'),(4268,222,4812515800,'해운동','경상남도','창원시 마산합포구'),(4269,222,4812515900,'현동','경상남도','창원시 마산합포구'),(4270,222,4812516000,'홍문동','경상남도','창원시 마산합포구'),(4271,222,4812531000,'구산면','경상남도','창원시 마산합포구'),(4272,222,4812532000,'진동면','경상남도','창원시 마산합포구'),(4273,222,4812533000,'진북면','경상남도','창원시 마산합포구'),(4274,222,4812534000,'진전면','경상남도','창원시 마산합포구'),(4275,223,4812710100,'구암동','경상남도','창원시 마산회원구'),(4276,223,4812710200,'두척동','경상남도','창원시 마산회원구'),(4277,223,4812710300,'봉암동','경상남도','창원시 마산회원구'),(4278,223,4812710400,'석전동','경상남도','창원시 마산회원구'),(4279,223,4812710500,'양덕동','경상남도','창원시 마산회원구'),(4280,223,4812710600,'합성동','경상남도','창원시 마산회원구'),(4281,223,4812710700,'회성동','경상남도','창원시 마산회원구'),(4282,223,4812710800,'회원동','경상남도','창원시 마산회원구'),(4283,223,4812725000,'내서읍','경상남도','창원시 마산회원구'),(4284,224,4812910100,'동상동','경상남도','창원시 진해구'),(4285,224,4812910200,'도천동','경상남도','창원시 진해구'),(4286,224,4812910300,'도만동','경상남도','창원시 진해구'),(4287,224,4812910400,'신흥동','경상남도','창원시 진해구'),(4288,224,4812910500,'현동','경상남도','창원시 진해구'),(4289,224,4812910600,'비봉동','경상남도','창원시 진해구'),(4290,224,4812910700,'태평동','경상남도','창원시 진해구'),(4291,224,4812910800,'충의동','경상남도','창원시 진해구'),(4292,224,4812910900,'무송동','경상남도','창원시 진해구'),(4293,224,4812911000,'인의동','경상남도','창원시 진해구'),(4294,224,4812911100,'숭인동','경상남도','창원시 진해구'),(4295,224,4812911200,'대영동','경상남도','창원시 진해구'),(4296,224,4812911300,'남빈동','경상남도','창원시 진해구'),(4297,224,4812911400,'앵곡동','경상남도','창원시 진해구'),(4298,224,4812911500,'제황산동','경상남도','창원시 진해구'),(4299,224,4812911600,'속천동','경상남도','창원시 진해구'),(4300,224,4812911700,'대죽동','경상남도','창원시 진해구'),(4301,224,4812911800,'안곡동','경상남도','창원시 진해구'),(4302,224,4812911900,'수송동','경상남도','창원시 진해구'),(4303,224,4812912000,'회현동','경상남도','창원시 진해구'),(4304,224,4812912100,'익선동','경상남도','창원시 진해구'),(4305,224,4812912200,'창선동','경상남도','창원시 진해구'),(4306,224,4812912300,'대천동','경상남도','창원시 진해구'),(4307,224,4812912400,'광화동','경상남도','창원시 진해구'),(4308,224,4812912500,'통신동','경상남도','창원시 진해구'),(4309,224,4812912600,'중앙동','경상남도','창원시 진해구'),(4310,224,4812912700,'부흥동','경상남도','창원시 진해구'),(4311,224,4812912800,'중평동','경상남도','창원시 진해구'),(4312,224,4812912900,'근화동','경상남도','창원시 진해구'),(4313,224,4812913000,'송죽동','경상남도','창원시 진해구'),(4314,224,4812913100,'화천동','경상남도','창원시 진해구'),(4315,224,4812913200,'송학동','경상남도','창원시 진해구'),(4316,224,4812913300,'대흥동','경상남도','창원시 진해구'),(4317,224,4812913400,'평안동','경상남도','창원시 진해구'),(4318,224,4812913500,'충무동','경상남도','창원시 진해구'),(4319,224,4812913600,'인사동','경상남도','창원시 진해구'),(4320,224,4812913700,'여좌동','경상남도','창원시 진해구'),(4321,224,4812913800,'태백동','경상남도','창원시 진해구'),(4322,224,4812913900,'경화동','경상남도','창원시 진해구'),(4323,224,4812914000,'석동','경상남도','창원시 진해구'),(4324,224,4812914100,'이동','경상남도','창원시 진해구'),(4325,224,4812914200,'자은동','경상남도','창원시 진해구'),(4326,224,4812914300,'덕산동','경상남도','창원시 진해구'),(4327,224,4812914400,'풍호동','경상남도','창원시 진해구'),(4328,224,4812914500,'장천동','경상남도','창원시 진해구'),(4329,224,4812914600,'행암동','경상남도','창원시 진해구'),(4330,224,4812914700,'북부동','경상남도','창원시 진해구'),(4331,224,4812914800,'성내동','경상남도','창원시 진해구'),(4332,224,4812914900,'서중동','경상남도','창원시 진해구'),(4333,224,4812915000,'남문동','경상남도','창원시 진해구'),(4334,224,4812915100,'제덕동','경상남도','창원시 진해구'),(4335,224,4812915200,'수도동','경상남도','창원시 진해구'),(4336,224,4812915300,'연도동','경상남도','창원시 진해구'),(4337,224,4812915400,'명동','경상남도','창원시 진해구'),(4338,224,4812915500,'죽곡동','경상남도','창원시 진해구'),(4339,224,4812915600,'원포동','경상남도','창원시 진해구'),(4340,224,4812915700,'남양동','경상남도','창원시 진해구'),(4341,224,4812915800,'마천동','경상남도','창원시 진해구'),(4342,224,4812915900,'소사동','경상남도','창원시 진해구'),(4343,224,4812916000,'대장동','경상남도','창원시 진해구'),(4344,224,4812916100,'두동','경상남도','창원시 진해구'),(4345,224,4812916200,'청안동','경상남도','창원시 진해구'),(4346,224,4812916300,'안골동','경상남도','창원시 진해구'),(4347,224,4812916400,'용원동','경상남도','창원시 진해구'),(4348,224,4812916500,'가주동','경상남도','창원시 진해구'),(4349,225,4817010100,'망경동','경상남도','진주시'),(4350,225,4817010200,'주약동','경상남도','진주시'),(4351,225,4817010300,'강남동','경상남도','진주시'),(4352,225,4817010400,'칠암동','경상남도','진주시'),(4353,225,4817010500,'본성동','경상남도','진주시'),(4354,225,4817010600,'동성동','경상남도','진주시'),(4355,225,4817010700,'남성동','경상남도','진주시'),(4356,225,4817010800,'인사동','경상남도','진주시'),(4357,225,4817010900,'대안동','경상남도','진주시'),(4358,225,4817011000,'평안동','경상남도','진주시'),(4359,225,4817011100,'중안동','경상남도','진주시'),(4360,225,4817011200,'계동','경상남도','진주시'),(4361,225,4817011300,'봉곡동','경상남도','진주시'),(4362,225,4817011400,'상봉동','경상남도','진주시'),(4363,225,4817011500,'봉래동','경상남도','진주시'),(4364,225,4817011600,'수정동','경상남도','진주시'),(4365,225,4817011700,'장대동','경상남도','진주시'),(4366,225,4817011800,'옥봉동','경상남도','진주시'),(4367,225,4817011900,'상대동','경상남도','진주시'),(4368,225,4817012000,'하대동','경상남도','진주시'),(4369,225,4817012100,'상평동','경상남도','진주시'),(4370,225,4817012200,'초전동','경상남도','진주시'),(4371,225,4817012300,'장재동','경상남도','진주시'),(4372,225,4817012400,'하촌동','경상남도','진주시'),(4373,225,4817012500,'신안동','경상남도','진주시'),(4374,225,4817012600,'평거동','경상남도','진주시'),(4375,225,4817012700,'이현동','경상남도','진주시'),(4376,225,4817012800,'유곡동','경상남도','진주시'),(4377,225,4817012900,'판문동','경상남도','진주시'),(4378,225,4817013000,'귀곡동','경상남도','진주시'),(4379,225,4817013100,'가좌동','경상남도','진주시'),(4380,225,4817013200,'호탄동','경상남도','진주시'),(4381,225,4817013700,'충무공동','경상남도','진주시'),(4382,225,4817025000,'문산읍','경상남도','진주시'),(4383,225,4817031000,'내동면','경상남도','진주시'),(4384,225,4817032000,'정촌면','경상남도','진주시'),(4385,225,4817033000,'금곡면','경상남도','진주시'),(4386,225,4817035000,'진성면','경상남도','진주시'),(4387,225,4817036000,'일반성면','경상남도','진주시'),(4388,225,4817037000,'이반성면','경상남도','진주시'),(4389,225,4817038000,'사봉면','경상남도','진주시'),(4390,225,4817039000,'지수면','경상남도','진주시'),(4391,225,4817040000,'대곡면','경상남도','진주시'),(4392,225,4817041000,'금산면','경상남도','진주시'),(4393,225,4817042000,'집현면','경상남도','진주시'),(4394,225,4817043000,'미천면','경상남도','진주시'),(4395,225,4817044000,'명석면','경상남도','진주시'),(4396,225,4817045000,'대평면','경상남도','진주시'),(4397,225,4817046000,'수곡면','경상남도','진주시'),(4398,226,4822010100,'도천동','경상남도','통영시'),(4399,226,4822010200,'서호동','경상남도','통영시'),(4400,226,4822010300,'명정동','경상남도','통영시'),(4401,226,4822010400,'항남동','경상남도','통영시'),(4402,226,4822010500,'중앙동','경상남도','통영시'),(4403,226,4822010600,'문화동','경상남도','통영시'),(4404,226,4822010700,'태평동','경상남도','통영시'),(4405,226,4822010800,'동호동','경상남도','통영시'),(4406,226,4822010900,'정량동','경상남도','통영시'),(4407,226,4822011000,'북신동','경상남도','통영시'),(4408,226,4822011100,'무전동','경상남도','통영시'),(4409,226,4822011200,'평림동','경상남도','통영시'),(4410,226,4822011300,'인평동','경상남도','통영시'),(4411,226,4822011400,'당동','경상남도','통영시'),(4412,226,4822011500,'미수동','경상남도','통영시'),(4413,226,4822011600,'봉평동','경상남도','통영시'),(4414,226,4822011700,'도남동','경상남도','통영시'),(4415,226,4822025000,'산양읍','경상남도','통영시'),(4416,226,4822031000,'용남면','경상남도','통영시'),(4417,226,4822033000,'도산면','경상남도','통영시'),(4418,226,4822034000,'광도면','경상남도','통영시'),(4419,226,4822035000,'욕지면','경상남도','통영시'),(4420,226,4822036000,'한산면','경상남도','통영시'),(4421,226,4822037000,'사량면','경상남도','통영시'),(4422,227,4824010100,'동동','경상남도','사천시'),(4423,227,4824010200,'서동','경상남도','사천시'),(4424,227,4824010300,'선구동','경상남도','사천시'),(4425,227,4824010400,'동금동','경상남도','사천시'),(4426,227,4824010500,'서금동','경상남도','사천시'),(4427,227,4824010600,'동림동','경상남도','사천시'),(4428,227,4824010700,'좌룡동','경상남도','사천시'),(4429,227,4824010800,'벌리동','경상남도','사천시'),(4430,227,4824010900,'용강동','경상남도','사천시'),(4431,227,4824011000,'와룡동','경상남도','사천시'),(4432,227,4824011100,'봉남동','경상남도','사천시'),(4433,227,4824011200,'이금동','경상남도','사천시'),(4434,227,4824011300,'이홀동','경상남도','사천시'),(4435,227,4824011400,'궁지동','경상남도','사천시'),(4436,227,4824011500,'사등동','경상남도','사천시'),(4437,227,4824011600,'향촌동','경상남도','사천시'),(4438,227,4824011700,'대방동','경상남도','사천시'),(4439,227,4824011800,'실안동','경상남도','사천시'),(4440,227,4824011900,'마도동','경상남도','사천시'),(4441,227,4824012000,'늑도동','경상남도','사천시'),(4442,227,4824012100,'신수동','경상남도','사천시'),(4443,227,4824012200,'백천동','경상남도','사천시'),(4444,227,4824012300,'신벽동','경상남도','사천시'),(4445,227,4824012400,'노룡동','경상남도','사천시'),(4446,227,4824012500,'대포동','경상남도','사천시'),(4447,227,4824012600,'송포동','경상남도','사천시'),(4448,227,4824012700,'죽림동','경상남도','사천시'),(4449,227,4824025000,'사천읍','경상남도','사천시'),(4450,227,4824031000,'정동면','경상남도','사천시'),(4451,227,4824032000,'사남면','경상남도','사천시'),(4452,227,4824033000,'용현면','경상남도','사천시'),(4453,227,4824034000,'축동면','경상남도','사천시'),(4454,227,4824035000,'곤양면','경상남도','사천시'),(4455,227,4824036000,'곤명면','경상남도','사천시'),(4456,227,4824037000,'서포면','경상남도','사천시'),(4457,228,4825010100,'동상동','경상남도','김해시'),(4458,228,4825010200,'서상동','경상남도','김해시'),(4459,228,4825010300,'부원동','경상남도','김해시'),(4460,228,4825010400,'봉황동','경상남도','김해시'),(4461,228,4825010500,'대성동','경상남도','김해시'),(4462,228,4825010600,'구산동','경상남도','김해시'),(4463,228,4825010700,'삼계동','경상남도','김해시'),(4464,228,4825010800,'내동','경상남도','김해시'),(4465,228,4825010900,'외동','경상남도','김해시'),(4466,228,4825011000,'흥동','경상남도','김해시'),(4467,228,4825011100,'풍유동','경상남도','김해시'),(4468,228,4825011200,'명법동','경상남도','김해시'),(4469,228,4825011300,'이동','경상남도','김해시'),(4470,228,4825011400,'화목동','경상남도','김해시'),(4471,228,4825011500,'전하동','경상남도','김해시'),(4472,228,4825011600,'강동','경상남도','김해시'),(4473,228,4825011700,'삼정동','경상남도','김해시'),(4474,228,4825011800,'어방동','경상남도','김해시'),(4475,228,4825011900,'삼방동','경상남도','김해시'),(4476,228,4825012000,'안동','경상남도','김해시'),(4477,228,4825012100,'지내동','경상남도','김해시'),(4478,228,4825012200,'불암동','경상남도','김해시'),(4479,228,4825012300,'유하동','경상남도','김해시'),(4480,228,4825012400,'내덕동','경상남도','김해시'),(4481,228,4825012500,'부곡동','경상남도','김해시'),(4482,228,4825012600,'무계동','경상남도','김해시'),(4483,228,4825012700,'신문동','경상남도','김해시'),(4484,228,4825012800,'삼문동','경상남도','김해시'),(4485,228,4825012900,'대청동','경상남도','김해시'),(4486,228,4825013000,'관동동','경상남도','김해시'),(4487,228,4825013100,'율하동','경상남도','김해시'),(4488,228,4825013200,'장유동','경상남도','김해시'),(4489,228,4825013300,'응달동','경상남도','김해시'),(4490,228,4825013400,'수가동','경상남도','김해시'),(4491,228,4825025000,'진영읍','경상남도','김해시'),(4492,228,4825032000,'주촌면','경상남도','김해시'),(4493,228,4825033000,'진례면','경상남도','김해시'),(4494,228,4825034000,'한림면','경상남도','김해시'),(4495,228,4825035000,'생림면','경상남도','김해시'),(4496,228,4825036000,'상동면','경상남도','김해시'),(4497,228,4825037000,'대동면','경상남도','김해시'),(4498,229,4827010100,'내일동','경상남도','밀양시'),(4499,229,4827010200,'내이동','경상남도','밀양시'),(4500,229,4827010300,'교동','경상남도','밀양시'),(4501,229,4827010400,'삼문동','경상남도','밀양시'),(4502,229,4827010500,'남포동','경상남도','밀양시'),(4503,229,4827010600,'용평동','경상남도','밀양시'),(4504,229,4827010700,'활성동','경상남도','밀양시'),(4505,229,4827010800,'가곡동','경상남도','밀양시'),(4506,229,4827025000,'삼랑진읍','경상남도','밀양시'),(4507,229,4827025300,'하남읍','경상남도','밀양시'),(4508,229,4827031000,'부북면','경상남도','밀양시'),(4509,229,4827032000,'상동면','경상남도','밀양시'),(4510,229,4827033000,'산외면','경상남도','밀양시'),(4511,229,4827034000,'산내면','경상남도','밀양시'),(4512,229,4827035000,'단장면','경상남도','밀양시'),(4513,229,4827036000,'상남면','경상남도','밀양시'),(4514,229,4827037000,'초동면','경상남도','밀양시'),(4515,229,4827038000,'무안면','경상남도','밀양시'),(4516,229,4827039000,'청도면','경상남도','밀양시'),(4517,230,4831010100,'능포동','경상남도','거제시'),(4518,230,4831010200,'장승포동','경상남도','거제시'),(4519,230,4831010300,'두모동','경상남도','거제시'),(4520,230,4831010400,'아양동','경상남도','거제시'),(4521,230,4831010500,'아주동','경상남도','거제시'),(4522,230,4831010600,'옥포동','경상남도','거제시'),(4523,230,4831010700,'덕포동','경상남도','거제시'),(4524,230,4831010800,'장평동','경상남도','거제시'),(4525,230,4831010900,'고현동','경상남도','거제시'),(4526,230,4831011000,'상동동','경상남도','거제시'),(4527,230,4831011100,'문동동','경상남도','거제시'),(4528,230,4831011200,'삼거동','경상남도','거제시'),(4529,230,4831011300,'양정동','경상남도','거제시'),(4530,230,4831011400,'수월동','경상남도','거제시'),(4531,230,4831031000,'일운면','경상남도','거제시'),(4532,230,4831032000,'동부면','경상남도','거제시'),(4533,230,4831033000,'남부면','경상남도','거제시'),(4534,230,4831034000,'거제면','경상남도','거제시'),(4535,230,4831035000,'둔덕면','경상남도','거제시'),(4536,230,4831036000,'사등면','경상남도','거제시'),(4537,230,4831037000,'연초면','경상남도','거제시'),(4538,230,4831038000,'하청면','경상남도','거제시'),(4539,230,4831039000,'장목면','경상남도','거제시'),(4540,231,4833010100,'다방동','경상남도','양산시'),(4541,231,4833010200,'남부동','경상남도','양산시'),(4542,231,4833010300,'중부동','경상남도','양산시'),(4543,231,4833010400,'북부동','경상남도','양산시'),(4544,231,4833010500,'명곡동','경상남도','양산시'),(4545,231,4833010600,'신기동','경상남도','양산시'),(4546,231,4833010700,'북정동','경상남도','양산시'),(4547,231,4833010800,'산막동','경상남도','양산시'),(4548,231,4833010900,'호계동','경상남도','양산시'),(4549,231,4833011000,'교동','경상남도','양산시'),(4550,231,4833011100,'유산동','경상남도','양산시'),(4551,231,4833011200,'어곡동','경상남도','양산시'),(4552,231,4833011300,'용당동','경상남도','양산시'),(4553,231,4833011400,'삼호동','경상남도','양산시'),(4554,231,4833011500,'명동','경상남도','양산시'),(4555,231,4833011600,'주남동','경상남도','양산시'),(4556,231,4833011700,'소주동','경상남도','양산시'),(4557,231,4833011800,'주진동','경상남도','양산시'),(4558,231,4833011900,'평산동','경상남도','양산시'),(4559,231,4833012000,'덕계동','경상남도','양산시'),(4560,231,4833012100,'매곡동','경상남도','양산시'),(4561,231,4833025300,'물금읍','경상남도','양산시'),(4562,231,4833031000,'동면','경상남도','양산시'),(4563,231,4833032000,'원동면','경상남도','양산시'),(4564,231,4833033000,'상북면','경상남도','양산시'),(4565,231,4833034000,'하북면','경상남도','양산시'),(4566,232,4872025000,'의령읍','경상남도','의령군'),(4567,232,4872031000,'가례면','경상남도','의령군'),(4568,232,4872032000,'칠곡면','경상남도','의령군'),(4569,232,4872033000,'대의면','경상남도','의령군'),(4570,232,4872034000,'화정면','경상남도','의령군'),(4571,232,4872035000,'용덕면','경상남도','의령군'),(4572,232,4872036000,'정곡면','경상남도','의령군'),(4573,232,4872037000,'지정면','경상남도','의령군'),(4574,232,4872038000,'낙서면','경상남도','의령군'),(4575,232,4872039000,'부림면','경상남도','의령군'),(4576,232,4872040000,'봉수면','경상남도','의령군'),(4577,232,4872041500,'궁류면','경상남도','의령군'),(4578,232,4872042000,'유곡면','경상남도','의령군'),(4579,233,4873025000,'가야읍','경상남도','함안군'),(4580,233,4873025300,'칠원읍','경상남도','함안군'),(4581,233,4873031000,'함안면','경상남도','함안군'),(4582,233,4873032000,'군북면','경상남도','함안군'),(4583,233,4873033000,'법수면','경상남도','함안군'),(4584,233,4873034000,'대산면','경상남도','함안군'),(4585,233,4873035000,'칠서면','경상남도','함안군'),(4586,233,4873036000,'칠북면','경상남도','함안군'),(4587,233,4873037000,'칠원면','경상남도','함안군'),(4588,233,4873038000,'산인면','경상남도','함안군'),(4589,233,4873039000,'여항면','경상남도','함안군'),(4590,234,4874025000,'창녕읍','경상남도','창녕군'),(4591,234,4874025300,'남지읍','경상남도','창녕군'),(4592,234,4874031000,'고암면','경상남도','창녕군'),(4593,234,4874032000,'성산면','경상남도','창녕군'),(4594,234,4874033000,'대합면','경상남도','창녕군'),(4595,234,4874034000,'이방면','경상남도','창녕군'),(4596,234,4874035000,'유어면','경상남도','창녕군'),(4597,234,4874036000,'대지면','경상남도','창녕군'),(4598,234,4874037000,'계성면','경상남도','창녕군'),(4599,234,4874038000,'영산면','경상남도','창녕군'),(4600,234,4874039000,'장마면','경상남도','창녕군'),(4601,234,4874040000,'도천면','경상남도','창녕군'),(4602,234,4874041000,'길곡면','경상남도','창녕군'),(4603,234,4874042000,'부곡면','경상남도','창녕군'),(4604,235,4882025000,'고성읍','경상남도','고성군'),(4605,235,4882031000,'삼산면','경상남도','고성군'),(4606,235,4882032000,'하일면','경상남도','고성군'),(4607,235,4882033000,'하이면','경상남도','고성군'),(4608,235,4882034000,'상리면','경상남도','고성군'),(4609,235,4882035000,'대가면','경상남도','고성군'),(4610,235,4882036000,'영현면','경상남도','고성군'),(4611,235,4882037000,'영오면','경상남도','고성군'),(4612,235,4882038000,'개천면','경상남도','고성군'),(4613,235,4882039000,'구만면','경상남도','고성군'),(4614,235,4882040000,'회화면','경상남도','고성군'),(4615,235,4882041000,'마암면','경상남도','고성군'),(4616,235,4882042000,'동해면','경상남도','고성군'),(4617,235,4882043000,'거류면','경상남도','고성군'),(4618,236,4884025000,'남해읍','경상남도','남해군'),(4619,236,4884031000,'이동면','경상남도','남해군'),(4620,236,4884032000,'상주면','경상남도','남해군'),(4621,236,4884033000,'삼동면','경상남도','남해군'),(4622,236,4884034000,'미조면','경상남도','남해군'),(4623,236,4884035000,'남면','경상남도','남해군'),(4624,236,4884036000,'서면','경상남도','남해군'),(4625,236,4884037000,'고현면','경상남도','남해군'),(4626,236,4884038000,'설천면','경상남도','남해군'),(4627,236,4884039000,'창선면','경상남도','남해군'),(4628,237,4885025000,'하동읍','경상남도','하동군'),(4629,237,4885031000,'화개면','경상남도','하동군'),(4630,237,4885032000,'악양면','경상남도','하동군'),(4631,237,4885033000,'적량면','경상남도','하동군'),(4632,237,4885034000,'횡천면','경상남도','하동군'),(4633,237,4885035000,'고전면','경상남도','하동군'),(4634,237,4885036000,'금남면','경상남도','하동군'),(4635,237,4885037000,'진교면','경상남도','하동군'),(4636,237,4885038000,'양보면','경상남도','하동군'),(4637,237,4885039000,'북천면','경상남도','하동군'),(4638,237,4885040000,'청암면','경상남도','하동군'),(4639,237,4885041000,'옥종면','경상남도','하동군'),(4640,237,4885042000,'금성면','경상남도','하동군'),(4641,238,4886025000,'산청읍','경상남도','산청군'),(4642,238,4886031000,'차황면','경상남도','산청군'),(4643,238,4886032000,'오부면','경상남도','산청군'),(4644,238,4886033000,'생초면','경상남도','산청군'),(4645,238,4886034000,'금서면','경상남도','산청군'),(4646,238,4886035000,'삼장면','경상남도','산청군'),(4647,238,4886036000,'시천면','경상남도','산청군'),(4648,238,4886037000,'단성면','경상남도','산청군'),(4649,238,4886038000,'신안면','경상남도','산청군'),(4650,238,4886039000,'생비량면','경상남도','산청군'),(4651,238,4886040000,'신등면','경상남도','산청군'),(4652,239,4887025000,'함양읍','경상남도','함양군'),(4653,239,4887031000,'마천면','경상남도','함양군'),(4654,239,4887032000,'휴천면','경상남도','함양군'),(4655,239,4887033000,'유림면','경상남도','함양군'),(4656,239,4887034000,'수동면','경상남도','함양군'),(4657,239,4887035000,'지곡면','경상남도','함양군'),(4658,239,4887036000,'안의면','경상남도','함양군'),(4659,239,4887037000,'서하면','경상남도','함양군'),(4660,239,4887038000,'서상면','경상남도','함양군'),(4661,239,4887039000,'백전면','경상남도','함양군'),(4662,239,4887040000,'병곡면','경상남도','함양군'),(4663,240,4888025000,'거창읍','경상남도','거창군'),(4664,240,4888031000,'주상면','경상남도','거창군'),(4665,240,4888032000,'웅양면','경상남도','거창군'),(4666,240,4888033000,'고제면','경상남도','거창군'),(4667,240,4888034000,'북상면','경상남도','거창군'),(4668,240,4888035000,'위천면','경상남도','거창군'),(4669,240,4888036000,'마리면','경상남도','거창군'),(4670,240,4888037000,'남상면','경상남도','거창군'),(4671,240,4888038000,'남하면','경상남도','거창군'),(4672,240,4888039000,'신원면','경상남도','거창군'),(4673,240,4888040000,'가조면','경상남도','거창군'),(4674,240,4888041000,'가북면','경상남도','거창군'),(4675,241,4889025000,'합천읍','경상남도','합천군'),(4676,241,4889031000,'봉산면','경상남도','합천군'),(4677,241,4889032000,'묘산면','경상남도','합천군'),(4678,241,4889033000,'가야면','경상남도','합천군'),(4679,241,4889034000,'야로면','경상남도','합천군'),(4680,241,4889035000,'율곡면','경상남도','합천군'),(4681,241,4889036000,'초계면','경상남도','합천군'),(4682,241,4889037000,'쌍책면','경상남도','합천군'),(4683,241,4889038000,'덕곡면','경상남도','합천군'),(4684,241,4889039000,'청덕면','경상남도','합천군'),(4685,241,4889040000,'적중면','경상남도','합천군'),(4686,241,4889041000,'대양면','경상남도','합천군'),(4687,241,4889042000,'쌍백면','경상남도','합천군'),(4688,241,4889043000,'삼가면','경상남도','합천군'),(4689,241,4889044000,'가회면','경상남도','합천군'),(4690,241,4889045000,'대병면','경상남도','합천군'),(4691,241,4889046000,'용주면','경상남도','합천군'),(4692,242,5011010100,'일도일동','제주특별자치도','제주시'),(4693,242,5011010200,'일도이동','제주특별자치도','제주시'),(4694,242,5011010300,'이도일동','제주특별자치도','제주시'),(4695,242,5011010400,'이도이동','제주특별자치도','제주시'),(4696,242,5011010500,'삼도일동','제주특별자치도','제주시'),(4697,242,5011010600,'삼도이동','제주특별자치도','제주시'),(4698,242,5011010700,'건입동','제주특별자치도','제주시'),(4699,242,5011010800,'용담일동','제주특별자치도','제주시'),(4700,242,5011010900,'용담이동','제주특별자치도','제주시'),(4701,242,5011011000,'용담삼동','제주특별자치도','제주시'),(4702,242,5011011100,'화북일동','제주특별자치도','제주시'),(4703,242,5011011200,'화북이동','제주특별자치도','제주시'),(4704,242,5011011300,'삼양일동','제주특별자치도','제주시'),(4705,242,5011011400,'삼양이동','제주특별자치도','제주시'),(4706,242,5011011500,'삼양삼동','제주특별자치도','제주시'),(4707,242,5011011600,'봉개동','제주특별자치도','제주시'),(4708,242,5011011700,'아라일동','제주특별자치도','제주시'),(4709,242,5011011800,'아라이동','제주특별자치도','제주시'),(4710,242,5011011900,'오라일동','제주특별자치도','제주시'),(4711,242,5011012000,'오라이동','제주특별자치도','제주시'),(4712,242,5011012100,'오라삼동','제주특별자치도','제주시'),(4713,242,5011012200,'노형동','제주특별자치도','제주시'),(4714,242,5011012300,'외도일동','제주특별자치도','제주시'),(4715,242,5011012400,'외도이동','제주특별자치도','제주시'),(4716,242,5011012500,'이호일동','제주특별자치도','제주시'),(4717,242,5011012600,'이호이동','제주특별자치도','제주시'),(4718,242,5011012700,'도두일동','제주특별자치도','제주시'),(4719,242,5011012800,'도두이동','제주특별자치도','제주시'),(4720,242,5011012900,'도남동','제주특별자치도','제주시'),(4721,242,5011013000,'도련일동','제주특별자치도','제주시'),(4722,242,5011013100,'도련이동','제주특별자치도','제주시'),(4723,242,5011013200,'용강동','제주특별자치도','제주시'),(4724,242,5011013300,'회천동','제주특별자치도','제주시'),(4725,242,5011013400,'오등동','제주특별자치도','제주시'),(4726,242,5011013500,'월평동','제주특별자치도','제주시'),(4727,242,5011013600,'영평동','제주특별자치도','제주시'),(4728,242,5011013700,'연동','제주특별자치도','제주시'),(4729,242,5011013800,'도평동','제주특별자치도','제주시'),(4730,242,5011013900,'해안동','제주특별자치도','제주시'),(4731,242,5011014000,'내도동','제주특별자치도','제주시'),(4732,242,5011025000,'한림읍','제주특별자치도','제주시'),(4733,242,5011025300,'애월읍','제주특별자치도','제주시'),(4734,242,5011025600,'구좌읍','제주특별자치도','제주시'),(4735,242,5011025900,'조천읍','제주특별자치도','제주시'),(4736,242,5011031000,'한경면','제주특별자치도','제주시'),(4737,242,5011032000,'추자면','제주특별자치도','제주시'),(4738,242,5011033000,'우도면','제주특별자치도','제주시'),(4739,243,5013010100,'서귀동','제주특별자치도','서귀포시'),(4740,243,5013010200,'법환동','제주특별자치도','서귀포시'),(4741,243,5013010300,'서호동','제주특별자치도','서귀포시'),(4742,243,5013010400,'호근동','제주특별자치도','서귀포시'),(4743,243,5013010500,'동홍동','제주특별자치도','서귀포시'),(4744,243,5013010600,'서홍동','제주특별자치도','서귀포시'),(4745,243,5013010700,'상효동','제주특별자치도','서귀포시'),(4746,243,5013010800,'하효동','제주특별자치도','서귀포시'),(4747,243,5013010900,'신효동','제주특별자치도','서귀포시'),(4748,243,5013011000,'보목동','제주특별자치도','서귀포시'),(4749,243,5013011100,'토평동','제주특별자치도','서귀포시'),(4750,243,5013011200,'중문동','제주특별자치도','서귀포시'),(4751,243,5013011300,'회수동','제주특별자치도','서귀포시'),(4752,243,5013011400,'대포동','제주특별자치도','서귀포시'),(4753,243,5013011500,'월평동','제주특별자치도','서귀포시'),(4754,243,5013011600,'강정동','제주특별자치도','서귀포시'),(4755,243,5013011700,'도순동','제주특별자치도','서귀포시'),(4756,243,5013011800,'하원동','제주특별자치도','서귀포시'),(4757,243,5013011900,'색달동','제주특별자치도','서귀포시'),(4758,243,5013012000,'상예동','제주특별자치도','서귀포시'),(4759,243,5013012100,'하예동','제주특별자치도','서귀포시'),(4760,243,5013012200,'영남동','제주특별자치도','서귀포시'),(4761,243,5013025000,'대정읍','제주특별자치도','서귀포시'),(4762,243,5013025300,'남원읍','제주특별자치도','서귀포시'),(4763,243,5013025900,'성산읍','제주특별자치도','서귀포시'),(4764,243,5013031000,'안덕면','제주특별자치도','서귀포시'),(4765,243,5013032000,'표선면','제주특별자치도','서귀포시'),(4766,244,5111010100,'봉의동','강원특별자치도','춘천시'),(4767,244,5111010200,'요선동','강원특별자치도','춘천시'),(4768,244,5111010300,'낙원동','강원특별자치도','춘천시'),(4769,244,5111010400,'중앙로1가','강원특별자치도','춘천시'),(4770,244,5111010500,'중앙로2가','강원특별자치도','춘천시'),(4771,244,5111010600,'중앙로3가','강원특별자치도','춘천시'),(4772,244,5111010700,'옥천동','강원특별자치도','춘천시'),(4773,244,5111010800,'조양동','강원특별자치도','춘천시'),(4774,244,5111010900,'죽림동','강원특별자치도','춘천시'),(4775,244,5111011000,'운교동','강원특별자치도','춘천시'),(4776,244,5111011100,'약사동','강원특별자치도','춘천시'),(4777,244,5111011200,'효자동','강원특별자치도','춘천시'),(4778,244,5111011300,'소양로1가','강원특별자치도','춘천시'),(4779,244,5111011400,'소양로2가','강원특별자치도','춘천시'),(4780,244,5111011500,'소양로3가','강원특별자치도','춘천시'),(4781,244,5111011600,'소양로4가','강원특별자치도','춘천시'),(4782,244,5111011700,'근화동','강원특별자치도','춘천시'),(4783,244,5111011800,'우두동','강원특별자치도','춘천시'),(4784,244,5111011900,'사농동','강원특별자치도','춘천시'),(4785,244,5111012000,'후평동','강원특별자치도','춘천시'),(4786,244,5111012100,'온의동','강원특별자치도','춘천시'),(4787,244,5111012200,'교동','강원특별자치도','춘천시'),(4788,244,5111012300,'퇴계동','강원특별자치도','춘천시'),(4789,244,5111012400,'석사동','강원특별자치도','춘천시'),(4790,244,5111012500,'삼천동','강원특별자치도','춘천시'),(4791,244,5111012600,'칠전동','강원특별자치도','춘천시'),(4792,244,5111012700,'송암동','강원특별자치도','춘천시'),(4793,244,5111012800,'신동','강원특별자치도','춘천시'),(4794,244,5111012900,'중도동','강원특별자치도','춘천시'),(4795,244,5111025000,'신북읍','강원특별자치도','춘천시'),(4796,244,5111031000,'동면','강원특별자치도','춘천시'),(4797,244,5111032000,'동산면','강원특별자치도','춘천시'),(4798,244,5111033000,'신동면','강원특별자치도','춘천시'),(4799,244,5111034000,'남면','강원특별자치도','춘천시'),(4800,244,5111035000,'서면','강원특별자치도','춘천시'),(4801,244,5111036000,'사북면','강원특별자치도','춘천시'),(4802,244,5111038000,'북산면','강원특별자치도','춘천시'),(4803,244,5111039000,'동내면','강원특별자치도','춘천시'),(4804,244,5111040000,'남산면','강원특별자치도','춘천시'),(4805,245,5113010100,'중앙동','강원특별자치도','원주시'),(4806,245,5113010200,'평원동','강원특별자치도','원주시'),(4807,245,5113010300,'원동','강원특별자치도','원주시'),(4808,245,5113010400,'인동','강원특별자치도','원주시'),(4809,245,5113010500,'개운동','강원특별자치도','원주시'),(4810,245,5113010600,'명륜동','강원특별자치도','원주시'),(4811,245,5113010700,'단구동','강원특별자치도','원주시'),(4812,245,5113010800,'일산동','강원특별자치도','원주시'),(4813,245,5113010900,'학성동','강원특별자치도','원주시'),(4814,245,5113011000,'단계동','강원특별자치도','원주시'),(4815,245,5113011100,'우산동','강원특별자치도','원주시'),(4816,245,5113011200,'태장동','강원특별자치도','원주시'),(4817,245,5113011300,'봉산동','강원특별자치도','원주시'),(4818,245,5113011400,'행구동','강원특별자치도','원주시'),(4819,245,5113011500,'무실동','강원특별자치도','원주시'),(4820,245,5113011600,'관설동','강원특별자치도','원주시'),(4821,245,5113011700,'반곡동','강원특별자치도','원주시'),(4822,245,5113011800,'가현동','강원특별자치도','원주시'),(4823,245,5113025000,'문막읍','강원특별자치도','원주시'),(4824,245,5113031000,'소초면','강원특별자치도','원주시'),(4825,245,5113032000,'호저면','강원특별자치도','원주시'),(4826,245,5113033000,'지정면','강원특별자치도','원주시'),(4827,245,5113035000,'부론면','강원특별자치도','원주시'),(4828,245,5113036000,'귀래면','강원특별자치도','원주시'),(4829,245,5113037000,'흥업면','강원특별자치도','원주시'),(4830,245,5113038000,'판부면','강원특별자치도','원주시'),(4831,245,5113039000,'신림면','강원특별자치도','원주시'),(4832,246,5115010100,'홍제동','강원특별자치도','강릉시'),(4833,246,5115010200,'남문동','강원특별자치도','강릉시'),(4834,246,5115010300,'명주동','강원특별자치도','강릉시'),(4835,246,5115010400,'성내동','강원특별자치도','강릉시'),(4836,246,5115010500,'임당동','강원특별자치도','강릉시'),(4837,246,5115010600,'금학동','강원특별자치도','강릉시'),(4838,246,5115010700,'용강동','강원특별자치도','강릉시'),(4839,246,5115010800,'성남동','강원특별자치도','강릉시'),(4840,246,5115010900,'옥천동','강원특별자치도','강릉시'),(4841,246,5115011000,'교동','강원특별자치도','강릉시'),(4842,246,5115011100,'포남동','강원특별자치도','강릉시'),(4843,246,5115011200,'초당동','강원특별자치도','강릉시'),(4844,246,5115011300,'강문동','강원특별자치도','강릉시'),(4845,246,5115011400,'송정동','강원특별자치도','강릉시'),(4846,246,5115011500,'견소동','강원특별자치도','강릉시'),(4847,246,5115011600,'내곡동','강원특별자치도','강릉시'),(4848,246,5115011700,'회산동','강원특별자치도','강릉시'),(4849,246,5115011800,'장현동','강원특별자치도','강릉시'),(4850,246,5115011900,'박월동','강원특별자치도','강릉시'),(4851,246,5115012000,'담산동','강원특별자치도','강릉시'),(4852,246,5115012100,'노암동','강원특별자치도','강릉시'),(4853,246,5115012200,'유산동','강원특별자치도','강릉시'),(4854,246,5115012300,'월호평동','강원특별자치도','강릉시'),(4855,246,5115012400,'신석동','강원특별자치도','강릉시'),(4856,246,5115012500,'입암동','강원특별자치도','강릉시'),(4857,246,5115012600,'청량동','강원특별자치도','강릉시'),(4858,246,5115012700,'두산동','강원특별자치도','강릉시'),(4859,246,5115012800,'학동','강원특별자치도','강릉시'),(4860,246,5115012900,'병산동','강원특별자치도','강릉시'),(4861,246,5115013000,'남항진동','강원특별자치도','강릉시'),(4862,246,5115013100,'유천동','강원특별자치도','강릉시'),(4863,246,5115013200,'지변동','강원특별자치도','강릉시'),(4864,246,5115013300,'죽헌동','강원특별자치도','강릉시'),(4865,246,5115013400,'대전동','강원특별자치도','강릉시'),(4866,246,5115013500,'운정동','강원특별자치도','강릉시'),(4867,246,5115013600,'난곡동','강원특별자치도','강릉시'),(4868,246,5115013700,'저동','강원특별자치도','강릉시'),(4869,246,5115013800,'안현동','강원특별자치도','강릉시'),(4870,246,5115013900,'운산동','강원특별자치도','강릉시'),(4871,246,5115025000,'주문진읍','강원특별자치도','강릉시'),(4872,246,5115031000,'성산면','강원특별자치도','강릉시'),(4873,246,5115032000,'왕산면','강원특별자치도','강릉시'),(4874,246,5115033000,'구정면','강원특별자치도','강릉시'),(4875,246,5115034000,'강동면','강원특별자치도','강릉시'),(4876,246,5115035000,'옥계면','강원특별자치도','강릉시'),(4877,246,5115036000,'사천면','강원특별자치도','강릉시'),(4878,246,5115037000,'연곡면','강원특별자치도','강릉시'),(4879,247,5117010100,'천곡동','강원특별자치도','동해시'),(4880,247,5117010200,'평릉동','강원특별자치도','동해시'),(4881,247,5117010300,'송정동','강원특별자치도','동해시'),(4882,247,5117010400,'용정동','강원특별자치도','동해시'),(4883,247,5117010500,'지흥동','강원특별자치도','동해시'),(4884,247,5117010600,'효가동','강원특별자치도','동해시'),(4885,247,5117010700,'동회동','강원특별자치도','동해시'),(4886,247,5117010800,'나안동','강원특별자치도','동해시'),(4887,247,5117010900,'쇄운동','강원특별자치도','동해시'),(4888,247,5117011000,'부곡동','강원특별자치도','동해시'),(4889,247,5117011100,'발한동','강원특별자치도','동해시'),(4890,247,5117011200,'북평동','강원특별자치도','동해시'),(4891,247,5117011300,'구미동','강원특별자치도','동해시'),(4892,247,5117011400,'추암동','강원특별자치도','동해시'),(4893,247,5117011500,'구호동','강원특별자치도','동해시'),(4894,247,5117011600,'단봉동','강원특별자치도','동해시'),(4895,247,5117011700,'지가동','강원특별자치도','동해시'),(4896,247,5117011800,'이도동','강원특별자치도','동해시'),(4897,247,5117011900,'귀운동','강원특별자치도','동해시'),(4898,247,5117012000,'대구동','강원특별자치도','동해시'),(4899,247,5117012100,'호현동','강원특별자치도','동해시'),(4900,247,5117012200,'내동','강원특별자치도','동해시'),(4901,247,5117012300,'묵호진동','강원특별자치도','동해시'),(4902,247,5117012400,'삼화동','강원특별자치도','동해시'),(4903,247,5117012500,'이기동','강원특별자치도','동해시'),(4904,247,5117012600,'이로동','강원특별자치도','동해시'),(4905,247,5117012700,'어달동','강원특별자치도','동해시'),(4906,247,5117012800,'대진동','강원특별자치도','동해시'),(4907,247,5117012900,'망상동','강원특별자치도','동해시'),(4908,247,5117013000,'심곡동','강원특별자치도','동해시'),(4909,247,5117013100,'초구동','강원특별자치도','동해시'),(4910,247,5117013200,'괴란동','강원특별자치도','동해시'),(4911,247,5117013300,'만우동','강원특별자치도','동해시'),(4912,247,5117013400,'신흥동','강원특별자치도','동해시'),(4913,247,5117013500,'비천동','강원특별자치도','동해시'),(4914,247,5117013600,'달방동','강원특별자치도','동해시'),(4915,248,5119010100,'황지동','강원특별자치도','태백시'),(4916,248,5119010200,'장성동','강원특별자치도','태백시'),(4917,248,5119010300,'금천동','강원특별자치도','태백시'),(4918,248,5119010400,'철암동','강원특별자치도','태백시'),(4919,248,5119010500,'문곡동','강원특별자치도','태백시'),(4920,248,5119010600,'동점동','강원특별자치도','태백시'),(4921,248,5119010700,'소도동','강원특별자치도','태백시'),(4922,248,5119010800,'혈동','강원특별자치도','태백시'),(4923,248,5119010900,'화전동','강원특별자치도','태백시'),(4924,248,5119011000,'적각동','강원특별자치도','태백시'),(4925,248,5119011100,'창죽동','강원특별자치도','태백시'),(4926,248,5119011200,'통동','강원특별자치도','태백시'),(4927,248,5119011300,'백산동','강원특별자치도','태백시'),(4928,248,5119011400,'원동','강원특별자치도','태백시'),(4929,248,5119011500,'상사미동','강원특별자치도','태백시'),(4930,248,5119011600,'하사미동','강원특별자치도','태백시'),(4931,248,5119011700,'조탄동','강원특별자치도','태백시'),(4932,249,5121010100,'영랑동','강원특별자치도','속초시'),(4933,249,5121010200,'동명동','강원특별자치도','속초시'),(4934,249,5121010300,'중앙동','강원특별자치도','속초시'),(4935,249,5121010400,'금호동','강원특별자치도','속초시'),(4936,249,5121010500,'청학동','강원특별자치도','속초시'),(4937,249,5121010600,'교동','강원특별자치도','속초시'),(4938,249,5121010700,'노학동','강원특별자치도','속초시'),(4939,249,5121010800,'조양동','강원특별자치도','속초시'),(4940,249,5121010900,'청호동','강원특별자치도','속초시'),(4941,249,5121011000,'대포동','강원특별자치도','속초시'),(4942,249,5121011100,'도문동','강원특별자치도','속초시'),(4943,249,5121011200,'설악동','강원특별자치도','속초시'),(4944,249,5121011300,'장사동','강원특별자치도','속초시'),(4945,250,5123010100,'성내동','강원특별자치도','삼척시'),(4946,250,5123010200,'성북동','강원특별자치도','삼척시'),(4947,250,5123010300,'읍상동','강원특별자치도','삼척시'),(4948,250,5123010400,'읍중동','강원특별자치도','삼척시'),(4949,250,5123010500,'당저동','강원특별자치도','삼척시'),(4950,250,5123010600,'교동','강원특별자치도','삼척시'),(4951,250,5123010700,'갈천동','강원특별자치도','삼척시'),(4952,250,5123010800,'증산동','강원특별자치도','삼척시'),(4953,250,5123010900,'우지동','강원특별자치도','삼척시'),(4954,250,5123011000,'마달동','강원특별자치도','삼척시'),(4955,250,5123011100,'자원동','강원특별자치도','삼척시'),(4956,250,5123011200,'평전동','강원특별자치도','삼척시'),(4957,250,5123011300,'등봉동','강원특별자치도','삼척시'),(4958,250,5123011400,'도경동','강원특별자치도','삼척시'),(4959,250,5123011500,'마평동','강원특별자치도','삼척시'),(4960,250,5123011600,'오사동','강원특별자치도','삼척시'),(4961,250,5123011700,'건지동','강원특별자치도','삼척시'),(4962,250,5123011800,'원당동','강원특별자치도','삼척시'),(4963,250,5123011900,'성남동','강원특별자치도','삼척시'),(4964,250,5123012000,'남양동','강원특별자치도','삼척시'),(4965,250,5123012100,'사직동','강원특별자치도','삼척시'),(4966,250,5123012200,'오분동','강원특별자치도','삼척시'),(4967,250,5123012300,'적노동','강원특별자치도','삼척시'),(4968,250,5123012400,'조비동','강원특별자치도','삼척시'),(4969,250,5123012500,'정상동','강원특별자치도','삼척시'),(4970,250,5123012600,'정하동','강원특별자치도','삼척시'),(4971,250,5123012700,'근산동','강원특별자치도','삼척시'),(4972,250,5123025000,'도계읍','강원특별자치도','삼척시'),(4973,250,5123025300,'원덕읍','강원특별자치도','삼척시'),(4974,250,5123031000,'근덕면','강원특별자치도','삼척시'),(4975,250,5123032000,'하장면','강원특별자치도','삼척시'),(4976,250,5123033000,'노곡면','강원특별자치도','삼척시'),(4977,250,5123034000,'미로면','강원특별자치도','삼척시'),(4978,250,5123035000,'가곡면','강원특별자치도','삼척시'),(4979,250,5123036000,'신기면','강원특별자치도','삼척시'),(4980,251,5172025000,'홍천읍','강원특별자치도','홍천군'),(4981,251,5172031000,'화촌면','강원특별자치도','홍천군'),(4982,251,5172032000,'두촌면','강원특별자치도','홍천군'),(4983,251,5172033000,'내촌면','강원특별자치도','홍천군'),(4984,251,5172034000,'서석면','강원특별자치도','홍천군'),(4985,251,5172035200,'영귀미면','강원특별자치도','홍천군'),(4986,251,5172036000,'남면','강원특별자치도','홍천군'),(4987,251,5172037000,'서면','강원특별자치도','홍천군'),(4988,251,5172038000,'북방면','강원특별자치도','홍천군'),(4989,251,5172039000,'내면','강원특별자치도','홍천군'),(4990,252,5173025000,'횡성읍','강원특별자치도','횡성군'),(4991,252,5173031000,'우천면','강원특별자치도','횡성군'),(4992,252,5173032000,'안흥면','강원특별자치도','횡성군'),(4993,252,5173033000,'둔내면','강원특별자치도','횡성군'),(4994,252,5173034000,'갑천면','강원특별자치도','횡성군'),(4995,252,5173035000,'청일면','강원특별자치도','횡성군'),(4996,252,5173036000,'공근면','강원특별자치도','횡성군'),(4997,252,5173037000,'서원면','강원특별자치도','횡성군'),(4998,252,5173038000,'강림면','강원특별자치도','횡성군'),(4999,253,5175025000,'영월읍','강원특별자치도','영월군'),(5000,253,5175025300,'상동읍','강원특별자치도','영월군'),(5001,253,5175031200,'산솔면','강원특별자치도','영월군'),(5002,253,5175032500,'김삿갓면','강원특별자치도','영월군'),(5003,253,5175033000,'북면','강원특별자치도','영월군'),(5004,253,5175034000,'남면','강원특별자치도','영월군'),(5005,253,5175035500,'한반도면','강원특별자치도','영월군'),(5006,253,5175036000,'주천면','강원특별자치도','영월군'),(5007,253,5175038000,'무릉도원면','강원특별자치도','영월군'),(5008,254,5176025000,'평창읍','강원특별자치도','평창군'),(5009,254,5176031000,'미탄면','강원특별자치도','평창군'),(5010,254,5176032000,'방림면','강원특별자치도','평창군'),(5011,254,5176033000,'대화면','강원특별자치도','평창군'),(5012,254,5176034000,'봉평면','강원특별자치도','평창군'),(5013,254,5176035000,'용평면','강원특별자치도','평창군'),(5014,254,5176036000,'진부면','강원특별자치도','평창군'),(5015,254,5176038000,'대관령면','강원특별자치도','평창군'),(5016,255,5177025000,'정선읍','강원특별자치도','정선군'),(5017,255,5177025300,'고한읍','강원특별자치도','정선군'),(5018,255,5177025600,'사북읍','강원특별자치도','정선군'),(5019,255,5177025900,'신동읍','강원특별자치도','정선군'),(5020,255,5177032000,'남면','강원특별자치도','정선군'),(5021,255,5177034000,'북평면','강원특별자치도','정선군'),(5022,255,5177035000,'임계면','강원특별자치도','정선군'),(5023,255,5177036000,'화암면','강원특별자치도','정선군'),(5024,255,5177037000,'여량면','강원특별자치도','정선군'),(5025,256,5178025000,'철원읍','강원특별자치도','철원군'),(5026,256,5178025300,'김화읍','강원특별자치도','철원군'),(5027,256,5178025600,'갈말읍','강원특별자치도','철원군'),(5028,256,5178025900,'동송읍','강원특별자치도','철원군'),(5029,256,5178031000,'서면','강원특별자치도','철원군'),(5030,256,5178032000,'근남면','강원특별자치도','철원군'),(5031,256,5178033000,'근북면','강원특별자치도','철원군'),(5032,256,5178034000,'근동면','강원특별자치도','철원군'),(5033,256,5178035000,'원동면','강원특별자치도','철원군'),(5034,256,5178036000,'원남면','강원특별자치도','철원군'),(5035,256,5178037000,'임남면','강원특별자치도','철원군'),(5036,257,5179025000,'화천읍','강원특별자치도','화천군'),(5037,257,5179031000,'간동면','강원특별자치도','화천군'),(5038,257,5179032000,'하남면','강원특별자치도','화천군'),(5039,257,5179033000,'상서면','강원특별자치도','화천군'),(5040,257,5179034000,'사내면','강원특별자치도','화천군'),(5041,258,5180025000,'양구읍','강원특별자치도','양구군'),(5042,258,5180031500,'국토정중앙면','강원특별자치도','양구군'),(5043,258,5180032000,'동면','강원특별자치도','양구군'),(5044,258,5180033000,'방산면','강원특별자치도','양구군'),(5045,258,5180034000,'해안면','강원특별자치도','양구군'),(5046,259,5181025000,'인제읍','강원특별자치도','인제군'),(5047,259,5181031000,'남면','강원특별자치도','인제군'),(5048,259,5181032000,'북면','강원특별자치도','인제군'),(5049,259,5181033000,'기린면','강원특별자치도','인제군'),(5050,259,5181034000,'서화면','강원특별자치도','인제군'),(5051,259,5181035000,'상남면','강원특별자치도','인제군'),(5052,260,5182025000,'간성읍','강원특별자치도','고성군'),(5053,260,5182025300,'거진읍','강원특별자치도','고성군'),(5054,260,5182031000,'현내면','강원특별자치도','고성군'),(5055,260,5182032000,'죽왕면','강원특별자치도','고성군'),(5056,260,5182033000,'토성면','강원특별자치도','고성군'),(5057,260,5182034000,'수동면','강원특별자치도','고성군'),(5058,261,5183025000,'양양읍','강원특별자치도','양양군'),(5059,261,5183031000,'서면','강원특별자치도','양양군'),(5060,261,5183032000,'손양면','강원특별자치도','양양군'),(5061,261,5183033000,'현북면','강원특별자치도','양양군'),(5062,261,5183034000,'현남면','강원특별자치도','양양군'),(5063,261,5183035000,'강현면','강원특별자치도','양양군');
/*!40000 ALTER TABLE `emd_address` ENABLE KEYS */;
UNLOCK TABLES;

--
-- Table structure for table `faq`
--

DROP TABLE IF EXISTS `faq`;
/*!40101 SET @saved_cs_client     = @@character_set_client */;
/*!50503 SET character_set_client = utf8mb4 */;
CREATE TABLE `faq` (
  `faq_id` int NOT NULL AUTO_INCREMENT,
  `fac_id` int NOT NULL,
  `question` text,
  `answer` text,
  `created_at` timestamp NULL DEFAULT NULL,
  `order` int DEFAULT NULL,
  PRIMARY KEY (`faq_id`)
) ENGINE=InnoDB DEFAULT CHARSET=utf8mb4 COLLATE=utf8mb4_0900_ai_ci;
/*!40101 SET character_set_client = @saved_cs_client */;

--
-- Dumping data for table `faq`
--

LOCK TABLES `faq` WRITE;
/*!40000 ALTER TABLE `faq` DISABLE KEYS */;
/*!40000 ALTER TABLE `faq` ENABLE KEYS */;
UNLOCK TABLES;

--
-- Table structure for table `faq_category`
--

DROP TABLE IF EXISTS `faq_category`;
/*!40101 SET @saved_cs_client     = @@character_set_client */;
/*!50503 SET character_set_client = utf8mb4 */;
CREATE TABLE `faq_category` (
  `fac_id` int NOT NULL AUTO_INCREMENT,
  `name` text,
  `order` int DEFAULT NULL,
  `is_hidden` tinyint DEFAULT NULL,
  PRIMARY KEY (`fac_id`)
) ENGINE=InnoDB DEFAULT CHARSET=utf8mb4 COLLATE=utf8mb4_0900_ai_ci;
/*!40101 SET character_set_client = @saved_cs_client */;

--
-- Dumping data for table `faq_category`
--

LOCK TABLES `faq_category` WRITE;
/*!40000 ALTER TABLE `faq_category` DISABLE KEYS */;
/*!40000 ALTER TABLE `faq_category` ENABLE KEYS */;
UNLOCK TABLES;

--
-- Table structure for table `image`
--

DROP TABLE IF EXISTS `image`;
/*!40101 SET @saved_cs_client     = @@character_set_client */;
/*!50503 SET character_set_client = utf8mb4 */;
CREATE TABLE `image` (
  `img_id` int NOT NULL AUTO_INCREMENT,
  `url` text,
  `orders` int NOT NULL DEFAULT '0',
  `type` varchar(10) NOT NULL,
  `connected_id` varchar(15) NOT NULL,
  `thumbnail` text,
  PRIMARY KEY (`img_id`)
) ENGINE=InnoDB AUTO_INCREMENT=149 DEFAULT CHARSET=utf8mb4 COLLATE=utf8mb4_0900_ai_ci;
/*!40101 SET character_set_client = @saved_cs_client */;

--
-- Dumping data for table `image`
--

LOCK TABLES `image` WRITE;
/*!40000 ALTER TABLE `image` DISABLE KEYS */;
INSERT INTO `image` VALUES (1,'https://s3.ap-northeast-2.amazonaws.com/ssafy-square-bucket/static/2023-08-18/daily/53d46b78-d643-44f9-838c-54a06d655505',1,'SNO','1','https://s3.ap-northeast-2.amazonaws.com/ssafy-square-bucket/static/2023-08-18/daily/53d46b78-d643-44f9-838c-54a06d655505'),(2,'https://s3.ap-northeast-2.amazonaws.com/ssafy-square-bucket/static/2023-08-17/daily/f54798dd-e255-413f-bd98-262dded30bbb',2,'SNO','1','https://s3.ap-northeast-2.amazonaws.com/ssafy-square-bucket/static/2023-08-17/daily/f54798dd-e255-413f-bd98-262dded30bbb'),(8,'https://s3.ap-northeast-2.amazonaws.com/ssafy-square-bucket/static/2023-08-17/daily/3a7c9ed5-ff45-43f1-ba9d-1a6f27308492',0,'REVIEW','6','https://s3.ap-northeast-2.amazonaws.com/ssafy-square-bucket/static/2023-08-17/daily/3a7c9ed5-ff45-43f1-ba9d-1a6f27308492'),(9,'https://s3.ap-northeast-2.amazonaws.com/ssafy-square-bucket/static/2023-08-17/daily/3a7c9ed5-ff45-43f1-ba9d-1a6f27308492',1,'REVIEW','6','https://s3.ap-northeast-2.amazonaws.com/ssafy-square-bucket/static/2023-08-17/daily/3a7c9ed5-ff45-43f1-ba9d-1a6f27308492'),(10,'https://s3.ap-northeast-2.amazonaws.com/ssafy-square-bucket/static/2023-08-17/daily/3a7c9ed5-ff45-43f1-ba9d-1a6f27308492',2,'REVIEW','6','https://s3.ap-northeast-2.amazonaws.com/ssafy-square-bucket/static/2023-08-17/daily/3a7c9ed5-ff45-43f1-ba9d-1a6f27308492'),(11,'https://s3.ap-northeast-2.amazonaws.com/ssafy-square-bucket/static/2023-08-18/daily/53d46b78-d643-44f9-838c-54a06d655505',1,'SNO','3','https://s3.ap-northeast-2.amazonaws.com/ssafy-square-bucket/static/2023-08-18/daily/53d46b78-d643-44f9-838c-54a06d655505'),(12,'https://s3.ap-northeast-2.amazonaws.com/ssafy-square-bucket/static/2023-08-18/daily/53d46b78-d643-44f9-838c-54a06d655505',2,'SNO','3','https://s3.ap-northeast-2.amazonaws.com/ssafy-square-bucket/static/2023-08-18/daily/53d46b78-d643-44f9-838c-54a06d655505'),(13,'https://s3.ap-northeast-2.amazonaws.com/ssafy-square-bucket/static/2023-08-18/daily/53d46b78-d643-44f9-838c-54a06d655505',1,'SNO','4','https://s3.ap-northeast-2.amazonaws.com/ssafy-square-bucket/static/2023-08-18/daily/53d46b78-d643-44f9-838c-54a06d655505'),(14,'https://s3.ap-northeast-2.amazonaws.com/ssafy-square-bucket/static/2023-08-17/daily/3a7c9ed5-ff45-43f1-ba9d-1a6f27308492',2,'SNO','4','https://s3.ap-northeast-2.amazonaws.com/ssafy-square-bucket/static/2023-08-17/daily/3a7c9ed5-ff45-43f1-ba9d-1a6f27308492'),(17,'https://s3.ap-northeast-2.amazonaws.com/ssafy-square-bucket/static/2023-08-17/daily/3a7c9ed5-ff45-43f1-ba9d-1a6f27308492',1,'SNO','2','https://s3.ap-northeast-2.amazonaws.com/ssafy-square-bucket/static/2023-08-17/daily/3a7c9ed5-ff45-43f1-ba9d-1a6f27308492'),(18,'https://s3.ap-northeast-2.amazonaws.com/ssafy-square-bucket/static/2023-08-17/daily/f54798dd-e255-413f-bd98-262dded30bbb',2,'SNO','2','https://s3.ap-northeast-2.amazonaws.com/ssafy-square-bucket/static/2023-08-17/daily/f54798dd-e255-413f-bd98-262dded30bbb'),(23,'https://s3.ap-northeast-2.amazonaws.com/ssafy-square-bucket/static/2023-08-17/daily/3a7c9ed5-ff45-43f1-ba9d-1a6f27308492',1,'SNO','6','https://s3.ap-northeast-2.amazonaws.com/ssafy-square-bucket/static/2023-08-17/daily/3a7c9ed5-ff45-43f1-ba9d-1a6f27308492'),(24,'https://s3.ap-northeast-2.amazonaws.com/ssafy-square-bucket/static/2023-08-18/daily/53d46b78-d643-44f9-838c-54a06d655505',2,'SNO','6','https://s3.ap-northeast-2.amazonaws.com/ssafy-square-bucket/static/2023-08-18/daily/53d46b78-d643-44f9-838c-54a06d655505'),(25,'https://s3.ap-northeast-2.amazonaws.com/ssafy-square-bucket/static/2023-08-18/daily/53d46b78-d643-44f9-838c-54a06d655505',1,'SNO','7','https://s3.ap-northeast-2.amazonaws.com/ssafy-square-bucket/static/2023-08-18/daily/53d46b78-d643-44f9-838c-54a06d655505'),(26,'https://s3.ap-northeast-2.amazonaws.com/ssafy-square-bucket/static/2023-08-17/daily/3a7c9ed5-ff45-43f1-ba9d-1a6f27308492',2,'SNO','7','https://s3.ap-northeast-2.amazonaws.com/ssafy-square-bucket/static/2023-08-17/daily/3a7c9ed5-ff45-43f1-ba9d-1a6f27308492'),(87,'https://s3.ap-northeast-2.amazonaws.com/ssafy-square-bucket/static/2023-08-17/daily/3a7c9ed5-ff45-43f1-ba9d-1a6f27308492',1,'SNO','42','https://s3.ap-northeast-2.amazonaws.com/ssafy-square-bucket/static/2023-08-17/daily/3a7c9ed5-ff45-43f1-ba9d-1a6f27308492'),(88,'https://s3.ap-northeast-2.amazonaws.com/ssafy-square-bucket/static/2023-08-17/daily/51d55911-086b-4bfb-8146-d55bc75f772a',2,'SNO','42','https://s3.ap-northeast-2.amazonaws.com/ssafy-square-bucket/static/2023-08-17/daily/51d55911-086b-4bfb-8146-d55bc75f772a'),(90,'https://s3.ap-northeast-2.amazonaws.com/ssafy-square-bucket/static/2023-08-17/daily/f54798dd-e255-413f-bd98-262dded30bbb',1,'SNO','44','https://s3.ap-northeast-2.amazonaws.com/ssafy-square-bucket/static/2023-08-17/daily/f54798dd-e255-413f-bd98-262dded30bbb'),(140,'https://s3.ap-northeast-2.amazonaws.com/ssafy-square-bucket/static/2023-08-17/daily/6b6bf4a3-e6e1-4bbf-891e-037dabba0f53',1,'SNO','46','https://s3.ap-northeast-2.amazonaws.com/ssafy-square-bucket/static/2023-08-17/daily/6b6bf4a3-e6e1-4bbf-891e-037dabba0f53'),(141,'https://s3.ap-northeast-2.amazonaws.com/ssafy-square-bucket/static/2023-08-17/daily/fe56a501-963d-4661-9cf8-031d87eb1338',2,'SNO','46','https://s3.ap-northeast-2.amazonaws.com/ssafy-square-bucket/static/2023-08-17/daily/fe56a501-963d-4661-9cf8-031d87eb1338'),(142,'https://s3.ap-northeast-2.amazonaws.com/ssafy-square-bucket/static/2023-08-17/daily/3a7c9ed5-ff45-43f1-ba9d-1a6f27308492',0,'REVIEW','7','https://s3.ap-northeast-2.amazonaws.com/ssafy-square-bucket/static/2023-08-17/daily/3a7c9ed5-ff45-43f1-ba9d-1a6f27308492'),(143,'https://s3.ap-northeast-2.amazonaws.com/ssafy-square-bucket/static/2023-08-17/daily/3a7c9ed5-ff45-43f1-ba9d-1a6f27308492',1,'REVIEW','7','https://s3.ap-northeast-2.amazonaws.com/ssafy-square-bucket/static/2023-08-17/daily/3a7c9ed5-ff45-43f1-ba9d-1a6f27308492'),(144,'https://s3.ap-northeast-2.amazonaws.com/ssafy-square-bucket/static/2023-08-17/daily/3a7c9ed5-ff45-43f1-ba9d-1a6f27308492',2,'REVIEW','7','https://s3.ap-northeast-2.amazonaws.com/ssafy-square-bucket/static/2023-08-17/daily/3a7c9ed5-ff45-43f1-ba9d-1a6f27308492'),(147,'https://s3.ap-northeast-2.amazonaws.com/ssafy-square-bucket/static/2023-08-18/daily/53d46b78-d643-44f9-838c-54a06d655505',1,'SNO','51','https://s3.ap-northeast-2.amazonaws.com/ssafy-square-bucket/static/2023-08-18/daily/53d46b78-d643-44f9-838c-54a06d655505'),(148,'https://s3.ap-northeast-2.amazonaws.com/ssafy-square-bucket/static/2023-08-18/daily/c5200f21-ec4f-4a80-b3c9-a398a979b127',1,'SNO','52','https://s3.ap-northeast-2.amazonaws.com/ssafy-square-bucket/static/2023-08-18/daily/c5200f21-ec4f-4a80-b3c9-a398a979b127');
/*!40000 ALTER TABLE `image` ENABLE KEYS */;
UNLOCK TABLES;

--
-- Table structure for table `issue_coupon`
--

DROP TABLE IF EXISTS `issue_coupon`;
/*!40101 SET @saved_cs_client     = @@character_set_client */;
/*!50503 SET character_set_client = utf8mb4 */;
CREATE TABLE `issue_coupon` (
  `uic_id` int NOT NULL AUTO_INCREMENT,
  `usr_id` int NOT NULL,
  `coupon_id` int NOT NULL,
  `created_at` timestamp NOT NULL,
  `is_used` tinyint DEFAULT NULL,
  `expired_at` timestamp NULL DEFAULT NULL,
  PRIMARY KEY (`uic_id`)
) ENGINE=InnoDB AUTO_INCREMENT=6 DEFAULT CHARSET=utf8mb4 COLLATE=utf8mb4_0900_ai_ci;
/*!40101 SET character_set_client = @saved_cs_client */;

--
-- Dumping data for table `issue_coupon`
--

LOCK TABLES `issue_coupon` WRITE;
/*!40000 ALTER TABLE `issue_coupon` DISABLE KEYS */;
INSERT INTO `issue_coupon` VALUES (1,23,2,'2023-08-06 02:11:11',0,'2023-08-15 02:11:11'),(3,23,1,'2023-08-07 01:55:32',0,'2023-08-15 01:11:11'),(4,22,1,'2023-08-13 11:46:10',0,'2023-08-15 01:11:11'),(5,17,1,'2023-08-13 11:50:14',0,'2023-08-15 01:11:11');
/*!40000 ALTER TABLE `issue_coupon` ENABLE KEYS */;
UNLOCK TABLES;

--
-- Table structure for table `menu`
--

DROP TABLE IF EXISTS `menu`;
/*!40101 SET @saved_cs_client     = @@character_set_client */;
/*!50503 SET character_set_client = utf8mb4 */;
CREATE TABLE `menu` (
  `men_id` int NOT NULL AUTO_INCREMENT,
  `usr_id` int NOT NULL,
  `mec_id` int NOT NULL,
  `name` varchar(255) NOT NULL,
  `price` int NOT NULL,
  `image` varchar(255) DEFAULT NULL,
  `thumbnail` varchar(255) DEFAULT NULL,
  `signature` tinyint(1) DEFAULT '0',
  `popularity` tinyint(1) DEFAULT '0',
  `created_at` timestamp NOT NULL,
  `modified_at` timestamp NOT NULL,
  `status` varchar(5) NOT NULL DEFAULT 'STOP',
  `description` varchar(255) DEFAULT NULL,
  `sal_record` int DEFAULT '0',
  `sequence` int DEFAULT '0',
  PRIMARY KEY (`men_id`)
) ENGINE=InnoDB AUTO_INCREMENT=571 DEFAULT CHARSET=utf8mb4 COLLATE=utf8mb4_0900_ai_ci;
/*!40101 SET character_set_client = @saved_cs_client */;

--
-- Dumping data for table `menu`
--

LOCK TABLES `menu` WRITE;
/*!40000 ALTER TABLE `menu` DISABLE KEYS */;
INSERT INTO `menu` VALUES (5,24,1,'빵5',3000,NULL,NULL,1,0,'2023-08-07 06:35:57','2023-08-07 06:35:57','STOP','맛난 초코빵',0,NULL),(23,23,47,'빵555555',3000,NULL,NULL,1,0,'2023-08-13 02:02:48','2023-08-13 02:02:48','STOP','맛난 초코빵',0,NULL),(26,80,11,'빵555555',3000,NULL,NULL,1,0,'2023-08-13 03:43:15','2023-08-13 03:43:15','STOP','맛난 초코빵',0,NULL),(28,80,11,'빵555555',3000,NULL,NULL,1,0,'2023-08-13 03:53:21','2023-08-13 03:53:21','STOP','맛난 초코빵',0,NULL),(29,80,14,'빵555555',3000,NULL,NULL,1,0,'2023-08-13 04:30:01','2023-08-13 04:30:01','STOP','맛난 초코빵',0,NULL),(30,80,49,'빵555555',3000,NULL,NULL,1,0,'2023-08-13 09:21:28','2023-08-13 09:21:28','OFF','맛난 초코빵',0,NULL),(32,82,51,'스누피 쿠키',1200,NULL,NULL,0,0,'2023-08-13 09:32:25','2023-08-13 09:32:25','OFF','귀여운 스누피 쿠키입니당',0,2),(33,82,51,'누워있는 스누피 쿠키',800,NULL,NULL,0,0,'2023-08-13 09:33:52','2023-08-13 09:33:52','ON','귀여워요',0,1),(34,83,1,'2342342',234234,NULL,NULL,0,0,'2023-08-13 09:35:56','2023-08-13 09:35:56','STOP','234234',0,15),(35,83,1,'1312312312',34343,NULL,NULL,0,0,'2023-08-13 09:37:07','2023-08-13 09:37:07','STOP','123123',0,14),(36,83,1,'qweqweqwqw',12312,NULL,NULL,0,0,'2023-08-13 09:42:28','2023-08-13 09:42:28','STOP','12312',0,13),(37,83,1,'213123',12312,NULL,NULL,0,0,'2023-08-13 09:45:20','2023-08-13 09:45:20','STOP','123123',0,12),(38,83,1,'13123',12312,NULL,NULL,0,0,'2023-08-13 09:48:52','2023-08-13 09:48:52','STOP','123123',0,11),(39,83,1,'12312312',12312312,NULL,NULL,0,0,'2023-08-13 09:49:59','2023-08-13 09:49:59','STOP','12312312',0,10),(40,83,1,'12312312',123123,NULL,NULL,0,0,'2023-08-13 09:52:48','2023-08-13 09:52:48','STOP','12312312',0,9),(41,83,1,'123123121',1231231,NULL,NULL,0,0,'2023-08-13 09:59:02','2023-08-13 09:59:02','STOP','12312',0,8),(42,83,1,'123123',21312312,NULL,NULL,0,0,'2023-08-13 10:00:14','2023-08-13 10:00:14','STOP','213123',0,7),(43,83,1,'123123131',1231231,NULL,NULL,0,0,'2023-08-13 10:02:18','2023-08-13 10:02:18','STOP','12312312',0,6),(44,83,1,'213123',123123,NULL,NULL,0,0,'2023-08-13 10:06:06','2023-08-13 10:06:06','STOP','12312',0,5),(45,83,1,'12312312ㅎㅎㅎㅎ',123123,NULL,NULL,0,0,'2023-08-13 10:08:54','2023-08-13 10:08:54','STOP','21312',0,4),(46,83,1,'12312312312312',123123,NULL,NULL,0,0,'2023-08-13 10:10:12','2023-08-13 10:10:12','STOP','12313121',0,3),(47,83,1,'ㅇㄴㄹㄴㅇㄹㄴㅇㄹㄴㅇㄹㄴㅇㄹㄴㅇㄹ',13213,NULL,NULL,0,0,'2023-08-13 10:12:00','2023-08-13 10:12:00','STOP','ㅇㄹㄴㄹㄴㄹㄴㅇㄹㄴㅇ',0,2),(48,83,1,'123123',2131,'https://s3.ap-northeast-2.amazonaws.com/ssafy-square-bucket/static/2023-08-13/test/bfe9f854-98d4-4e1c-bd4e-18d06d4f4fd3','https://s3.ap-northeast-2.amazonaws.com/ssafy-square-bucket/static/2023-08-13/test/thumb/6eb0c96b-5d9c-4a64-b240-df34befd24e4',0,0,'2023-08-13 10:16:13','2023-08-13 10:16:13','STOP','1231',0,1),(49,146,52,'초코케이크',7000,'https://s3.ap-northeast-2.amazonaws.com/ssafy-square-bucket/static/2023-08-13/test/e3e02442-3a49-415c-83fc-54efe90a2899','https://s3.ap-northeast-2.amazonaws.com/ssafy-square-bucket/static/2023-08-13/test/thumb/b291f22d-cfc9-4ffb-ad00-7dcef4f40f92',0,0,'2023-08-13 11:05:41','2023-08-13 11:22:31','ON','엄청 촉촉한 초코케이크',0,4),(50,146,52,'화이트 초코 케잌',6500,'https://s3.ap-northeast-2.amazonaws.com/ssafy-square-bucket/static/2023-08-13/test/76fcea27-48ee-4879-8fe2-76e3539e5726','https://s3.ap-northeast-2.amazonaws.com/ssafy-square-bucket/static/2023-08-13/test/thumb/f21cfd6b-9b0e-4093-884d-51ded4dc9217',0,0,'2023-08-13 11:12:45','2023-08-13 11:22:11','ON','엄청 맛있어요 달달하고 이뻐요',0,3),(51,146,52,'커피 케이크',7000,'https://s3.ap-northeast-2.amazonaws.com/ssafy-square-bucket/static/2023-08-13/test/df971b9c-903f-4085-ad4a-73ed1fa5ee30','https://s3.ap-northeast-2.amazonaws.com/ssafy-square-bucket/static/2023-08-13/test/thumb/2e1a2ee8-3e4a-4262-a174-5c4741338545',0,0,'2023-08-13 11:13:36','2023-08-13 11:21:54','ON','건강하고 맛있어요',0,2),(52,146,53,'조각케이크 모음',30000,'https://s3.ap-northeast-2.amazonaws.com/ssafy-square-bucket/static/2023-08-13/test/b3155328-d2eb-4392-b1f2-4e80a2cec210','https://s3.ap-northeast-2.amazonaws.com/ssafy-square-bucket/static/2023-08-13/test/thumb/b9594822-acb3-4d0e-b365-5d823f932338',0,0,'2023-08-13 11:21:12','2023-08-13 11:21:12','ON','여러가지 케이크를 한번에 먹을 수 있어요',0,1),(53,146,52,'파인애플 케이크',7000,'https://s3.ap-northeast-2.amazonaws.com/ssafy-square-bucket/static/2023-08-13/test/c0c3da40-3ba9-4b14-94f5-c9bd5d2033df','https://s3.ap-northeast-2.amazonaws.com/ssafy-square-bucket/static/2023-08-13/test/thumb/0bcd1b4d-9a92-46fc-ab01-b13a35928a61',0,0,'2023-08-13 11:46:00','2023-08-13 11:46:00','ON','제철과일로 만든 파인애플 케이크에요',0,1),(54,146,53,'수제쿠키 세트',3500,'https://s3.ap-northeast-2.amazonaws.com/ssafy-square-bucket/static/2023-08-13/test/9ce02533-9541-4d91-8c62-db51e84e074b','https://s3.ap-northeast-2.amazonaws.com/ssafy-square-bucket/static/2023-08-13/test/thumb/70e51b4e-68f5-4bce-aefa-bc53e5403837',0,0,'2023-08-13 11:46:36','2023-08-13 11:46:36','ON','수제쿠키 모음입니다 인기메뉴에요 !',0,2),(55,146,53,'샌드쿠키',3000,'https://s3.ap-northeast-2.amazonaws.com/ssafy-square-bucket/static/2023-08-13/test/ca4b34d7-8e7b-4c42-b07d-7c337402b8e9','https://s3.ap-northeast-2.amazonaws.com/ssafy-square-bucket/static/2023-08-13/test/thumb/d2c8a27a-59c3-450d-8926-84b885c3d8f3',0,0,'2023-08-13 11:47:27','2023-08-13 11:47:27','ON','크림으로 만든 샌드쿠키입니다',0,3),(56,146,53,'밤식빵',6000,'https://s3.ap-northeast-2.amazonaws.com/ssafy-square-bucket/static/2023-08-13/test/93022267-001e-4196-b9c9-06498d04adc9','https://s3.ap-northeast-2.amazonaws.com/ssafy-square-bucket/static/2023-08-13/test/thumb/6b697900-58a3-40b6-9f0c-72ef3305fc28',0,0,'2023-08-13 11:48:32','2023-08-13 11:48:32','ON','속이 꽉찬 밤 식빵입니다',0,4),(57,145,56,'키위 주스',2000,'https://s3.ap-northeast-2.amazonaws.com/ssafy-square-bucket/static/2023-08-13/test/c2f92c8d-d52f-45d7-b405-294787ae3f54','https://s3.ap-northeast-2.amazonaws.com/ssafy-square-bucket/static/2023-08-13/test/thumb/a68a5d38-8f31-43fb-8ea5-11e016c3257a',0,0,'2023-08-13 11:56:53','2023-08-13 12:00:32','ON','새콤한 키위주스',0,1),(58,145,55,'망고주스',2500,'https://s3.ap-northeast-2.amazonaws.com/ssafy-square-bucket/static/2023-08-13/test/110e7eeb-4434-4d7a-ba83-60f9bdd29aa4','https://s3.ap-northeast-2.amazonaws.com/ssafy-square-bucket/static/2023-08-13/test/thumb/c23e4efe-3a6c-4542-8bd4-eff503bf8901',0,0,'2023-08-13 12:01:18','2023-08-13 12:01:18','ON','태국에서 직접 배송받은 망고로 만든 주스',0,1),(59,145,54,'사과주스',2500,'https://s3.ap-northeast-2.amazonaws.com/ssafy-square-bucket/static/2023-08-13/test/92085780-383f-462a-9661-47dbc0341b77','https://s3.ap-northeast-2.amazonaws.com/ssafy-square-bucket/static/2023-08-13/test/thumb/aa8a6dd2-295b-4e20-a1d1-2d032f86e184',0,0,'2023-08-13 12:01:42','2023-08-13 12:01:42','ON','가장 베이직한 사과 주스',0,2),(60,145,54,'딸기주스',3000,'https://s3.ap-northeast-2.amazonaws.com/ssafy-square-bucket/static/2023-08-13/test/da9ae16a-69c5-400a-b3c1-71baa9d65782','https://s3.ap-northeast-2.amazonaws.com/ssafy-square-bucket/static/2023-08-13/test/thumb/e3a47fb4-0b52-49ef-a944-706416836ff9',0,0,'2023-08-13 12:03:47','2023-08-13 12:03:47','ON','딸기주스에용',0,1),(61,145,55,'파인애플주스',2800,'https://s3.ap-northeast-2.amazonaws.com/ssafy-square-bucket/static/2023-08-13/test/ac7a1cc9-54dc-447a-b3d4-85c5aed5967b','https://s3.ap-northeast-2.amazonaws.com/ssafy-square-bucket/static/2023-08-13/test/thumb/e49ba2b0-7c05-43fb-8a6e-beaa4aa36b5d',0,0,'2023-08-13 12:04:13','2023-08-13 12:04:13','ON','달달한 파인애플 주스',0,3),(62,145,55,'귤 주스',3000,'https://s3.ap-northeast-2.amazonaws.com/ssafy-square-bucket/static/2023-08-13/test/d0e8fad3-a3c9-42ca-a07a-63dc02b5fd06','https://s3.ap-northeast-2.amazonaws.com/ssafy-square-bucket/static/2023-08-13/test/thumb/dbdb7e20-58c1-4374-8597-d68e3da54bf6',0,0,'2023-08-13 12:04:47','2023-08-13 12:04:47','ON','무려 귤 5개가 들어가는 귤 주스 !',0,2),(63,144,58,'무화과 샐러드',8900,'https://s3.ap-northeast-2.amazonaws.com/ssafy-square-bucket/static/2023-08-13/test/e0ed8f81-90f4-4f77-8487-6b6f0f83964e','https://s3.ap-northeast-2.amazonaws.com/ssafy-square-bucket/static/2023-08-13/test/thumb/58a81499-5efa-4924-995e-0d04f3310b20',0,0,'2023-08-13 12:12:10','2023-08-13 12:12:10','ON','우리가게 시그니쳐 메뉴 입니다',0,2),(64,144,57,'싱싱한 샌드위치',5800,'https://s3.ap-northeast-2.amazonaws.com/ssafy-square-bucket/static/2023-08-13/test/65889854-dfee-4583-9bac-d30d1d1b8673','https://s3.ap-northeast-2.amazonaws.com/ssafy-square-bucket/static/2023-08-13/test/thumb/f3af9b97-8ac5-4ab4-a09d-bfddd0c7a3d1',0,0,'2023-08-13 12:13:07','2023-08-13 12:13:07','ON','싱싱한 채소들로 만들어진 샌드위치에요',0,2),(65,144,58,'곁들임 빵',2000,'https://s3.ap-northeast-2.amazonaws.com/ssafy-square-bucket/static/2023-08-13/test/255c9fa7-67b1-46b8-ab7d-1d1ec51ce765','https://s3.ap-northeast-2.amazonaws.com/ssafy-square-bucket/static/2023-08-13/test/thumb/f562a550-2696-4025-9ba1-12cbeb03b4a1',0,0,'2023-08-13 12:13:41','2023-08-13 12:13:41','ON','샐러드랑 먹기 좋은 곁들임 빵',0,1),(66,144,57,'닭가슴살 샐러드',7900,'https://s3.ap-northeast-2.amazonaws.com/ssafy-square-bucket/static/2023-08-13/test/5d32fc70-0fa4-4d5c-a830-8cdc7b1df370','https://s3.ap-northeast-2.amazonaws.com/ssafy-square-bucket/static/2023-08-13/test/thumb/b068384e-f3e5-4927-9dbe-6b3e4ec58ad8',0,0,'2023-08-13 12:14:30','2023-08-13 12:14:30','ON','닭가슴살 샐러드입니다. 다이어트하시는 분들에게 인기가 많아요',0,1),(67,144,57,'아보카도 샐러드',9000,'https://s3.ap-northeast-2.amazonaws.com/ssafy-square-bucket/static/2023-08-13/test/053b052f-b56c-4042-a462-3db9e578f6e3','https://s3.ap-northeast-2.amazonaws.com/ssafy-square-bucket/static/2023-08-13/test/thumb/1d6ee2ae-a1f5-4dac-b1d2-c66c682da777',0,0,'2023-08-13 12:16:15','2023-08-13 12:16:15','ON','고소한 아보카도로 만든 샐러드입니다.',0,3),(68,143,61,'카페라떼',2500,'https://s3.ap-northeast-2.amazonaws.com/ssafy-square-bucket/static/2023-08-13/test/9f32b642-8b7a-492f-81eb-523cdead72c5','https://s3.ap-northeast-2.amazonaws.com/ssafy-square-bucket/static/2023-08-13/test/thumb/cb8a31c7-a50e-4b35-88ae-a2143c1cc2bf',0,0,'2023-08-13 12:29:53','2023-08-13 12:29:53','ON','이쁜 카페라떼',0,1),(69,143,60,'아메리카노',2000,'https://s3.ap-northeast-2.amazonaws.com/ssafy-square-bucket/static/2023-08-13/test/02394cf8-ed4d-4aef-9c3a-b1e017fc6b2f','https://s3.ap-northeast-2.amazonaws.com/ssafy-square-bucket/static/2023-08-13/test/thumb/2a9a2bc3-7837-440e-8187-ceeb2d12037c',0,0,'2023-08-13 12:30:43','2023-08-13 12:30:43','ON','아이스 아메리카노 맛있어요',0,2),(70,143,61,'나뭇잎 라뗴',2800,'https://s3.ap-northeast-2.amazonaws.com/ssafy-square-bucket/static/2023-08-13/test/e5654b8e-f8cb-4463-99ba-3a4eeeb9df63','https://s3.ap-northeast-2.amazonaws.com/ssafy-square-bucket/static/2023-08-13/test/thumb/8414f133-3a78-409e-b555-9d0f2b157661',0,0,'2023-08-13 12:31:25','2023-08-13 12:31:25','ON','이쁘게 나뭇잎 그려드려요',0,3),(71,143,61,'백조 라뗴',3000,'https://s3.ap-northeast-2.amazonaws.com/ssafy-square-bucket/static/2023-08-13/test/c42dc938-2641-4e49-9335-d0cf2d73b5bf','https://s3.ap-northeast-2.amazonaws.com/ssafy-square-bucket/static/2023-08-13/test/thumb/7af4c6a0-f8ab-4dcc-bc42-22c0fc5641bb',0,0,'2023-08-13 12:32:00','2023-08-13 12:32:00','ON','막상 받아보면 더 이쁠거에요',0,4),(72,143,61,'토네이도 카페모카',3000,'https://s3.ap-northeast-2.amazonaws.com/ssafy-square-bucket/static/2023-08-13/test/1348cfac-432a-4be3-b779-bf0ac6e45c00','https://s3.ap-northeast-2.amazonaws.com/ssafy-square-bucket/static/2023-08-13/test/thumb/85c0fab4-af77-4fa3-9080-788ad4904b96',0,0,'2023-08-13 12:32:31','2023-08-13 12:32:31','ON','맛으로 승부를 둔 카페모카',0,2),(73,143,60,'아이스티에 샷추가',3000,'https://s3.ap-northeast-2.amazonaws.com/ssafy-square-bucket/static/2023-08-13/test/09af92b7-d63c-4f26-acb8-e4ca7f87490d','https://s3.ap-northeast-2.amazonaws.com/ssafy-square-bucket/static/2023-08-13/test/thumb/6a6812e0-6387-4876-a89a-ba4963c7c8e1',0,0,'2023-08-13 12:33:04','2023-08-13 12:33:04','ON','달달한 커피에 샷 추가해서 먹어요',0,3),(74,143,60,'랜덤 커피',3000,'https://s3.ap-northeast-2.amazonaws.com/ssafy-square-bucket/static/2023-08-13/test/a6178f9a-911b-400b-b207-34d45ed467a6','https://s3.ap-northeast-2.amazonaws.com/ssafy-square-bucket/static/2023-08-13/test/thumb/7a67a010-37e6-4b0e-92a3-e8994ba41acf',0,0,'2023-08-13 12:33:38','2023-08-13 12:33:38','ON','무슨맛일지는 비밀 ~',0,1),(75,143,59,'파인애플 케이크',7000,'https://s3.ap-northeast-2.amazonaws.com/ssafy-square-bucket/static/2023-08-13/test/bce893ff-5eeb-46e2-ad2a-86d6f6fdb019','https://s3.ap-northeast-2.amazonaws.com/ssafy-square-bucket/static/2023-08-13/test/thumb/a3d57cd3-4e42-4110-962e-e5894170f0f9',0,0,'2023-08-13 12:34:03','2023-08-13 12:34:03','ON','완전 추천 !',0,1),(76,143,59,'휘낭시엔가',3000,'https://s3.ap-northeast-2.amazonaws.com/ssafy-square-bucket/static/2023-08-13/test/860861c1-242b-4930-8cd2-447eb2073798','https://s3.ap-northeast-2.amazonaws.com/ssafy-square-bucket/static/2023-08-13/test/thumb/583c5381-3704-4505-935e-d4b194fab612',0,0,'2023-08-13 12:34:39','2023-08-13 12:34:39','ON','휘낭시에 2종 ! 랜덤입니다 !!',0,2),(77,142,62,'견과류 도넛',1800,'https://s3.ap-northeast-2.amazonaws.com/ssafy-square-bucket/static/2023-08-13/test/b9d4f3ff-81b2-4d57-9b94-a365fd0d7118','https://s3.ap-northeast-2.amazonaws.com/ssafy-square-bucket/static/2023-08-13/test/thumb/078d5dee-56f1-4e69-a732-90e53ba651d8',0,0,'2023-08-13 12:39:05','2023-08-13 12:39:05','ON','우리가게 시그니쳐입니다',0,3),(78,142,63,'초코 듬뿍',2000,'https://s3.ap-northeast-2.amazonaws.com/ssafy-square-bucket/static/2023-08-13/test/04b5bfd7-c5e1-4815-b98d-a3a377fd9bcf','https://s3.ap-northeast-2.amazonaws.com/ssafy-square-bucket/static/2023-08-13/test/thumb/edcb04ca-c075-4884-a393-02b9d10dc753',0,0,'2023-08-13 12:39:26','2023-08-13 12:39:26','ON','초코가 듬뿍 !',0,2),(79,142,62,'핑크 도넛',2000,'https://s3.ap-northeast-2.amazonaws.com/ssafy-square-bucket/static/2023-08-13/test/6e27b530-d98c-4344-978e-0ed85e7c6406','https://s3.ap-northeast-2.amazonaws.com/ssafy-square-bucket/static/2023-08-13/test/thumb/0457cc6f-8749-42c1-b653-1d0fb543387f',0,0,'2023-08-13 12:39:54','2023-08-13 12:39:54','ON','핑크핑크',0,2),(80,142,63,'초코 견과류 도넛',2500,'https://s3.ap-northeast-2.amazonaws.com/ssafy-square-bucket/static/2023-08-13/test/59269be4-e740-4386-a33c-c4af5057a2bf','https://s3.ap-northeast-2.amazonaws.com/ssafy-square-bucket/static/2023-08-13/test/thumb/64585fd4-76b0-4820-9028-6a054729f667',0,0,'2023-08-13 12:40:22','2023-08-13 12:40:22','ON','초코와 견과류가 만났다 !',0,1),(81,142,63,'꽃 도넛',3000,'https://s3.ap-northeast-2.amazonaws.com/ssafy-square-bucket/static/2023-08-13/test/ee63f170-344a-437c-b15c-8564206a77dd','https://s3.ap-northeast-2.amazonaws.com/ssafy-square-bucket/static/2023-08-13/test/thumb/0e775bdb-32b7-4b6d-a04c-8d238c4e69d0',0,0,'2023-08-13 12:42:13','2023-08-13 12:42:13','ON','무려 2개가 1세트입니다.',0,3),(82,142,62,'플레인',1800,'https://s3.ap-northeast-2.amazonaws.com/ssafy-square-bucket/static/2023-08-13/test/6d9b2592-e47d-488a-a150-a6157e7575c7','https://s3.ap-northeast-2.amazonaws.com/ssafy-square-bucket/static/2023-08-13/test/thumb/4add29f4-41ff-4dba-a5d8-42a3fa109eb4',0,0,'2023-08-13 12:42:51','2023-08-13 12:42:51','ON','담백한 플레인입니다',0,1),(83,141,64,'모둠초밥',25000,'https://s3.ap-northeast-2.amazonaws.com/ssafy-square-bucket/static/2023-08-13/test/f11d5184-9823-453a-bb84-aa1272f49f3b','https://s3.ap-northeast-2.amazonaws.com/ssafy-square-bucket/static/2023-08-13/test/thumb/4076320b-730d-4b95-a82e-61ea65b5e194',0,0,'2023-08-13 14:19:30','2023-08-13 14:19:30','ON','연어3 + 광어5 + 소라2 + 장어3 + 추가초밥',0,2),(84,141,65,'플레이트',28000,'https://s3.ap-northeast-2.amazonaws.com/ssafy-square-bucket/static/2023-08-13/test/1daa300b-5e51-42f6-83d0-b686144eebe7','https://s3.ap-northeast-2.amazonaws.com/ssafy-square-bucket/static/2023-08-13/test/thumb/fbf54308-4302-4335-a37a-fd3f07838121',0,0,'2023-08-13 14:19:55','2023-08-13 14:22:58','ON','싱싱한 회로 구성되었습니다.',0,1),(85,141,66,'연어회덮밥',17000,'https://s3.ap-northeast-2.amazonaws.com/ssafy-square-bucket/static/2023-08-13/test/1973582a-493d-4eae-bc5c-4cafede128f5','https://s3.ap-northeast-2.amazonaws.com/ssafy-square-bucket/static/2023-08-13/test/thumb/e2d6a54c-9588-4bd3-93e5-b3393a023c97',0,0,'2023-08-13 14:20:25','2023-08-13 14:20:25','ON','광어로 변경 가능. 요청사항에 적어주세요',0,1),(86,141,67,'스시롤',12000,'https://s3.ap-northeast-2.amazonaws.com/ssafy-square-bucket/static/2023-08-13/test/a71616d7-88d5-4ad4-9ce0-464426d96a52','https://s3.ap-northeast-2.amazonaws.com/ssafy-square-bucket/static/2023-08-13/test/thumb/2b4f983e-ca24-4d8f-9e28-ebd972e6cc46',0,0,'2023-08-13 14:20:49','2023-08-13 14:20:49','ON','연어와 아보카도, 그리고 연어알',0,1),(87,141,64,'육회초밥',14000,'https://s3.ap-northeast-2.amazonaws.com/ssafy-square-bucket/static/2023-08-13/test/bc1a5147-6da7-4919-8b19-a769c6c23e49','https://s3.ap-northeast-2.amazonaws.com/ssafy-square-bucket/static/2023-08-13/test/thumb/54214abe-e392-4854-b1c3-ffd497253d5d',0,0,'2023-08-13 14:21:17','2023-08-13 14:21:17','ON','총 12피스입니다.',0,1),(88,141,66,'김치',700,'https://s3.ap-northeast-2.amazonaws.com/ssafy-square-bucket/static/2023-08-13/test/1eb2ba46-3179-4916-b185-63ce2ecc7f1d','https://s3.ap-northeast-2.amazonaws.com/ssafy-square-bucket/static/2023-08-13/test/thumb/f6b98a70-f8df-440d-ac08-297ebfd569ca',0,0,'2023-08-13 14:21:46','2023-08-13 14:21:46','ON','김치 추가',0,2),(89,141,1,'모둠롤',25000,'https://s3.ap-northeast-2.amazonaws.com/ssafy-square-bucket/static/2023-08-13/test/93c36879-1a8a-40ac-89b9-09cc52cb7e38','https://s3.ap-northeast-2.amazonaws.com/ssafy-square-bucket/static/2023-08-13/test/thumb/72ada1f1-efc1-4cd9-a22a-aa00555cb778',0,0,'2023-08-13 14:22:14','2023-08-13 14:22:14','STOP','3인분입니다.',0,1),(90,140,68,'연어 샐러드',12000,'https://s3.ap-northeast-2.amazonaws.com/ssafy-square-bucket/static/2023-08-13/test/b77c4dbf-87fb-48ec-b447-6ac8901d9d54','https://s3.ap-northeast-2.amazonaws.com/ssafy-square-bucket/static/2023-08-13/test/thumb/b979de84-f918-43ce-978b-8eacf80e3b83',0,0,'2023-08-13 14:29:28','2023-08-13 14:29:28','ON','연어 샐러드',0,2),(91,140,68,'스테이크 샐러드',15000,'https://s3.ap-northeast-2.amazonaws.com/ssafy-square-bucket/static/2023-08-13/test/b23ec61e-77cf-45a9-bee0-03f3df6aab31','https://s3.ap-northeast-2.amazonaws.com/ssafy-square-bucket/static/2023-08-13/test/thumb/b6656efa-5c09-42bb-ab21-22c2d7683fb8',0,0,'2023-08-13 14:29:56','2023-08-13 14:29:56','ON','살치살 150g',0,3),(92,140,70,'과일 샐러드',4000,'https://s3.ap-northeast-2.amazonaws.com/ssafy-square-bucket/static/2023-08-13/test/759a8954-4aae-491f-8385-de2a1af21ebd','https://s3.ap-northeast-2.amazonaws.com/ssafy-square-bucket/static/2023-08-13/test/thumb/c6029922-2950-4468-b437-888cd4e5a893',0,0,'2023-08-13 14:30:29','2023-08-13 14:30:29','ON','가벼운 아침으로 딱 !',0,1),(93,140,68,'콥샐러드',18000,'https://s3.ap-northeast-2.amazonaws.com/ssafy-square-bucket/static/2023-08-13/test/a9f21764-c230-463f-acc3-589e6a3c73ba','https://s3.ap-northeast-2.amazonaws.com/ssafy-square-bucket/static/2023-08-13/test/thumb/cd1ad107-27d6-479c-a88e-c451c281e415',0,0,'2023-08-13 14:31:04','2023-08-13 14:31:04','ON','닭가슴살 추가 가능해요',0,4),(94,140,70,'연어 스테이크',12000,'https://s3.ap-northeast-2.amazonaws.com/ssafy-square-bucket/static/2023-08-13/test/78a74222-f523-4d6e-b133-e5783fc259a9','https://s3.ap-northeast-2.amazonaws.com/ssafy-square-bucket/static/2023-08-13/test/thumb/a3cb2978-e00e-4b7b-bb0b-b9b39f46e91a',0,0,'2023-08-13 14:31:41','2023-08-13 14:31:41','ON','샐러드가 질릴 때는 연어 스테이크 !',0,2),(95,140,68,'파스타 샐러드',12000,'https://s3.ap-northeast-2.amazonaws.com/ssafy-square-bucket/static/2023-08-13/test/8c6dc7d5-fd6d-48a9-905c-e63a35d1866b','https://s3.ap-northeast-2.amazonaws.com/ssafy-square-bucket/static/2023-08-13/test/thumb/571e5e0b-c78c-4adf-bc1c-c7b8ef25e85f',0,0,'2023-08-13 14:32:17','2023-08-13 14:32:17','ON','여러가지 채소들과 파스타로 한끼 뚝딱!',0,1),(96,140,68,'닭가슴살 샐러드',10000,'https://s3.ap-northeast-2.amazonaws.com/ssafy-square-bucket/static/2023-08-13/test/7d18220d-364f-4f4e-b751-3a98a88f74c4','https://s3.ap-northeast-2.amazonaws.com/ssafy-square-bucket/static/2023-08-13/test/thumb/b269f8fd-cb8f-40fc-ba61-bcac263a7458',0,0,'2023-08-13 14:32:54','2023-08-13 14:32:54','ON','다이어트하는 분들에게 인기 많아요 !',0,5),(97,139,71,'기본 김밥',2800,'https://s3.ap-northeast-2.amazonaws.com/ssafy-square-bucket/static/2023-08-13/test/d9f6bdaa-10c1-4a58-8101-5ff108a1d6f8','https://s3.ap-northeast-2.amazonaws.com/ssafy-square-bucket/static/2023-08-13/test/thumb/c729b16a-3dc8-495f-81c0-807f695134d0',0,0,'2023-08-13 14:39:41','2023-08-13 14:39:41','ON','',0,1),(98,139,71,'치즈 김밥',3200,'https://s3.ap-northeast-2.amazonaws.com/ssafy-square-bucket/static/2023-08-13/test/6de777f5-6c99-4295-9d75-7894c8fe00ab','https://s3.ap-northeast-2.amazonaws.com/ssafy-square-bucket/static/2023-08-13/test/thumb/9ea14e5f-37f5-4f18-b042-aec78d1e095a',0,0,'2023-08-13 14:40:07','2023-08-13 14:40:07','ON','',0,3),(99,139,71,'참치 김밥',3500,'https://s3.ap-northeast-2.amazonaws.com/ssafy-square-bucket/static/2023-08-13/test/ab3d9a85-7eba-46ae-852f-e3c511ad2fbb','https://s3.ap-northeast-2.amazonaws.com/ssafy-square-bucket/static/2023-08-13/test/thumb/94a9c5cb-31a9-4832-8085-c26a2c515c6b',0,0,'2023-08-13 14:40:34','2023-08-13 14:40:34','ON','참치가 듬뿍',0,2),(100,139,72,'날치알 김밥',3500,'https://s3.ap-northeast-2.amazonaws.com/ssafy-square-bucket/static/2023-08-13/test/cedb9b5c-809e-4db2-9d74-7120b16a79a3','https://s3.ap-northeast-2.amazonaws.com/ssafy-square-bucket/static/2023-08-13/test/thumb/1971b376-72fd-40da-af59-604bf7fc42ae',0,0,'2023-08-13 14:41:09','2023-08-13 14:41:09','ON','날치알 김밥에는 기본적으로 오이가 많이 들어가요',0,3),(101,139,72,'소세지 김밥',4000,'https://s3.ap-northeast-2.amazonaws.com/ssafy-square-bucket/static/2023-08-13/test/8e0c4168-f9ed-4859-8b26-1f27c27b584e','https://s3.ap-northeast-2.amazonaws.com/ssafy-square-bucket/static/2023-08-13/test/thumb/aeeeba23-9448-4cd4-b05f-886805bb6ff8',0,0,'2023-08-13 14:42:00','2023-08-13 14:42:00','ON','커다란 소세지 하나가 통째로 !',0,1),(102,139,72,'새우튀김 김밥',4000,'https://s3.ap-northeast-2.amazonaws.com/ssafy-square-bucket/static/2023-08-13/test/579716f1-e2fa-401b-a622-48e958c3695e','https://s3.ap-northeast-2.amazonaws.com/ssafy-square-bucket/static/2023-08-13/test/thumb/ff75f99d-30a7-432d-b050-ac741d10d3ac',0,0,'2023-08-13 14:42:28','2023-08-13 14:42:28','ON','새우튀김이 총 2마리 들어가요',0,2),(103,139,72,'크래미 김밥',4200,'https://s3.ap-northeast-2.amazonaws.com/ssafy-square-bucket/static/2023-08-13/test/b073e6ce-0be1-4f08-8155-a47877fc8b7b','https://s3.ap-northeast-2.amazonaws.com/ssafy-square-bucket/static/2023-08-13/test/thumb/bf8442b4-5063-45e1-a04e-5f6ffbfbb9f9',0,0,'2023-08-13 14:43:05','2023-08-13 14:43:05','ON','크래미와 와사비의 조화 !',0,4),(104,138,73,'샤인머스캣 탕후루',2000,'https://s3.ap-northeast-2.amazonaws.com/ssafy-square-bucket/static/2023-08-13/test/507e5cdc-e944-4a36-9540-4c3bd64ca76e','https://s3.ap-northeast-2.amazonaws.com/ssafy-square-bucket/static/2023-08-13/test/thumb/f41675e4-40f6-424f-b7ab-36f0f21ff7b3',0,0,'2023-08-13 14:48:06','2023-08-13 14:48:06','ON','1개',0,2),(105,138,73,'귤 탕후루',2000,'https://s3.ap-northeast-2.amazonaws.com/ssafy-square-bucket/static/2023-08-13/test/1943c006-3f6a-4ec3-850b-62f1d35ad96b','https://s3.ap-northeast-2.amazonaws.com/ssafy-square-bucket/static/2023-08-13/test/thumb/d16fa18e-edd6-4afb-88e2-fd67e1c92a36',0,0,'2023-08-13 14:48:32','2023-08-13 14:48:32','ON','1개',0,3),(106,138,74,'블랙사파이어 탕후루',2500,'https://s3.ap-northeast-2.amazonaws.com/ssafy-square-bucket/static/2023-08-13/test/b4fb4aca-0276-49ea-852d-2426adf24293','https://s3.ap-northeast-2.amazonaws.com/ssafy-square-bucket/static/2023-08-13/test/thumb/33110820-715b-435a-999e-5243ffbf8cb5',0,0,'2023-08-13 14:48:50','2023-08-13 14:48:50','ON','1개',0,2),(107,138,73,'딸기 탕후루',2500,'https://s3.ap-northeast-2.amazonaws.com/ssafy-square-bucket/static/2023-08-13/test/a22250d2-5546-4ba4-b432-e5c3486120e6','https://s3.ap-northeast-2.amazonaws.com/ssafy-square-bucket/static/2023-08-13/test/thumb/315fbfe6-d4c6-4720-94ce-f89957fabd5d',0,0,'2023-08-13 14:49:40','2023-08-13 14:49:40','ON','1개',0,1),(108,138,74,'모둠 탕후루',2500,'https://s3.ap-northeast-2.amazonaws.com/ssafy-square-bucket/static/2023-08-13/test/a3bd207c-c2ac-4548-bf91-b91cebbb332f','https://s3.ap-northeast-2.amazonaws.com/ssafy-square-bucket/static/2023-08-13/test/thumb/d9688cd7-1847-47fc-bedb-11769d0a2290',0,0,'2023-08-13 14:50:05','2023-08-13 14:50:05','ON','한번에 여러맛을 느낄 수 있습니다.',0,1),(109,137,75,'헤이즐넛 라떼',5600,'https://s3.ap-northeast-2.amazonaws.com/ssafy-square-bucket/static/2023-08-13/test/86fa1f07-73e2-496c-95f5-281078417850','https://s3.ap-northeast-2.amazonaws.com/ssafy-square-bucket/static/2023-08-13/test/thumb/10bf5875-b38f-46db-9a0a-4a7eae0195ea',0,0,'2023-08-13 15:10:02','2023-08-13 15:10:02','ON','',0,3),(110,137,75,'아메리카노',4200,'https://s3.ap-northeast-2.amazonaws.com/ssafy-square-bucket/static/2023-08-13/test/4ab40711-ff34-4ebb-8800-121fb73c791f','https://s3.ap-northeast-2.amazonaws.com/ssafy-square-bucket/static/2023-08-13/test/thumb/5636f626-cd9b-46e4-b6a1-dfd57ffa8f0a',0,0,'2023-08-13 15:10:20','2023-08-13 15:10:20','ON','아이스도 가능합니다.',0,1),(111,137,75,'카푸치노',5200,'https://s3.ap-northeast-2.amazonaws.com/ssafy-square-bucket/static/2023-08-13/test/7a7c3945-0d6d-47e9-808f-40a1b135b6a0','https://s3.ap-northeast-2.amazonaws.com/ssafy-square-bucket/static/2023-08-13/test/thumb/dec431cd-8f4d-4810-bc0a-1f0bb06353d4',0,0,'2023-08-13 15:10:38','2023-08-13 15:10:38','ON','풍성한 거품이 올라가요',0,2),(112,137,1,'모카라떼',5600,'https://s3.ap-northeast-2.amazonaws.com/ssafy-square-bucket/static/2023-08-13/test/cf623725-4969-4162-90f7-b5e0f5a98912','https://s3.ap-northeast-2.amazonaws.com/ssafy-square-bucket/static/2023-08-13/test/thumb/925a78e6-6779-4518-b9ba-c63596c17f1c',0,0,'2023-08-13 15:10:59','2023-08-13 15:10:59','STOP','아이스가 더 맛있어요',0,1),(113,137,76,'녹차라떼',6200,'https://s3.ap-northeast-2.amazonaws.com/ssafy-square-bucket/static/2023-08-13/test/12bb436f-cf43-4659-8b9f-3b52976d8afa','https://s3.ap-northeast-2.amazonaws.com/ssafy-square-bucket/static/2023-08-13/test/thumb/6b79603b-e8ec-45f2-87c5-88b19c8f27a1',0,0,'2023-08-13 15:11:19','2023-08-13 15:11:19','ON','제주도에서 온 녹차입니다.',0,2),(114,137,76,'잉글리쉬 브렉퍼스트 라떼',6500,'https://s3.ap-northeast-2.amazonaws.com/ssafy-square-bucket/static/2023-08-13/test/32ea1cd0-31aa-4449-adb9-770b5e35167a','https://s3.ap-northeast-2.amazonaws.com/ssafy-square-bucket/static/2023-08-13/test/thumb/8bb54a29-f0ca-4bb4-8c9e-d4cd01452537',0,0,'2023-08-13 15:11:41','2023-08-13 15:11:41','ON','엄청 진해요',0,1),(115,137,77,'크루와상 샌드위치',5200,'https://s3.ap-northeast-2.amazonaws.com/ssafy-square-bucket/static/2023-08-13/test/ad5f976e-e105-4220-96ab-f5cfd3a0967a','https://s3.ap-northeast-2.amazonaws.com/ssafy-square-bucket/static/2023-08-13/test/thumb/4c5b1761-1784-4839-8f33-38283f224304',0,0,'2023-08-13 15:12:13','2023-08-13 15:12:13','ON','크루와상과 싱싱한 야채들',0,1),(116,137,77,'멜론 케이크',6700,'https://s3.ap-northeast-2.amazonaws.com/ssafy-square-bucket/static/2023-08-13/test/2720e5f3-ed96-4d9c-b2eb-9e2a545e230a','https://s3.ap-northeast-2.amazonaws.com/ssafy-square-bucket/static/2023-08-13/test/thumb/9a5284e4-23c9-4f43-87cc-16c3f5d0bff1',0,0,'2023-08-13 15:12:39','2023-08-13 15:12:39','ON','1PC',0,2),(117,137,77,'땅콩크림 쿠키',2800,'https://s3.ap-northeast-2.amazonaws.com/ssafy-square-bucket/static/2023-08-13/test/176807cc-0aae-4dda-9994-59871ed3baba','https://s3.ap-northeast-2.amazonaws.com/ssafy-square-bucket/static/2023-08-13/test/thumb/e3017f75-70c1-4b81-a0a9-24edd66457dd',0,0,'2023-08-13 15:13:02','2023-08-13 15:13:02','ON','2PC',0,3),(118,136,79,'바나나 츄이스티',1800,'https://s3.ap-northeast-2.amazonaws.com/ssafy-square-bucket/static/2023-08-13/test/53616f8d-ffe5-4278-8952-f04354d07261','https://s3.ap-northeast-2.amazonaws.com/ssafy-square-bucket/static/2023-08-13/test/thumb/9c2b560e-583f-49c8-8761-aa6f1c8330cb',0,0,'2023-08-13 15:21:42','2023-08-13 15:21:42','ON','쫄깃한 츄이스티에 바나나 초콜릿 코팅 !',0,2),(119,136,79,'녹차 도넛',1800,'https://s3.ap-northeast-2.amazonaws.com/ssafy-square-bucket/static/2023-08-13/test/9daaf04d-495d-424a-acd2-3af6f605999a','https://s3.ap-northeast-2.amazonaws.com/ssafy-square-bucket/static/2023-08-13/test/thumb/c334340b-2534-4e14-ac65-b55ae88d3e69',0,0,'2023-08-13 15:22:08','2023-08-13 15:22:08','OFF','진한 녹차 초콜릿 코팅 !',0,1),(120,136,78,'녹차 도넛',1800,'https://s3.ap-northeast-2.amazonaws.com/ssafy-square-bucket/static/2023-08-13/test/31a537c5-06e5-4bff-95e0-7833f02a390b','https://s3.ap-northeast-2.amazonaws.com/ssafy-square-bucket/static/2023-08-13/test/thumb/a18e2ed8-ddd3-4907-aa75-10f266ef51c2',0,0,'2023-08-13 15:24:39','2023-08-13 15:24:39','ON','녹차 초콜릿으로 코팅된 도넛 ! 안에는 녹차 필링까지 !!!',0,2),(121,136,78,'하트 도넛',2000,'https://s3.ap-northeast-2.amazonaws.com/ssafy-square-bucket/static/2023-08-14/test/1ad0481b-6299-4cd3-9624-04c768eb6d24','https://s3.ap-northeast-2.amazonaws.com/ssafy-square-bucket/static/2023-08-14/test/thumb/200ecbad-735b-4980-a83d-abf75348d5e7',0,0,'2023-08-13 15:25:06','2023-08-14 04:39:58','ON','하트모양 도넛과 달달한 우유 크림 ~',0,3),(122,136,79,'초코 츄이스티',2000,'https://s3.ap-northeast-2.amazonaws.com/ssafy-square-bucket/static/2023-08-13/test/f9c47238-c8b2-49a6-94e6-035e51b07256','https://s3.ap-northeast-2.amazonaws.com/ssafy-square-bucket/static/2023-08-13/test/thumb/70dc29c3-dcdb-4acf-8149-8cc073368bf4',0,0,'2023-08-13 15:25:43','2023-08-13 15:25:43','ON','달달한 초코맛 츄이스티 ~',0,3),(123,136,79,'올리브 츄이스티',2000,'https://s3.ap-northeast-2.amazonaws.com/ssafy-square-bucket/static/2023-08-13/test/468839b9-97f0-482d-a375-8ca45d40223d','https://s3.ap-northeast-2.amazonaws.com/ssafy-square-bucket/static/2023-08-13/test/thumb/7295c2c1-0848-419b-af52-3c1626dc4dff',0,0,'2023-08-13 15:26:08','2023-08-13 15:26:08','ON','쫀득한 반죽에 올리브 오일이 들어가요 ~',0,1),(124,136,78,'스트로베리 필링',2200,'https://s3.ap-northeast-2.amazonaws.com/ssafy-square-bucket/static/2023-08-13/test/a3230cb8-b04a-4f45-ba52-3203e8c9cc15','https://s3.ap-northeast-2.amazonaws.com/ssafy-square-bucket/static/2023-08-13/test/thumb/28330e30-ad3d-490f-95c4-5e5c4ab6a342',0,0,'2023-08-13 15:26:53','2023-08-13 15:26:53','ON','우리가게 시그니쳐 !',0,1),(125,136,80,'아이스 아메리카노',2000,'https://s3.ap-northeast-2.amazonaws.com/ssafy-square-bucket/static/2023-08-13/test/60a9e010-fe05-42f3-87c3-4a73b47286a6','https://s3.ap-northeast-2.amazonaws.com/ssafy-square-bucket/static/2023-08-13/test/thumb/5c3f9f3a-ca2f-4094-ab52-2148837f1e30',0,0,'2023-08-13 15:27:23','2023-08-13 15:27:23','ON','도넛과 잘 어울리는 커피 !',0,1),(126,136,80,'카페 라떼',2500,'https://s3.ap-northeast-2.amazonaws.com/ssafy-square-bucket/static/2023-08-13/test/aefbfefe-24d4-4924-8dc2-e54e5854c85a','https://s3.ap-northeast-2.amazonaws.com/ssafy-square-bucket/static/2023-08-13/test/thumb/86b4914b-d890-43b8-8fce-31f8fcfa2517',0,0,'2023-08-13 15:27:45','2023-08-13 15:27:45','ON','',0,2),(127,136,80,'카라멜 마끼아또',2700,'https://s3.ap-northeast-2.amazonaws.com/ssafy-square-bucket/static/2023-08-13/test/bd8e9cc7-d4dc-4a4d-9d57-ab383eca9726','https://s3.ap-northeast-2.amazonaws.com/ssafy-square-bucket/static/2023-08-13/test/thumb/6225c781-ecf7-4f88-8cd0-227c672c69b8',0,0,'2023-08-13 15:28:13','2023-08-13 15:28:13','ON','달달한 카라멜 마끼아또',0,3),(128,135,81,'아이스 아메리카노',2000,'https://s3.ap-northeast-2.amazonaws.com/ssafy-square-bucket/static/2023-08-13/test/0557fe6a-1073-4a37-b081-eaf307f875aa','https://s3.ap-northeast-2.amazonaws.com/ssafy-square-bucket/static/2023-08-13/test/thumb/3a6b07c9-d665-4829-8aea-4f60f465c652',0,0,'2023-08-13 15:42:52','2023-08-13 15:42:52','ON','3샷',0,1),(129,135,81,'바닐라라떼',2800,'https://s3.ap-northeast-2.amazonaws.com/ssafy-square-bucket/static/2023-08-13/test/95c04d6f-c71a-48dd-8264-f0fe2fea8ce7','https://s3.ap-northeast-2.amazonaws.com/ssafy-square-bucket/static/2023-08-13/test/thumb/81a81774-4276-4645-ac40-738e6de62044',0,0,'2023-08-13 15:43:13','2023-08-13 15:43:13','ON','2샷',0,3),(130,135,81,'카페 라떼',2500,'https://s3.ap-northeast-2.amazonaws.com/ssafy-square-bucket/static/2023-08-13/test/5757e392-6955-407a-ab6f-f9a97bf82dbc','https://s3.ap-northeast-2.amazonaws.com/ssafy-square-bucket/static/2023-08-13/test/thumb/84124886-a0e8-47a8-8b3d-d855f7612b8b',0,0,'2023-08-13 15:43:35','2023-08-13 15:43:35','ON','3샷',0,2),(131,135,81,'오곡 라떼',3000,'https://s3.ap-northeast-2.amazonaws.com/ssafy-square-bucket/static/2023-08-13/test/c0697f0b-16ad-4bfe-984a-f20ea1050a17','https://s3.ap-northeast-2.amazonaws.com/ssafy-square-bucket/static/2023-08-13/test/thumb/c7d6b678-72fe-4c8d-a1fa-ba330717563b',0,0,'2023-08-13 15:44:00','2023-08-13 15:44:00','ON','3샷. 한끼 때우기 좋아요',0,4),(132,135,83,'초코라떼',3500,'https://s3.ap-northeast-2.amazonaws.com/ssafy-square-bucket/static/2023-08-13/test/1433eae0-770c-48b1-97d5-6e32de258ab5','https://s3.ap-northeast-2.amazonaws.com/ssafy-square-bucket/static/2023-08-13/test/thumb/4929bad3-44e8-40ee-b7be-fa6b219e5ce0',0,0,'2023-08-13 15:44:16','2023-08-13 15:44:16','ON','엄청 달아요 ~',0,1),(133,135,82,'딸기/포도 도너츠',2500,'https://s3.ap-northeast-2.amazonaws.com/ssafy-square-bucket/static/2023-08-13/test/fee92806-0589-4836-afa9-c6052320333a','https://s3.ap-northeast-2.amazonaws.com/ssafy-square-bucket/static/2023-08-13/test/thumb/979b1034-b962-40ba-901a-4f6d1658c365',0,0,'2023-08-13 15:44:58','2023-08-13 15:44:58','ON','딸기/포도 중에 하나 선택해서 요청사항에 적어주세요 !',0,2),(134,135,82,'치즈 케이크',6000,'https://s3.ap-northeast-2.amazonaws.com/ssafy-square-bucket/static/2023-08-13/test/fd5a7c1b-865d-4d3b-974e-9096ce43489b','https://s3.ap-northeast-2.amazonaws.com/ssafy-square-bucket/static/2023-08-13/test/thumb/cc831db5-b315-46e5-84ea-dd4de9b1d87a',0,0,'2023-08-13 15:45:22','2023-08-13 15:45:22','ON','수제 치즈케이크에요',0,1),(135,135,82,'자몽 케이크',6500,'https://s3.ap-northeast-2.amazonaws.com/ssafy-square-bucket/static/2023-08-13/test/28bbf5fe-3460-463f-800a-38420aaabc41','https://s3.ap-northeast-2.amazonaws.com/ssafy-square-bucket/static/2023-08-13/test/thumb/594ac776-48cf-4be1-8dff-8afff28d67d4',0,0,'2023-08-13 15:46:52','2023-08-13 15:46:52','ON','수제 케이크입니다 !',0,3),(136,134,84,'일반 김밥',2000,'https://s3.ap-northeast-2.amazonaws.com/ssafy-square-bucket/static/2023-08-13/test/faa0d438-573d-4e1e-a578-de59f0d3bdc1','https://s3.ap-northeast-2.amazonaws.com/ssafy-square-bucket/static/2023-08-13/test/thumb/e48a7a1c-bf13-4298-a6f8-5ceab461169c',0,0,'2023-08-13 15:48:56','2023-08-13 15:48:56','ON','',0,1),(137,134,84,'김치 김밥',2500,'https://s3.ap-northeast-2.amazonaws.com/ssafy-square-bucket/static/2023-08-13/test/373979d3-5d9c-4976-add4-537f5b0864aa','https://s3.ap-northeast-2.amazonaws.com/ssafy-square-bucket/static/2023-08-13/test/thumb/3ba5d506-e460-43a3-9c8f-b6cf26c9aa06',0,0,'2023-08-13 15:49:32','2023-08-13 15:49:32','ON','담백하게 김치와 당근, 그리고 단무지만 들어가요 !',0,3),(138,134,85,'연어 김밥',4000,'https://s3.ap-northeast-2.amazonaws.com/ssafy-square-bucket/static/2023-08-13/test/77e6a6b6-a21e-455f-803e-4158dc3a8947','https://s3.ap-northeast-2.amazonaws.com/ssafy-square-bucket/static/2023-08-13/test/thumb/7260a4a9-f309-4119-bf4a-6628eac66e88',0,0,'2023-08-13 15:50:07','2023-08-13 15:50:07','ON','엄청 맛있어요',0,2),(139,134,85,'소세지 김밥',3500,'https://s3.ap-northeast-2.amazonaws.com/ssafy-square-bucket/static/2023-08-13/test/bf1f8af4-229e-43a2-80ef-1bd5011d7cc9','https://s3.ap-northeast-2.amazonaws.com/ssafy-square-bucket/static/2023-08-13/test/thumb/2711b04b-006a-46aa-8b3e-092ed9f1c2ce',0,0,'2023-08-13 15:50:59','2023-08-13 15:50:59','ON','매콤한 소세지가 통째로 !',0,1),(140,134,85,'돈가스 김밥',4000,'https://s3.ap-northeast-2.amazonaws.com/ssafy-square-bucket/static/2023-08-13/test/1aa5286e-3787-4ff7-98fd-eaafde3b94c2','https://s3.ap-northeast-2.amazonaws.com/ssafy-square-bucket/static/2023-08-13/test/thumb/e7cfecff-d8aa-4011-83a9-c515143d881a',0,0,'2023-08-13 15:51:25','2023-08-13 15:51:25','ON','아이들이 좋아해요',0,3),(141,134,84,'참치 김밥',3000,'https://s3.ap-northeast-2.amazonaws.com/ssafy-square-bucket/static/2023-08-13/test/3b59003f-cf5d-4bf1-8d73-ccacb5c05678','https://s3.ap-northeast-2.amazonaws.com/ssafy-square-bucket/static/2023-08-13/test/thumb/fd55b57d-bbab-4cba-9989-59c44f5f4c61',0,0,'2023-08-13 15:51:54','2023-08-13 15:51:54','ON','담백한 참치김밥',0,2),(142,134,85,'치킨 데리야끼 김밥',3500,'https://s3.ap-northeast-2.amazonaws.com/ssafy-square-bucket/static/2023-08-13/test/ab9ee8ff-7e59-4cad-b73e-c60450b41cf5','https://s3.ap-northeast-2.amazonaws.com/ssafy-square-bucket/static/2023-08-13/test/thumb/0ab9d8ca-0a2d-48ab-8825-1a717b99b651',0,0,'2023-08-13 15:52:23','2023-08-13 15:52:23','ON','',0,4),(143,134,86,'라볶이',4000,'https://s3.ap-northeast-2.amazonaws.com/ssafy-square-bucket/static/2023-08-13/test/972d08c1-f263-4d12-b10a-38c6c11bc928','https://s3.ap-northeast-2.amazonaws.com/ssafy-square-bucket/static/2023-08-13/test/thumb/82feb933-1f73-4983-87e2-3cc15ad2cfa1',0,0,'2023-08-13 15:53:23','2023-08-13 15:53:23','ON','떡볶이 + 라면 !',0,3),(144,134,86,'라면',3500,'https://s3.ap-northeast-2.amazonaws.com/ssafy-square-bucket/static/2023-08-13/test/c611e74b-2e43-4701-92c3-ba57e4341ad0','https://s3.ap-northeast-2.amazonaws.com/ssafy-square-bucket/static/2023-08-13/test/thumb/625cfe7e-ee25-4764-b9d6-8c8475606441',0,0,'2023-08-13 15:54:07','2023-08-13 15:54:07','ON','김밥에는 역시 라면',0,1),(145,134,86,'우동',3500,'https://s3.ap-northeast-2.amazonaws.com/ssafy-square-bucket/static/2023-08-13/test/fcf89a3f-51f2-4c5a-afc4-bb673ac28b44','https://s3.ap-northeast-2.amazonaws.com/ssafy-square-bucket/static/2023-08-13/test/thumb/e7883ec9-b661-4713-abe1-913d8aaa7179',0,0,'2023-08-13 15:54:32','2023-08-13 15:54:32','ON','휴게소 스타일 우동 ~',0,2),(146,133,87,'할머니가 만들어주시던 콥샐러드',25000,'https://s3.ap-northeast-2.amazonaws.com/ssafy-square-bucket/static/2023-08-13/test/6f8d82a8-7668-49ae-a05d-2a16a1ef2e5c','https://s3.ap-northeast-2.amazonaws.com/ssafy-square-bucket/static/2023-08-13/test/thumb/60facf1b-272b-4cee-a123-1d4e59fbfe7a',0,0,'2023-08-13 15:55:36','2023-08-13 15:55:36','ON','2~3인분',0,2),(147,133,87,'파스타 샐러드',12000,'https://s3.ap-northeast-2.amazonaws.com/ssafy-square-bucket/static/2023-08-13/test/7c8f2852-76c4-496c-a25c-fc83e51716e2','https://s3.ap-northeast-2.amazonaws.com/ssafy-square-bucket/static/2023-08-13/test/thumb/472ab225-4995-4a9c-8231-5b78a25a4b0f',0,0,'2023-08-13 15:55:56','2023-08-13 15:55:56','ON','한끼 식사로 좋아요 ~',0,1),(148,133,87,'퀴노아 타불레 샐러드',10000,'https://s3.ap-northeast-2.amazonaws.com/ssafy-square-bucket/static/2023-08-13/test/01994495-a55d-4acc-8e63-64a0b79aa386','https://s3.ap-northeast-2.amazonaws.com/ssafy-square-bucket/static/2023-08-13/test/thumb/8a095e8b-c045-4816-8aed-14ff61fb9ebd',0,0,'2023-08-13 15:56:34','2023-08-13 15:56:34','ON','맛도 좋고 건강도 챙기고 !',0,3),(149,133,87,'시그니쳐 샐러드',12000,'https://s3.ap-northeast-2.amazonaws.com/ssafy-square-bucket/static/2023-08-13/test/43465bf2-37f7-4a49-be0a-a59c31a418e1','https://s3.ap-northeast-2.amazonaws.com/ssafy-square-bucket/static/2023-08-13/test/thumb/06bf2387-d0c1-493e-bafb-9855d26c8441',0,0,'2023-08-13 15:57:33','2023-08-13 15:57:33','ON','두부 + 방울토마토 + 올리브오일이 들어가요',0,4),(150,133,88,'사과 + 케일 주스',4000,'https://s3.ap-northeast-2.amazonaws.com/ssafy-square-bucket/static/2023-08-13/test/0e2aa1cc-ef18-44ad-a38d-de2fd3581890','https://s3.ap-northeast-2.amazonaws.com/ssafy-square-bucket/static/2023-08-13/test/thumb/33e5917e-e307-40e9-823b-461e2c583a24',0,0,'2023-08-13 15:59:51','2023-08-13 15:59:51','ON','수제 주스입니다 ',0,2),(151,133,88,'토마토 주스',4500,'https://s3.ap-northeast-2.amazonaws.com/ssafy-square-bucket/static/2023-08-13/test/58d820a7-bfa6-4ea4-8eec-52efdaf331dc','https://s3.ap-northeast-2.amazonaws.com/ssafy-square-bucket/static/2023-08-13/test/thumb/324e9ade-7ee5-46b7-9f0d-5cb7fc7d5b2e',0,0,'2023-08-13 16:00:13','2023-08-13 16:00:13','ON','토마토가 2개나 들어가요 ~',0,1),(152,133,88,'당근 주스',4000,'https://s3.ap-northeast-2.amazonaws.com/ssafy-square-bucket/static/2023-08-13/test/3b9b0de0-42c1-454a-9c27-be56e0e50a82','https://s3.ap-northeast-2.amazonaws.com/ssafy-square-bucket/static/2023-08-13/test/thumb/8d2bcc82-1752-471d-8f67-ba29fa92af48',0,0,'2023-08-13 16:00:42','2023-08-13 16:00:42','ON','당근을 싫어하는 사람도 맛있게 먹을 수 있어요 ~',0,3),(153,132,90,'소불고기덮밥',7000,'https://s3.ap-northeast-2.amazonaws.com/ssafy-square-bucket/static/2023-08-13/test/63423477-df37-48ca-9e5b-98d5aa4bc4e5','https://s3.ap-northeast-2.amazonaws.com/ssafy-square-bucket/static/2023-08-13/test/thumb/c84ff30d-95f0-42b1-a477-37ff21fe2ae5',0,0,'2023-08-13 16:05:13','2023-08-13 16:05:13','ON','',0,6),(154,132,90,'제육덮밥',7000,'https://s3.ap-northeast-2.amazonaws.com/ssafy-square-bucket/static/2023-08-13/test/fa419762-3b96-4075-8c98-791a29468f7e','https://s3.ap-northeast-2.amazonaws.com/ssafy-square-bucket/static/2023-08-13/test/thumb/4bceccb3-d66f-45cd-bcf7-f1f7d3a0451e',0,0,'2023-08-13 16:05:29','2023-08-13 16:05:29','ON','매콤해요 ~',0,4),(155,132,90,'튀김만두',4000,'https://s3.ap-northeast-2.amazonaws.com/ssafy-square-bucket/static/2023-08-13/test/438d5ec8-049a-4b26-99dd-f1ca4846b4ff','https://s3.ap-northeast-2.amazonaws.com/ssafy-square-bucket/static/2023-08-13/test/thumb/54d941d1-db9b-47e5-ab04-b391f766bca3',0,0,'2023-08-13 16:05:45','2023-08-13 16:05:45','ON','5PC',0,5),(156,132,90,'찐만두',4000,'https://s3.ap-northeast-2.amazonaws.com/ssafy-square-bucket/static/2023-08-13/test/7bf58933-8460-46b9-bf1a-cf88ffefda4e','https://s3.ap-northeast-2.amazonaws.com/ssafy-square-bucket/static/2023-08-13/test/thumb/84ab6676-b92d-4278-8762-1e0c27e3833d',0,0,'2023-08-13 16:06:05','2023-08-13 16:06:05','ON','5PC',0,3),(157,132,89,'순대',4000,'https://s3.ap-northeast-2.amazonaws.com/ssafy-square-bucket/static/2023-08-13/test/90154efe-9f03-48d4-a37e-76b060abb693','https://s3.ap-northeast-2.amazonaws.com/ssafy-square-bucket/static/2023-08-13/test/thumb/b1e53ecd-58df-4544-9b91-4810fb3921cc',0,0,'2023-08-13 16:06:32','2023-08-13 16:06:32','ON','순대 + 간 + 허파',0,2),(158,132,89,'모둠 튀김',7000,'https://s3.ap-northeast-2.amazonaws.com/ssafy-square-bucket/static/2023-08-13/test/1a250838-1620-41ce-b977-6d009d93d318','https://s3.ap-northeast-2.amazonaws.com/ssafy-square-bucket/static/2023-08-13/test/thumb/08a29c80-5072-4ef5-8195-6bab74435341',0,0,'2023-08-13 16:06:53','2023-08-13 16:06:53','ON','10PC',0,3),(159,132,89,'떡볶이',3500,'https://s3.ap-northeast-2.amazonaws.com/ssafy-square-bucket/static/2023-08-13/test/66d062d5-fc72-43a7-8314-230a88717c9f','https://s3.ap-northeast-2.amazonaws.com/ssafy-square-bucket/static/2023-08-13/test/thumb/56412ffe-39ef-4e31-97ba-88d56c7d31de',0,0,'2023-08-13 16:07:24','2023-08-13 16:07:24','ON','쌀떡볶이입니다 ~',0,1),(160,132,90,'라면',3000,'https://s3.ap-northeast-2.amazonaws.com/ssafy-square-bucket/static/2023-08-13/test/3636396c-12e7-4d89-b0bb-ee5dbc88fd96','https://s3.ap-northeast-2.amazonaws.com/ssafy-square-bucket/static/2023-08-13/test/thumb/82ba730f-783f-436e-9ecd-15f5955eb9a8',0,0,'2023-08-13 16:07:59','2023-08-13 16:07:59','ON','',0,1),(161,132,90,'어묵우동',5000,'https://s3.ap-northeast-2.amazonaws.com/ssafy-square-bucket/static/2023-08-13/test/10f4c28a-793a-4cd0-af8e-1bf0280231a7','https://s3.ap-northeast-2.amazonaws.com/ssafy-square-bucket/static/2023-08-13/test/thumb/b4d9759a-ff8c-416c-b825-3c79c54881dc',0,0,'2023-08-13 16:08:14','2023-08-13 16:08:14','ON','',0,2),(162,131,92,'딸기 주스',2500,'https://s3.ap-northeast-2.amazonaws.com/ssafy-square-bucket/static/2023-08-13/test/aab03e42-c850-4a3e-9d12-fbc90ea27f4f','https://s3.ap-northeast-2.amazonaws.com/ssafy-square-bucket/static/2023-08-13/test/thumb/18790d2a-5252-45bd-b32b-39598f7f9896',0,0,'2023-08-13 16:31:02','2023-08-13 16:31:02','ON','여름이라 냉동 딸기에요 ㅜㅜ',0,1),(163,131,92,'사과 주스',3500,'https://s3.ap-northeast-2.amazonaws.com/ssafy-square-bucket/static/2023-08-13/test/395649ec-575c-48a0-b335-c503e150bbbb','https://s3.ap-northeast-2.amazonaws.com/ssafy-square-bucket/static/2023-08-13/test/thumb/7f77a3aa-be25-412f-8a84-994e98c018b4',0,0,'2023-08-13 16:31:29','2023-08-13 16:31:29','ON','사과 한개가 통째로 들어가요 ~',0,2),(164,131,91,'파인애플 주스',4000,'https://s3.ap-northeast-2.amazonaws.com/ssafy-square-bucket/static/2023-08-13/test/f324ab53-1b66-44cc-bd32-02239cde88bb','https://s3.ap-northeast-2.amazonaws.com/ssafy-square-bucket/static/2023-08-13/test/thumb/5dfb4e91-e588-4636-82bc-96a662428283',0,0,'2023-08-13 16:31:55','2023-08-13 16:31:55','ON','새콤달달한 파인애플 !',0,3),(165,131,91,'수박 쥬스',3500,'https://s3.ap-northeast-2.amazonaws.com/ssafy-square-bucket/static/2023-08-13/test/a84a1c09-9d42-4711-97e9-4493e5092254','https://s3.ap-northeast-2.amazonaws.com/ssafy-square-bucket/static/2023-08-13/test/thumb/13732c94-b199-4719-b7bb-e00b2f228030',0,0,'2023-08-13 16:32:28','2023-08-13 16:32:28','ON','여름 제철과일이에요 ~',0,1),(166,131,91,'오렌지 주스',3500,'https://s3.ap-northeast-2.amazonaws.com/ssafy-square-bucket/static/2023-08-13/test/1ad4b87a-654d-43a9-8116-f6dd61602706','https://s3.ap-northeast-2.amazonaws.com/ssafy-square-bucket/static/2023-08-13/test/thumb/3897aa49-9cb3-442c-83b0-a8107b243c5d',0,0,'2023-08-13 16:32:57','2023-08-13 16:32:57','ON','오렌지 하나가 통째로 !',0,4),(167,131,91,'포도 주스',3500,'https://s3.ap-northeast-2.amazonaws.com/ssafy-square-bucket/static/2023-08-13/test/93b13afa-4d92-4ea2-9326-9a5911613678','https://s3.ap-northeast-2.amazonaws.com/ssafy-square-bucket/static/2023-08-13/test/thumb/8c41625b-45c7-423a-bfe5-72f6dcadd66a',0,0,'2023-08-13 16:33:24','2023-08-13 16:33:24','ON','생각보다 더 달아요 !',0,2),(168,131,92,'바나나주스',3500,'https://s3.ap-northeast-2.amazonaws.com/ssafy-square-bucket/static/2023-08-13/test/918a38cb-e6f9-4423-903a-9bfc147ac2df','https://s3.ap-northeast-2.amazonaws.com/ssafy-square-bucket/static/2023-08-13/test/thumb/2e1a842f-2979-42a5-a95d-4c5323404feb',0,0,'2023-08-13 16:34:00','2023-08-13 16:34:00','ON','주스라기 보단 스무디에 가까운 ...',0,3),(169,130,93,'에스프레소',4000,'https://s3.ap-northeast-2.amazonaws.com/ssafy-square-bucket/static/2023-08-13/test/c8c79152-792f-4f78-bad3-140baeeeca94','https://s3.ap-northeast-2.amazonaws.com/ssafy-square-bucket/static/2023-08-13/test/thumb/d1516da7-8017-44b6-912c-b49b084dbbce',0,0,'2023-08-13 16:36:41','2023-08-13 16:36:41','ON','진한 에스프레소 입니다',0,1),(170,130,93,'아메리카노',4200,'https://s3.ap-northeast-2.amazonaws.com/ssafy-square-bucket/static/2023-08-13/test/ced88774-2643-4421-a8d1-7afecec9c967','https://s3.ap-northeast-2.amazonaws.com/ssafy-square-bucket/static/2023-08-13/test/thumb/9fe09c38-48ae-4d84-a64a-6d9c58af9001',0,0,'2023-08-13 16:37:17','2023-08-13 16:37:17','ON','3샷이에요',0,2),(171,130,93,'카페 라떼',4800,'https://s3.ap-northeast-2.amazonaws.com/ssafy-square-bucket/static/2023-08-13/test/7157b2e0-2447-47f2-a1af-c08239b9ddb7','https://s3.ap-northeast-2.amazonaws.com/ssafy-square-bucket/static/2023-08-13/test/thumb/b7de5297-0c65-4b92-a1f8-3a09e38de26d',0,0,'2023-08-13 16:37:51','2023-08-13 16:37:51','ON','고소한 카페라떼',0,3),(172,130,93,'카푸치노',5100,'https://s3.ap-northeast-2.amazonaws.com/ssafy-square-bucket/static/2023-08-13/test/5b1eac4e-f1ca-40f1-a093-39833b6ef182','https://s3.ap-northeast-2.amazonaws.com/ssafy-square-bucket/static/2023-08-13/test/thumb/b4b9fac8-8147-4f66-b6b4-cc0d95d3f657',0,0,'2023-08-13 16:38:20','2023-08-13 16:38:20','ON','풍성한 거품 ~',0,5),(173,130,93,'모카라떼',5200,'https://s3.ap-northeast-2.amazonaws.com/ssafy-square-bucket/static/2023-08-13/test/d53a69e1-460c-4d28-8914-9277555ca25d','https://s3.ap-northeast-2.amazonaws.com/ssafy-square-bucket/static/2023-08-13/test/thumb/3aa63a15-588e-4392-a350-7eff7d18d593',0,0,'2023-08-13 16:38:43','2023-08-13 16:38:43','ON','달달해요',0,4),(174,130,93,'카라멜 마끼아또',5500,'https://s3.ap-northeast-2.amazonaws.com/ssafy-square-bucket/static/2023-08-13/test/0d075ed9-bca5-468f-91ca-845a6605f7ad','https://s3.ap-northeast-2.amazonaws.com/ssafy-square-bucket/static/2023-08-13/test/thumb/4433f968-ad12-461f-9261-555f0ee9aa90',0,0,'2023-08-13 16:39:12','2023-08-13 16:39:12','ON','진한 커피와 시럽의 조화',0,6),(175,130,94,'먹물 소금빵',2000,'https://s3.ap-northeast-2.amazonaws.com/ssafy-square-bucket/static/2023-08-13/test/4d2e69a0-8a6c-4221-8600-ca23c247aef9','https://s3.ap-northeast-2.amazonaws.com/ssafy-square-bucket/static/2023-08-13/test/thumb/04a2805f-e063-48e0-a45d-a9daccae5a27',0,0,'2023-08-13 16:39:44','2023-08-13 16:39:44','ON','진한 먹물 향',0,1),(176,130,94,'라즈베리 녹차 케이크',7000,'https://s3.ap-northeast-2.amazonaws.com/ssafy-square-bucket/static/2023-08-13/test/c7b6567f-ed19-454c-b2bd-2d24d1cb19fd','https://s3.ap-northeast-2.amazonaws.com/ssafy-square-bucket/static/2023-08-13/test/thumb/1f90df3d-66f9-4517-9a75-ef6153cfb274',0,0,'2023-08-13 16:40:09','2023-08-13 16:40:09','ON','녹차 케이크 위에 진한 라즈베리 잼 ',0,3),(177,130,94,'크로플 + 젤라또 2스쿱',7000,'https://s3.ap-northeast-2.amazonaws.com/ssafy-square-bucket/static/2023-08-13/test/ed884e41-0d74-4326-92f5-7cafde718104','https://s3.ap-northeast-2.amazonaws.com/ssafy-square-bucket/static/2023-08-13/test/thumb/2ceef1d4-0316-4581-b633-8edbe8cc99d3',0,0,'2023-08-13 16:41:06','2023-08-13 16:41:06','ON','바삭한 크로플 위에 달달한 젤라또 ~',0,2),(178,130,94,'BLT 샌드위치',6800,'https://s3.ap-northeast-2.amazonaws.com/ssafy-square-bucket/static/2023-08-13/test/d3a28a06-9bdd-4e23-ab6c-d4b437435c89','https://s3.ap-northeast-2.amazonaws.com/ssafy-square-bucket/static/2023-08-13/test/thumb/699879a7-ebb4-4c49-82af-9114ee332541',0,0,'2023-08-13 16:41:43','2023-08-13 16:41:43','ON','한끼로 좋아요',0,4),(179,129,95,'플레인 카스테라',6000,'https://s3.ap-northeast-2.amazonaws.com/ssafy-square-bucket/static/2023-08-13/test/f43236d0-1906-4f23-819a-ad652391f897','https://s3.ap-northeast-2.amazonaws.com/ssafy-square-bucket/static/2023-08-13/test/thumb/380335f3-d819-4c1a-8c48-881c7cb815d4',0,0,'2023-08-13 16:44:50','2023-08-13 16:44:50','ON','30cm x 15cm',0,1),(180,129,95,'크림 카스테라',7000,'https://s3.ap-northeast-2.amazonaws.com/ssafy-square-bucket/static/2023-08-13/test/45b16b0a-2e79-4461-bcd9-c500ce7c5d4a','https://s3.ap-northeast-2.amazonaws.com/ssafy-square-bucket/static/2023-08-13/test/thumb/70a614de-89bc-472d-8b3b-f94a32ca7856',0,0,'2023-08-13 16:45:13','2023-08-13 16:45:13','ON','풍성한 크림이 듬뿍',0,2),(181,129,95,'블루베리 카스테라',7000,'https://s3.ap-northeast-2.amazonaws.com/ssafy-square-bucket/static/2023-08-13/test/c47b76f3-70c8-4b3c-b8d1-5a4af31a9477','https://s3.ap-northeast-2.amazonaws.com/ssafy-square-bucket/static/2023-08-13/test/thumb/2c05a749-946b-4d85-83bd-5258f19b99ff',0,0,'2023-08-13 16:45:37','2023-08-13 16:45:37','ON','크림 카스테라 위에 블루베리 잼 ',0,4),(182,129,95,'딸기 카스테라',7200,'https://s3.ap-northeast-2.amazonaws.com/ssafy-square-bucket/static/2023-08-13/test/30214bf7-ba96-42a0-a051-29dd72016c4c','https://s3.ap-northeast-2.amazonaws.com/ssafy-square-bucket/static/2023-08-13/test/thumb/832d01dc-74b0-4e18-a09c-744f62b59939',0,0,'2023-08-13 16:46:02','2023-08-13 16:46:02','ON','크림 카스테라 위에 생딸기',0,3),(183,129,95,'망고 카스테라',8000,'https://s3.ap-northeast-2.amazonaws.com/ssafy-square-bucket/static/2023-08-13/test/be856563-4d24-4da4-b252-b1ce5eda5ab4','https://s3.ap-northeast-2.amazonaws.com/ssafy-square-bucket/static/2023-08-13/test/thumb/96742715-5425-4494-a96e-dbbad3849789',0,0,'2023-08-13 16:46:26','2023-08-13 16:46:26','ON','크림 카스테라 위에 생망고',0,5),(184,129,96,'아이스 아메리카노',2000,'https://s3.ap-northeast-2.amazonaws.com/ssafy-square-bucket/static/2023-08-13/test/d7b8bb70-17e8-48f8-9727-0566122dd2fc','https://s3.ap-northeast-2.amazonaws.com/ssafy-square-bucket/static/2023-08-13/test/thumb/b76456a9-b315-4b47-9ef7-a40028cca05f',0,0,'2023-08-13 16:46:52','2023-08-13 16:46:52','ON','',0,1),(185,129,96,'카페 라떼',2500,'https://s3.ap-northeast-2.amazonaws.com/ssafy-square-bucket/static/2023-08-13/test/d685da50-8db2-4c7f-a986-0c4f8387db0e','https://s3.ap-northeast-2.amazonaws.com/ssafy-square-bucket/static/2023-08-13/test/thumb/0b08ea61-4b85-43a0-b8f3-e5c2bda1d0c7',0,0,'2023-08-13 16:47:27','2023-08-13 16:47:27','ON','',0,2),(186,129,96,'미숫가루',3000,'https://s3.ap-northeast-2.amazonaws.com/ssafy-square-bucket/static/2023-08-13/test/1af87293-eebc-4e69-8206-8e6311776230','https://s3.ap-northeast-2.amazonaws.com/ssafy-square-bucket/static/2023-08-13/test/thumb/5abe3745-75fd-4c33-816e-6a0fae334a44',0,0,'2023-08-13 16:47:41','2023-08-13 16:47:41','ON','',0,3),(187,128,97,'유부초밥 (2ps)',2000,'https://s3.ap-northeast-2.amazonaws.com/ssafy-square-bucket/static/2023-08-13/test/c4f6a793-31ae-4149-89dd-ea8ad3a0f365','https://s3.ap-northeast-2.amazonaws.com/ssafy-square-bucket/static/2023-08-13/test/thumb/efa81b7c-4a0c-49f7-8cc8-dbf3aef750c7',0,0,'2023-08-13 16:49:35','2023-08-13 16:49:35','ON','',0,4),(188,128,97,'참치초밥 (2ps)',5000,'https://s3.ap-northeast-2.amazonaws.com/ssafy-square-bucket/static/2023-08-13/test/75c3edb6-97aa-46e1-9a99-431a2836dfeb','https://s3.ap-northeast-2.amazonaws.com/ssafy-square-bucket/static/2023-08-13/test/thumb/b4f3b57c-0c32-4507-8b42-bd6ac93417ef',0,0,'2023-08-13 16:50:00','2023-08-13 16:50:00','ON','',0,1),(189,128,97,'새우 초밥 (2ps)',3000,'https://s3.ap-northeast-2.amazonaws.com/ssafy-square-bucket/static/2023-08-13/test/ae0e1c81-9017-4707-80b4-8ac06012c92a','https://s3.ap-northeast-2.amazonaws.com/ssafy-square-bucket/static/2023-08-13/test/thumb/0c027646-9877-4c97-9cc7-544fb6c999f0',0,0,'2023-08-13 16:50:23','2023-08-13 16:50:23','ON','',0,3),(190,128,97,'연어초밥 (2ps)',3500,'https://s3.ap-northeast-2.amazonaws.com/ssafy-square-bucket/static/2023-08-13/test/a384f0dc-0bae-4a58-b17d-b189e276788f','https://s3.ap-northeast-2.amazonaws.com/ssafy-square-bucket/static/2023-08-13/test/thumb/3e01ab82-a525-4f7e-b26f-beb982e153b0',0,0,'2023-08-13 16:50:44','2023-08-13 16:50:44','ON','',0,2),(191,128,97,'계란 초밥 (2ps)',2500,'https://s3.ap-northeast-2.amazonaws.com/ssafy-square-bucket/static/2023-08-13/test/d7bb00d8-8122-4bb3-aa37-83d04fd5704f','https://s3.ap-northeast-2.amazonaws.com/ssafy-square-bucket/static/2023-08-13/test/thumb/2421be4d-e9a8-4691-b828-ae8e9f00b857',0,0,'2023-08-13 16:51:08','2023-08-13 16:51:08','ON','',0,5),(192,128,98,'연어알 군함 (2ps)',4000,'https://s3.ap-northeast-2.amazonaws.com/ssafy-square-bucket/static/2023-08-13/test/e1d44a7a-65ae-4488-81ee-3f14363fdd0d','https://s3.ap-northeast-2.amazonaws.com/ssafy-square-bucket/static/2023-08-13/test/thumb/1f3c76a3-a52b-402e-b4d7-944de5088426',0,0,'2023-08-13 16:51:48','2023-08-13 16:51:48','ON','',0,1),(193,128,98,'성게알 군함 (2ps)',4000,'https://s3.ap-northeast-2.amazonaws.com/ssafy-square-bucket/static/2023-08-13/test/f792c788-b4ee-4e38-b525-32f872a6bae4','https://s3.ap-northeast-2.amazonaws.com/ssafy-square-bucket/static/2023-08-13/test/thumb/46678c3e-15fa-49cd-a24a-184c800c4c46',0,0,'2023-08-13 16:52:14','2023-08-13 16:52:14','ON','',0,2),(194,128,98,'매실 장아찌 (4ps)',2500,'https://s3.ap-northeast-2.amazonaws.com/ssafy-square-bucket/static/2023-08-13/test/784767b8-68f4-4a58-8585-4e8d6e9a3ee6','https://s3.ap-northeast-2.amazonaws.com/ssafy-square-bucket/static/2023-08-13/test/thumb/4e549b2d-62ad-49be-997c-c97a29b4fdcd',0,0,'2023-08-13 16:52:45','2023-08-13 16:52:45','ON','',0,3),(195,128,99,'우동',7000,'https://s3.ap-northeast-2.amazonaws.com/ssafy-square-bucket/static/2023-08-13/test/169ac87f-c511-4c8a-a50e-2bcb450f7bc2','https://s3.ap-northeast-2.amazonaws.com/ssafy-square-bucket/static/2023-08-13/test/thumb/16c9d883-78fa-4e3c-a515-8161f78399ee',0,0,'2023-08-13 16:53:12','2023-08-13 16:53:12','ON','어묵 우동',0,1),(196,127,100,'생크림 초코케이크',6000,'https://s3.ap-northeast-2.amazonaws.com/ssafy-square-bucket/static/2023-08-13/test/2f9680be-c2ca-4301-9241-0067ccf43ae3','https://s3.ap-northeast-2.amazonaws.com/ssafy-square-bucket/static/2023-08-13/test/thumb/10199d10-fc8a-4315-97e5-96872083ff70',0,0,'2023-08-13 16:54:35','2023-08-13 16:54:35','ON','',0,2),(197,127,100,'우유크림 케이크',6500,'https://s3.ap-northeast-2.amazonaws.com/ssafy-square-bucket/static/2023-08-13/test/b4c715f2-741b-4286-a845-a08e6e43a446','https://s3.ap-northeast-2.amazonaws.com/ssafy-square-bucket/static/2023-08-13/test/thumb/d1d01108-73e7-4999-8d27-3af414a66121',0,0,'2023-08-13 16:55:20','2023-08-13 16:55:20','ON','',0,3),(198,127,1,'치즈케이크',6500,'https://s3.ap-northeast-2.amazonaws.com/ssafy-square-bucket/static/2023-08-13/test/336f89ef-d872-4613-b3b7-aa9280cad72e','https://s3.ap-northeast-2.amazonaws.com/ssafy-square-bucket/static/2023-08-13/test/thumb/a1701d9e-d8bb-4ee2-9026-95ed13d5ad09',0,0,'2023-08-13 16:55:38','2023-08-13 16:55:38','STOP','',0,1),(199,127,100,'모카 케이크',6000,'https://s3.ap-northeast-2.amazonaws.com/ssafy-square-bucket/static/2023-08-13/test/afa077c7-2315-48bc-8663-7ff2f147946d','https://s3.ap-northeast-2.amazonaws.com/ssafy-square-bucket/static/2023-08-13/test/thumb/dbfead05-ca33-4674-8f28-b06c42c31a01',0,0,'2023-08-13 16:55:57','2023-08-13 16:55:57','ON','',0,1),(200,127,100,'우유크림 흑임자 케이크',6800,'https://s3.ap-northeast-2.amazonaws.com/ssafy-square-bucket/static/2023-08-13/test/e4d0efd4-d557-47a1-abd9-6176129ef3f6','https://s3.ap-northeast-2.amazonaws.com/ssafy-square-bucket/static/2023-08-13/test/thumb/bba4ab45-42d5-4f86-ba55-0ccd0cbb7a79',0,0,'2023-08-13 16:56:17','2023-08-13 16:56:17','ON','',0,4),(201,127,102,'바나나크림 초코쿠키',3000,'https://s3.ap-northeast-2.amazonaws.com/ssafy-square-bucket/static/2023-08-13/test/0bf98216-0bc2-4622-bc5b-5fae92d00ca2','https://s3.ap-northeast-2.amazonaws.com/ssafy-square-bucket/static/2023-08-13/test/thumb/79f946c2-3085-4b9c-b634-046cb91f806d',0,0,'2023-08-13 16:56:47','2023-08-13 16:56:47','ON','3PC',0,1),(202,127,102,'할로윈 머랭쿠키',3000,'https://s3.ap-northeast-2.amazonaws.com/ssafy-square-bucket/static/2023-08-13/test/83f7faca-3c8e-4d74-b415-0b2e0c359af8','https://s3.ap-northeast-2.amazonaws.com/ssafy-square-bucket/static/2023-08-13/test/thumb/ffad4c5b-5f0b-48dd-83ed-e90b4c9c5839',0,0,'2023-08-13 16:57:35','2023-08-13 16:57:35','ON','',0,2),(203,127,101,'꽈당오리 케이크',42000,'https://s3.ap-northeast-2.amazonaws.com/ssafy-square-bucket/static/2023-08-13/test/75c3238f-676e-49d8-804a-a982e034800e','https://s3.ap-northeast-2.amazonaws.com/ssafy-square-bucket/static/2023-08-13/test/thumb/befe9386-2cf2-488a-858b-c1110be4430a',0,0,'2023-08-13 16:58:08','2023-08-13 16:58:08','ON','구매하시면 쿠키세트 하나 더 드려요',0,3),(204,127,101,'초코 홀케이크',35000,'https://s3.ap-northeast-2.amazonaws.com/ssafy-square-bucket/static/2023-08-13/test/c302af73-ab49-4a33-8acc-3542075f453a','https://s3.ap-northeast-2.amazonaws.com/ssafy-square-bucket/static/2023-08-13/test/thumb/aa3a0647-d979-432d-90e8-b1c7981b66c9',0,0,'2023-08-13 16:58:28','2023-08-13 16:58:28','ON','',0,1),(205,127,101,'과일 홀케이크',39000,'https://s3.ap-northeast-2.amazonaws.com/ssafy-square-bucket/static/2023-08-13/test/6982b130-bec6-4637-8128-48419d5ee856','https://s3.ap-northeast-2.amazonaws.com/ssafy-square-bucket/static/2023-08-13/test/thumb/95734a40-cf0c-46b2-8c46-4f8bab8377c4',0,0,'2023-08-13 16:59:02','2023-08-13 16:59:02','ON','밑에 글씨 원하는 걸로 써드려요',0,2),(206,19,103,'딸기 탕후루',3000,'https://s3.ap-northeast-2.amazonaws.com/ssafy-square-bucket/static/2023-08-14/test/21045e5c-3aa0-41b0-86d9-f050e59cae10','https://s3.ap-northeast-2.amazonaws.com/ssafy-square-bucket/static/2023-08-14/test/thumb/edcaf632-76fc-426b-84ca-65becc5ebf1b',0,0,'2023-08-14 01:06:38','2023-08-14 01:06:38','ON','',0,1),(207,19,103,'사과 탕후루',3000,'https://s3.ap-northeast-2.amazonaws.com/ssafy-square-bucket/static/2023-08-14/test/6720c6f8-298d-43aa-9279-1350314a5ae6','https://s3.ap-northeast-2.amazonaws.com/ssafy-square-bucket/static/2023-08-14/test/thumb/f76ff022-8413-418f-93c8-96c312872d85',0,0,'2023-08-14 01:07:05','2023-08-14 01:07:05','ON','',0,4),(208,19,103,'파인애플 탕후루',3500,'https://s3.ap-northeast-2.amazonaws.com/ssafy-square-bucket/static/2023-08-14/test/5ce27766-e7ec-4aed-afd7-9b1b08fe9bdd','https://s3.ap-northeast-2.amazonaws.com/ssafy-square-bucket/static/2023-08-14/test/thumb/b684d048-42ad-4677-bc13-0ba8abf0c7a6',0,0,'2023-08-14 01:07:34','2023-08-14 01:07:34','ON','',0,2),(209,19,103,'포도 탕후루',3000,'https://s3.ap-northeast-2.amazonaws.com/ssafy-square-bucket/static/2023-08-14/test/3117bc27-14d3-4d83-9444-d2d9aa5e2f87','https://s3.ap-northeast-2.amazonaws.com/ssafy-square-bucket/static/2023-08-14/test/thumb/07eb7159-fdbc-48e4-8ddc-dde55ed55c71',0,0,'2023-08-14 01:07:55','2023-08-14 01:07:55','ON','',0,5),(210,19,103,'체리 탕후루',3300,'https://s3.ap-northeast-2.amazonaws.com/ssafy-square-bucket/static/2023-08-14/test/a504f045-57e3-4127-9889-a752042e656a','https://s3.ap-northeast-2.amazonaws.com/ssafy-square-bucket/static/2023-08-14/test/thumb/ab4b309b-c71d-4b44-bf2c-1c2424bd4d50',0,0,'2023-08-14 01:08:19','2023-08-14 01:08:19','ON','',0,3),(211,37,104,'헤이즐넛 라떼',5000,'https://s3.ap-northeast-2.amazonaws.com/ssafy-square-bucket/static/2023-08-14/test/c1ed1aef-f708-4efa-a333-9f182bfea5a5','https://s3.ap-northeast-2.amazonaws.com/ssafy-square-bucket/static/2023-08-14/test/thumb/abe4cde3-281d-4d48-817a-335e9ee4c9e8',0,0,'2023-08-14 01:19:12','2023-08-14 01:19:12','ON','',0,3),(212,37,104,'카푸치노',5000,'https://s3.ap-northeast-2.amazonaws.com/ssafy-square-bucket/static/2023-08-14/test/d9648892-1ec0-4fdd-9fa5-0b605260a1c3','https://s3.ap-northeast-2.amazonaws.com/ssafy-square-bucket/static/2023-08-14/test/thumb/e489a8aa-12fd-423c-8959-da03a64e65b9',0,0,'2023-08-14 01:19:36','2023-08-14 01:19:36','ON','풍성한 거품이 올라가요',0,2),(213,37,104,'녹차 라떼',5000,'https://s3.ap-northeast-2.amazonaws.com/ssafy-square-bucket/static/2023-08-14/test/f5e5b9f7-58cc-489f-8f03-4fd84236b52c','https://s3.ap-northeast-2.amazonaws.com/ssafy-square-bucket/static/2023-08-14/test/thumb/9dca44c7-bc9b-47e5-9255-9e102c582ba7',0,0,'2023-08-14 01:19:54','2023-08-14 01:19:54','ON','핫보다 아이스가 더 맛있어요',0,4),(214,37,104,'아이스 아메리카노',3300,'https://s3.ap-northeast-2.amazonaws.com/ssafy-square-bucket/static/2023-08-14/test/421864f8-9351-43f1-84b1-1ba781aa9f5a','https://s3.ap-northeast-2.amazonaws.com/ssafy-square-bucket/static/2023-08-14/test/thumb/13372e5b-61d6-4253-9eef-ee41caeecfb2',0,0,'2023-08-14 01:20:19','2023-08-14 01:20:19','ON','여름에 아아가 빠지면 섭하지',0,1),(215,37,105,'크루와상',2500,'https://s3.ap-northeast-2.amazonaws.com/ssafy-square-bucket/static/2023-08-14/test/0c3a3e09-94a3-4996-8b17-a1dbb40a4e0d','https://s3.ap-northeast-2.amazonaws.com/ssafy-square-bucket/static/2023-08-14/test/thumb/b4403381-670f-4635-84a1-1b420edc2609',0,0,'2023-08-14 01:21:00','2023-08-14 01:21:00','ON','생크림 추가 700원',0,2),(216,37,105,'크루와상 샌드위치',6700,'https://s3.ap-northeast-2.amazonaws.com/ssafy-square-bucket/static/2023-08-14/test/f0e46f3b-f1ed-4410-bd13-04711bec86ca','https://s3.ap-northeast-2.amazonaws.com/ssafy-square-bucket/static/2023-08-14/test/thumb/9620be55-ba12-4544-9222-9bc04fcd5000',0,0,'2023-08-14 01:21:45','2023-08-14 01:21:45','ON','수제 크루와상으로 만든 샌드위치 ~',0,3),(217,37,105,'수제쿠키',4000,'https://s3.ap-northeast-2.amazonaws.com/ssafy-square-bucket/static/2023-08-14/test/72186605-68e0-4d44-8c59-543b420c1f1a','https://s3.ap-northeast-2.amazonaws.com/ssafy-square-bucket/static/2023-08-14/test/thumb/2b2bc022-6807-4e76-93ea-f84ddc684828',0,0,'2023-08-14 01:22:09','2023-08-14 01:22:09','ON','선물용으로 좋아요',0,1),(218,38,107,'바나나 크림 푸딩',6000,'https://s3.ap-northeast-2.amazonaws.com/ssafy-square-bucket/static/2023-08-14/test/3529be39-ec4b-4429-8b25-bb00d2810bfa','https://s3.ap-northeast-2.amazonaws.com/ssafy-square-bucket/static/2023-08-14/test/thumb/edfdf73b-36f0-4848-a8b2-4756a38ef3dd',0,0,'2023-08-14 01:23:42','2023-08-14 01:23:42','ON','직접 만든 바나나향 가득한 푸딩',0,3),(219,38,107,'러스크',4000,'https://s3.ap-northeast-2.amazonaws.com/ssafy-square-bucket/static/2023-08-14/test/b7037001-a473-43df-a38e-679c7f6f22be','https://s3.ap-northeast-2.amazonaws.com/ssafy-square-bucket/static/2023-08-14/test/thumb/526be244-5cf0-4f60-afd3-05ed72ecd731',0,0,'2023-08-14 01:24:15','2023-08-14 01:24:15','ON','한통 기준',0,1),(220,38,106,'망고 카스테라',7800,'https://s3.ap-northeast-2.amazonaws.com/ssafy-square-bucket/static/2023-08-14/test/5aaa7893-e184-4ce0-bdbc-5e2fee06cf99','https://s3.ap-northeast-2.amazonaws.com/ssafy-square-bucket/static/2023-08-14/test/thumb/d570deef-2a4e-4e46-b7fe-da9d9d72a76d',0,0,'2023-08-14 01:24:52','2023-08-14 01:24:52','ON','폭신한 카스테라 위에 생망고가 잔뜩 !',0,3),(221,38,106,'딸기 카스테라',5000,'https://s3.ap-northeast-2.amazonaws.com/ssafy-square-bucket/static/2023-08-14/test/2ab61ffc-c744-4f8c-8d2c-51ffb6a029a3','https://s3.ap-northeast-2.amazonaws.com/ssafy-square-bucket/static/2023-08-14/test/thumb/c410a47a-bc31-419c-beb4-372d7c5e42b3',0,0,'2023-08-14 01:25:48','2023-08-14 01:25:48','ON','폭신한 카스테라 위에 딸기가 가득 !',0,1),(222,38,106,'멜론 생크림 케이크',7000,'https://s3.ap-northeast-2.amazonaws.com/ssafy-square-bucket/static/2023-08-14/test/069bc38e-c23c-4a4c-b27f-9ea822bec0f8','https://s3.ap-northeast-2.amazonaws.com/ssafy-square-bucket/static/2023-08-14/test/thumb/3a54ca22-984e-4ff7-920e-c5f384e8f84f',0,0,'2023-08-14 01:26:19','2023-08-14 01:26:19','ON','올때 멜론케이크',0,2),(223,38,107,'딸기/귤 찹쌀떡',5000,'https://s3.ap-northeast-2.amazonaws.com/ssafy-square-bucket/static/2023-08-14/test/8019eaea-204c-477b-86c7-21ace29fb710','https://s3.ap-northeast-2.amazonaws.com/ssafy-square-bucket/static/2023-08-14/test/thumb/ca603438-a45f-4a65-98c4-0645c20c50a2',0,0,'2023-08-14 01:27:07','2023-08-14 01:27:07','ON','딸기랑 귤이 하나씩 들어있어요 ~',0,2),(224,39,108,'생크림 크로플',3800,'https://s3.ap-northeast-2.amazonaws.com/ssafy-square-bucket/static/2023-08-14/test/d147932e-ff2c-4bd7-970e-9bf53e90a700','https://s3.ap-northeast-2.amazonaws.com/ssafy-square-bucket/static/2023-08-14/test/thumb/7f1d70b8-ffc6-4280-8454-9d47327c99dc',0,0,'2023-08-14 01:31:17','2023-08-14 01:31:17','ON','풍성한 생크림이 듬뿍',0,1),(225,39,108,'초코 생크림 크로플',4500,'https://s3.ap-northeast-2.amazonaws.com/ssafy-square-bucket/static/2023-08-14/test/19ccca2c-6726-4062-82d0-1df9e37c4f93','https://s3.ap-northeast-2.amazonaws.com/ssafy-square-bucket/static/2023-08-14/test/thumb/3888446a-f05e-4f95-a79d-a655cd4a8955',0,0,'2023-08-14 01:31:44','2023-08-14 01:31:44','ON','생크림 크로플에 초코 코팅 !',0,2),(226,39,109,'민트초코 도넛',3900,'https://s3.ap-northeast-2.amazonaws.com/ssafy-square-bucket/static/2023-08-14/test/7ee3b448-e4f6-48fd-bc61-aafc3da5fefb','https://s3.ap-northeast-2.amazonaws.com/ssafy-square-bucket/static/2023-08-14/test/thumb/7efd8e18-a995-4789-bfd3-23807d07e0cb',0,0,'2023-08-14 01:32:02','2023-08-14 01:32:02','ON','민트초코 크림',0,3),(227,39,109,'카야잼 도넛',3900,'https://s3.ap-northeast-2.amazonaws.com/ssafy-square-bucket/static/2023-08-14/test/2939ea5b-2ace-4bb7-9407-df0532d2ad28','https://s3.ap-northeast-2.amazonaws.com/ssafy-square-bucket/static/2023-08-14/test/thumb/44f057d0-cf16-4fb3-89a4-8bd11c325dab',0,0,'2023-08-14 01:32:34','2023-08-14 01:32:34','ON','카야잼과 버터의 만남',0,1),(228,39,109,'얼그레이 크림 도넛',3900,'https://s3.ap-northeast-2.amazonaws.com/ssafy-square-bucket/static/2023-08-14/test/49284999-e929-4bf1-8f7b-03ca2f395e3e','https://s3.ap-northeast-2.amazonaws.com/ssafy-square-bucket/static/2023-08-14/test/thumb/62c5be3f-9b32-4661-bc4f-a5cda6dc2a74',0,0,'2023-08-14 01:32:54','2023-08-14 01:32:54','ON','우리가게 시그니쳐 !',0,2),(229,39,110,'아메리카노',2500,'https://s3.ap-northeast-2.amazonaws.com/ssafy-square-bucket/static/2023-08-14/test/db1e2b1b-1baa-4296-9a10-f2eb40e92f0a','https://s3.ap-northeast-2.amazonaws.com/ssafy-square-bucket/static/2023-08-14/test/thumb/51adc243-50d2-45c2-abd5-f87854c328ee',0,0,'2023-08-14 01:33:18','2023-08-14 01:33:18','ON','',0,1),(230,39,110,'카페라떼',3000,'https://s3.ap-northeast-2.amazonaws.com/ssafy-square-bucket/static/2023-08-14/test/1f3e026a-a12b-4ac6-8f22-d884dcf7e65f','https://s3.ap-northeast-2.amazonaws.com/ssafy-square-bucket/static/2023-08-14/test/thumb/28ca7f75-d320-404b-bb7e-9c0dff39a0dd',0,0,'2023-08-14 01:33:34','2023-08-14 01:33:34','ON','',0,2),(231,40,128,'딸기 탕후루',4000,'https://s3.ap-northeast-2.amazonaws.com/ssafy-square-bucket/static/2023-08-14/test/134f48ea-7c20-4d52-84f2-dd53a6fc1ff3','https://s3.ap-northeast-2.amazonaws.com/ssafy-square-bucket/static/2023-08-14/test/thumb/73bf0b8c-2898-4f93-82cb-2c15e37e5e6c',0,0,'2023-08-14 01:40:28','2023-08-14 01:40:28','ON','딸기가 총 6개',0,1),(232,40,129,'모둠 탕후루',4500,'https://s3.ap-northeast-2.amazonaws.com/ssafy-square-bucket/static/2023-08-14/test/2475777f-90c4-41fe-9ee6-0585f288b012','https://s3.ap-northeast-2.amazonaws.com/ssafy-square-bucket/static/2023-08-14/test/thumb/2a901631-fec9-4829-a0ce-3e072ab52f13',0,0,'2023-08-14 01:41:00','2023-08-14 01:41:00','ON','여러가지 과일이 들어있어요',0,1),(233,40,128,'귤 탕후루',4000,'https://s3.ap-northeast-2.amazonaws.com/ssafy-square-bucket/static/2023-08-14/test/5e150dbf-9621-4759-9e51-0a0f21a09f7d','https://s3.ap-northeast-2.amazonaws.com/ssafy-square-bucket/static/2023-08-14/test/thumb/c01c8bbf-9808-46aa-950f-5ec652027496',0,0,'2023-08-14 01:41:35','2023-08-14 01:41:35','ON','귤이 한개 반 들어가요',0,2),(234,40,128,'포도 탕후루',4000,'https://s3.ap-northeast-2.amazonaws.com/ssafy-square-bucket/static/2023-08-14/test/0b98ce18-279c-40f2-8293-fbed97c86610','https://s3.ap-northeast-2.amazonaws.com/ssafy-square-bucket/static/2023-08-14/test/thumb/eff36261-81e6-4153-8bcc-56adcc7a3c6e',0,0,'2023-08-14 01:42:10','2023-08-14 01:42:10','ON','새콤한 포도 탕후루에요',0,3),(235,82,257,'고구마슈크림식빵',4000,'https://s3.ap-northeast-2.amazonaws.com/ssafy-square-bucket/static/2023-08-14/test/4bcceaa1-166c-4c71-98b6-fba5ae14d0ef','https://s3.ap-northeast-2.amazonaws.com/ssafy-square-bucket/static/2023-08-14/test/thumb/4f1ac05d-f08d-44c5-9f2e-f9f80ec0c899',0,0,'2023-08-14 01:43:12','2023-08-14 01:43:12','ON','고구마와 슈크림이 만나 풍미가 넘치는 식빵입니다.',0,1),(236,82,257,'밤식빵',3500,'https://s3.ap-northeast-2.amazonaws.com/ssafy-square-bucket/static/2023-08-14/test/e2233032-b87c-45c1-be49-7c6e276a0e69','https://s3.ap-northeast-2.amazonaws.com/ssafy-square-bucket/static/2023-08-14/test/thumb/b45be1fd-899c-4f15-8c15-6ef709983662',0,0,'2023-08-14 01:44:03','2023-08-14 01:44:03','ON','고소한 밤식빵입니다.',0,2),(237,82,111,'블랙올리브치즈베이글',3000,'https://s3.ap-northeast-2.amazonaws.com/ssafy-square-bucket/static/2023-08-14/test/958ccf30-6db5-48ec-b126-9cf2c4c877c3','https://s3.ap-northeast-2.amazonaws.com/ssafy-square-bucket/static/2023-08-14/test/thumb/bed148f3-31b5-47ed-966d-4f1caf747420',0,0,'2023-08-14 01:44:56','2023-08-14 01:44:56','ON','짭짤한 올리브와 치즈가 잘 어울리는 베이글입니다.',0,1),(238,82,115,'소보루빵',1500,'https://s3.ap-northeast-2.amazonaws.com/ssafy-square-bucket/static/2023-08-14/test/1e616e92-56da-4e16-b0eb-d9a526929484','https://s3.ap-northeast-2.amazonaws.com/ssafy-square-bucket/static/2023-08-14/test/thumb/65526891-7b0a-4f13-8e6d-0a22785c715a',0,0,'2023-08-14 01:45:42','2023-08-14 01:45:42','ON','추억의 소보루빵!',0,3),(239,82,115,'소보루완두앙금빵',1300,'https://s3.ap-northeast-2.amazonaws.com/ssafy-square-bucket/static/2023-08-14/test/e39eb16b-5079-4878-8e53-f4d55614ea0f','https://s3.ap-northeast-2.amazonaws.com/ssafy-square-bucket/static/2023-08-14/test/thumb/3b5261c0-94f1-41dc-8ec3-7b87cac51b65',0,0,'2023-08-14 01:46:30','2023-08-14 01:46:30','ON','어릴 적 추억의 간식!',0,1),(240,82,115,'소시지빵',2000,'https://s3.ap-northeast-2.amazonaws.com/ssafy-square-bucket/static/2023-08-14/test/47a923f6-11a3-44a7-b3dd-ac0ef96d1d5c','https://s3.ap-northeast-2.amazonaws.com/ssafy-square-bucket/static/2023-08-14/test/thumb/c73064e8-4c99-489d-852a-5c3b1582dce5',0,0,'2023-08-14 01:47:41','2023-08-14 01:47:41','ON','맛있는 소시지빵!',0,2),(241,83,117,'따뜻한 아메리카노',3000,'https://s3.ap-northeast-2.amazonaws.com/ssafy-square-bucket/static/2023-08-14/test/aef60994-0f92-4a04-a810-98d49cc31b58','https://s3.ap-northeast-2.amazonaws.com/ssafy-square-bucket/static/2023-08-14/test/thumb/30818052-a4f2-474d-9a1d-30a77e5866fd',0,0,'2023-08-14 01:53:39','2023-08-14 01:53:39','ON','고소한 아메리카노입니다.',0,2),(242,83,117,'아이스아메리카노',3000,'https://s3.ap-northeast-2.amazonaws.com/ssafy-square-bucket/static/2023-08-14/test/5d987cac-4f4e-4e39-8c3c-c439ee4ece15','https://s3.ap-northeast-2.amazonaws.com/ssafy-square-bucket/static/2023-08-14/test/thumb/cabb0f95-ee12-43bd-88ca-1e871db588f7',0,0,'2023-08-14 01:54:53','2023-08-14 01:54:53','ON','시원한 아이스 아메리카노입니다.',0,1),(243,83,119,'카페라떼(Hot)',3500,'https://s3.ap-northeast-2.amazonaws.com/ssafy-square-bucket/static/2023-08-14/test/55e71db6-9711-4644-9350-663da5a73ded','https://s3.ap-northeast-2.amazonaws.com/ssafy-square-bucket/static/2023-08-14/test/thumb/a9ebcc79-c4e3-43ba-899e-d50b99875397',0,0,'2023-08-14 01:56:50','2023-08-14 01:56:50','ON','고소한 카페라떼입니다.',0,2),(244,83,119,'카페라떼(Ice)',3500,'https://s3.ap-northeast-2.amazonaws.com/ssafy-square-bucket/static/2023-08-14/test/98c2dcee-34fa-404c-8182-3607f9c8adac','https://s3.ap-northeast-2.amazonaws.com/ssafy-square-bucket/static/2023-08-14/test/thumb/0675bb25-b152-4526-a505-20a665abc556',0,0,'2023-08-14 01:57:24','2023-08-14 01:57:24','ON','고소하고 시원한 카페라떼입니다.',0,1),(245,83,120,'카라멜마끼아또',3800,'https://s3.ap-northeast-2.amazonaws.com/ssafy-square-bucket/static/2023-08-14/test/f99624e5-7be6-46d3-987f-177139948650','https://s3.ap-northeast-2.amazonaws.com/ssafy-square-bucket/static/2023-08-14/test/thumb/3dd2034c-b6cb-4071-a53b-255a8f1703a2',0,0,'2023-08-14 01:58:02','2023-08-14 01:58:02','ON','달콤한 카라멜마끼아또입니다.',0,2),(246,83,120,'카라멜마끼아또(Hot)',3800,'https://s3.ap-northeast-2.amazonaws.com/ssafy-square-bucket/static/2023-08-14/test/fb57ef1a-8d27-433f-b4c4-b4f13c169efb','https://s3.ap-northeast-2.amazonaws.com/ssafy-square-bucket/static/2023-08-14/test/thumb/a04f55ce-ec4d-41ef-af65-b59b9a03df54',0,0,'2023-08-14 01:59:41','2023-08-14 01:59:41','ON','달콤한 카라멜마끼아또입니다.',0,1),(247,83,122,'카페모카(Hot)',4500,'https://s3.ap-northeast-2.amazonaws.com/ssafy-square-bucket/static/2023-08-14/test/faa93f0c-2979-4a73-b441-e3c2d3f84488','https://s3.ap-northeast-2.amazonaws.com/ssafy-square-bucket/static/2023-08-14/test/thumb/d9edcdf7-99dd-4b82-9dea-7358a9d3c6df',0,0,'2023-08-14 02:00:27','2023-08-14 02:00:27','ON','달콤하고 휘핑이 올라간 카페모카입니다.',0,1),(248,83,122,'카페모카(Ice)',4500,'https://s3.ap-northeast-2.amazonaws.com/ssafy-square-bucket/static/2023-08-14/test/e5807d1c-e06a-471f-ba09-fb19145f52c7','https://s3.ap-northeast-2.amazonaws.com/ssafy-square-bucket/static/2023-08-14/test/thumb/9251cdf2-e158-47a5-b26b-40f9fb1adbc6',0,0,'2023-08-14 02:02:09','2023-08-14 02:02:09','ON','시원하고 달콤한 카페모카입니다.',0,2),(249,84,123,'로제떡볶이',15000,'https://s3.ap-northeast-2.amazonaws.com/ssafy-square-bucket/static/2023-08-14/test/6c0f6a01-6b3b-4e45-b109-007b41bc8195','https://s3.ap-northeast-2.amazonaws.com/ssafy-square-bucket/static/2023-08-14/test/thumb/89ea555b-8b7b-4606-aab1-43215bd0794f',0,0,'2023-08-14 02:10:23','2023-08-14 02:10:23','ON','매콤하고 감칠맛 가득한 로제 떡볶이입니다.',0,4),(250,84,123,'매운떡볶이',15000,'https://s3.ap-northeast-2.amazonaws.com/ssafy-square-bucket/static/2023-08-14/test/101ce231-5ac2-4079-911b-5d2021820d40','https://s3.ap-northeast-2.amazonaws.com/ssafy-square-bucket/static/2023-08-14/test/thumb/2cf4cc3b-3878-4bf4-9275-8a96bae20977',0,0,'2023-08-14 02:13:48','2023-08-14 02:13:48','ON','우리집의 대표 메뉴!',0,3),(251,84,123,'마라떡볶이',17000,'https://s3.ap-northeast-2.amazonaws.com/ssafy-square-bucket/static/2023-08-14/test/8b314501-f325-4de5-97dc-1398d5110dda','https://s3.ap-northeast-2.amazonaws.com/ssafy-square-bucket/static/2023-08-14/test/thumb/c0714a3f-b531-4572-b5a3-c78fe8e9a01f',0,0,'2023-08-14 03:35:30','2023-08-14 03:35:30','ON','품 절 임 박!!',0,2),(252,84,123,'짜장떡볶이',15500,'https://s3.ap-northeast-2.amazonaws.com/ssafy-square-bucket/static/2023-08-14/test/6bfcfb2d-8f4d-43eb-8916-9bff8df97fb7','https://s3.ap-northeast-2.amazonaws.com/ssafy-square-bucket/static/2023-08-14/test/thumb/040a34bd-148e-437c-a4ef-9bb7e162a1f8',0,0,'2023-08-14 03:36:08','2023-08-14 03:36:08','ON','우리 가게에서만 가능한 짜장 떡볶이!',0,1),(253,84,126,'야채튀김',1500,'https://s3.ap-northeast-2.amazonaws.com/ssafy-square-bucket/static/2023-08-14/test/f8bbf2ee-fa63-437b-bc3b-0153d7ab7771','https://s3.ap-northeast-2.amazonaws.com/ssafy-square-bucket/static/2023-08-14/test/thumb/04f69391-ed98-4067-af87-f422c09a7779',0,0,'2023-08-14 03:36:55','2023-08-14 03:36:55','ON','떡볶이 국물에 찍어먹으면 맛난 야채튀김!',0,2),(254,84,126,'오뎅튀김',2000,'https://s3.ap-northeast-2.amazonaws.com/ssafy-square-bucket/static/2023-08-14/test/3e6d8975-9769-414b-bec6-02064a168eb7','https://s3.ap-northeast-2.amazonaws.com/ssafy-square-bucket/static/2023-08-14/test/thumb/ea927eaf-94a3-4769-843d-a9507c26beba',0,0,'2023-08-14 03:37:20','2023-08-14 03:37:20','ON','쫀득한 오뎅튀김!',0,1),(255,84,126,'오징어튀김',2000,'https://s3.ap-northeast-2.amazonaws.com/ssafy-square-bucket/static/2023-08-14/test/a3ac684d-0c79-4b79-b801-f680215c6c31','https://s3.ap-northeast-2.amazonaws.com/ssafy-square-bucket/static/2023-08-14/test/thumb/89db2f61-9b0b-4609-9499-42e0541dc0b1',0,0,'2023-08-14 03:37:58','2023-08-14 03:37:58','ON','통통한 오징어튀김!',0,3),(256,85,127,'BLT 샐러드',8000,'https://s3.ap-northeast-2.amazonaws.com/ssafy-square-bucket/static/2023-08-14/test/ad047102-609d-4c5b-b6dd-3e92bb25e79b','https://s3.ap-northeast-2.amazonaws.com/ssafy-square-bucket/static/2023-08-14/test/thumb/9f29b2a0-4736-446e-9b05-74fcb3f90bd5',0,0,'2023-08-14 03:40:24','2023-08-14 03:40:24','ON','베이컨 로메인 토마토가 들어간 대표 샐러드',0,1),(257,85,127,'로티세리치킨샐러드',8500,'https://s3.ap-northeast-2.amazonaws.com/ssafy-square-bucket/static/2023-08-14/test/3d1c0cba-7b56-415a-80b2-72af0b470320','https://s3.ap-northeast-2.amazonaws.com/ssafy-square-bucket/static/2023-08-14/test/thumb/9673c0b5-f176-4076-b7dd-8f984d4a087f',0,0,'2023-08-14 03:41:02','2023-08-14 03:41:02','ON','맛있게 구워낸 치킨이 한 가득!',0,2),(258,85,127,'쉬림프샐러드',8800,'https://s3.ap-northeast-2.amazonaws.com/ssafy-square-bucket/static/2023-08-14/test/42a540d8-fca8-4a3f-93b6-4558be2d5963','https://s3.ap-northeast-2.amazonaws.com/ssafy-square-bucket/static/2023-08-14/test/thumb/8c87dcf7-7c56-4fd9-9803-4f9c1dc4c81f',0,0,'2023-08-14 03:41:51','2023-08-14 03:41:51','ON','통통한 새우가 한가득!',0,3),(259,85,127,'스테이크샐러드',9000,'https://s3.ap-northeast-2.amazonaws.com/ssafy-square-bucket/static/2023-08-14/test/67a699b9-f1c4-4a74-974d-fddb8d0b3cd4','https://s3.ap-northeast-2.amazonaws.com/ssafy-square-bucket/static/2023-08-14/test/thumb/416480c8-0616-4c3c-be6c-bfa69068573f',0,0,'2023-08-14 03:42:23','2023-08-14 03:42:23','ON','스테이크와 샐러드의 만남! 맛과 영양을 한번에!',0,4),(260,85,127,'에그마요샐러드',8500,'https://s3.ap-northeast-2.amazonaws.com/ssafy-square-bucket/static/2023-08-14/test/35e08a02-1c45-4e8e-b19b-4e6ce3435c7f','https://s3.ap-northeast-2.amazonaws.com/ssafy-square-bucket/static/2023-08-14/test/thumb/49554725-7b50-4467-bb32-2f78e32e37ee',0,0,'2023-08-14 03:42:49','2023-08-14 03:42:49','ON','남녀노소 누구나 좋아하는 달걀샐러드!',0,5),(261,40,128,'방울토마토 탕후루',3500,'https://s3.ap-northeast-2.amazonaws.com/ssafy-square-bucket/static/2023-08-14/test/d6a462c0-f448-4262-a3b3-0309d353f01d','https://s3.ap-northeast-2.amazonaws.com/ssafy-square-bucket/static/2023-08-14/test/thumb/1e832b42-b0c9-4661-9e5d-d147f02dd5c5',0,0,'2023-08-14 04:11:03','2023-08-14 04:11:03','ON','건강한 탕후루 ~',0,4),(262,87,130,'만두튀김',3000,'https://s3.ap-northeast-2.amazonaws.com/ssafy-square-bucket/static/2023-08-14/test/1379f4e8-ec36-4f12-a60a-72d6567fff9c','https://s3.ap-northeast-2.amazonaws.com/ssafy-square-bucket/static/2023-08-14/test/thumb/cff3f4b1-7b45-4721-8ff2-e94ab37a1045',0,0,'2023-08-14 04:16:35','2023-08-14 04:16:35','ON','겉바속촉 만두튀김!',0,1),(263,87,130,'닭튀김',5000,'https://s3.ap-northeast-2.amazonaws.com/ssafy-square-bucket/static/2023-08-14/test/ecf6bc05-c824-45ce-b7c7-02de1df0e017','https://s3.ap-northeast-2.amazonaws.com/ssafy-square-bucket/static/2023-08-14/test/thumb/c3237f67-2a80-4912-bdf6-1af1d049ee82',0,0,'2023-08-14 04:17:57','2023-08-14 04:17:57','ON','남녀노소 인기만점!',0,2),(264,87,130,'야채튀김',4500,'https://s3.ap-northeast-2.amazonaws.com/ssafy-square-bucket/static/2023-08-14/test/f36f92dc-f809-4146-a3a4-e009b9122000','https://s3.ap-northeast-2.amazonaws.com/ssafy-square-bucket/static/2023-08-14/test/thumb/2f3f1f26-6e00-40db-96ff-ac3e3071d863',0,0,'2023-08-14 04:18:18','2023-08-14 04:18:18','ON','야채의 화려한 변신!',0,3),(265,87,130,'꿔바로우',4500,'https://s3.ap-northeast-2.amazonaws.com/ssafy-square-bucket/static/2023-08-14/test/9ac98993-b858-4ed9-af62-76c46890f74f','https://s3.ap-northeast-2.amazonaws.com/ssafy-square-bucket/static/2023-08-14/test/thumb/e4977b59-90d5-4782-8195-df99b00c2a99',0,0,'2023-08-14 04:18:43','2023-08-14 04:18:43','ON','새콤달콤 소스와 만난 닭튀김!',0,4),(266,87,130,'새우튀김',7000,'https://s3.ap-northeast-2.amazonaws.com/ssafy-square-bucket/static/2023-08-14/test/24a2ad04-efe7-4551-b98f-b20ff8950c7e','https://s3.ap-northeast-2.amazonaws.com/ssafy-square-bucket/static/2023-08-14/test/thumb/2845c07f-c4b4-453b-a642-4a013dca997d',0,0,'2023-08-14 04:20:00','2023-08-14 04:20:00','ON','통통한 새우튀김!',0,5),(267,87,130,'모둠튀김',12000,'https://s3.ap-northeast-2.amazonaws.com/ssafy-square-bucket/static/2023-08-14/test/9a7a5ab9-9f38-4ebc-ab83-86247d30e390','https://s3.ap-northeast-2.amazonaws.com/ssafy-square-bucket/static/2023-08-14/test/thumb/02dc4fb3-c94c-4ff9-9b90-74257af260d3',0,0,'2023-08-14 04:20:24','2023-08-14 04:20:24','ON','선택이 어려울 땐 전부 다!',0,6),(268,88,131,'돈까스김밥',4000,'https://s3.ap-northeast-2.amazonaws.com/ssafy-square-bucket/static/2023-08-14/test/744adf26-c36d-4fe4-99b0-5504a03c7ad7','https://s3.ap-northeast-2.amazonaws.com/ssafy-square-bucket/static/2023-08-14/test/thumb/99f4b227-a6f2-4da2-b9c4-a107c9a3e3f3',0,0,'2023-08-14 04:23:52','2023-08-14 04:23:52','ON','누구나 좋아하는 돈까스 김밥!',0,1),(269,88,131,'불고기김밥',3500,'https://s3.ap-northeast-2.amazonaws.com/ssafy-square-bucket/static/2023-08-14/test/2f20ceb1-f54b-4319-8326-085578ff6337','https://s3.ap-northeast-2.amazonaws.com/ssafy-square-bucket/static/2023-08-14/test/thumb/6e00222e-ea8d-4f5c-935b-a6c8b704bc9f',0,0,'2023-08-14 04:24:24','2023-08-14 04:24:24','ON','한국인이라면 싫어할 수 없는 불고기김밥!',0,3),(270,88,131,'참치김밥',3500,'https://s3.ap-northeast-2.amazonaws.com/ssafy-square-bucket/static/2023-08-14/test/c29a9f91-42f3-47e2-a4e2-48311e06f0b7','https://s3.ap-northeast-2.amazonaws.com/ssafy-square-bucket/static/2023-08-14/test/thumb/bd0d3529-cb6a-4ee5-b5ae-407e4fbecc7b',0,0,'2023-08-14 04:26:06','2023-08-14 04:26:06','ON','명실상부 베스트샐러!',0,4),(271,88,131,'크림치즈김밥',3500,'https://s3.ap-northeast-2.amazonaws.com/ssafy-square-bucket/static/2023-08-14/test/3e980a08-1eb5-4667-823b-85a680eb3ca3','https://s3.ap-northeast-2.amazonaws.com/ssafy-square-bucket/static/2023-08-14/test/thumb/195d4b18-de4f-439e-817f-a049973db39d',0,0,'2023-08-14 04:26:38','2023-08-14 04:26:38','ON','이색적이지만 맛은 보장! 견과류와 크림치즈의 만남!',0,5),(272,88,131,'제육김밥',3500,'https://s3.ap-northeast-2.amazonaws.com/ssafy-square-bucket/static/2023-08-14/test/a3c19152-d28e-4d85-87ae-a80a573affd0','https://s3.ap-northeast-2.amazonaws.com/ssafy-square-bucket/static/2023-08-14/test/thumb/a00f0c91-b23e-4524-ae11-c63738138527',0,0,'2023-08-14 04:28:07','2023-08-14 04:28:07','ON','한국인이 사랑하는 매콤한 맛! 제육김밥!',0,2),(273,89,132,'딸기크로플',4000,'https://s3.ap-northeast-2.amazonaws.com/ssafy-square-bucket/static/2023-08-14/test/90af2c6a-a47b-466c-a404-d64369fab973','https://s3.ap-northeast-2.amazonaws.com/ssafy-square-bucket/static/2023-08-14/test/thumb/d506b933-931e-4d74-8187-d965f10381be',0,0,'2023-08-14 04:34:05','2023-08-14 04:34:05','ON','새콤하고 바삭한 딸기 크로플!',0,1),(274,89,132,'크로플 4종',8000,'https://s3.ap-northeast-2.amazonaws.com/ssafy-square-bucket/static/2023-08-14/test/9c05a8c4-75ab-41f8-940c-aab3915a4bf3','https://s3.ap-northeast-2.amazonaws.com/ssafy-square-bucket/static/2023-08-14/test/thumb/04fd1f60-e53b-494b-9200-53a3d6f305e7',0,0,'2023-08-14 04:35:32','2023-08-14 04:35:32','ON','선택하기 어려울 땐 전부 다 드셔보세요!',0,2),(275,89,132,'초코크로플',4000,'https://s3.ap-northeast-2.amazonaws.com/ssafy-square-bucket/static/2023-08-14/test/dda581cd-64b2-463c-90b6-95ce00286f90','https://s3.ap-northeast-2.amazonaws.com/ssafy-square-bucket/static/2023-08-14/test/thumb/7dcb74cd-38e1-4d38-8544-b38082db6cdf',0,0,'2023-08-14 04:36:02','2023-08-14 04:36:02','ON','달콤한 초코크로플!',0,3),(276,89,132,'플레인크로플',3500,'https://s3.ap-northeast-2.amazonaws.com/ssafy-square-bucket/static/2023-08-14/test/53ec9c6a-aa0e-4df5-9ea5-a014003a2fef','https://s3.ap-northeast-2.amazonaws.com/ssafy-square-bucket/static/2023-08-14/test/thumb/91f528bf-ea54-43a6-a600-5ef9283bd4f3',0,0,'2023-08-14 04:36:28','2023-08-14 04:36:28','ON','뭐든 기본이 최고죠!',0,4),(277,89,132,'로투스크로플',4500,'https://s3.ap-northeast-2.amazonaws.com/ssafy-square-bucket/static/2023-08-14/test/be8a9b9c-a0ef-4075-8a41-82fa837bc3b4','https://s3.ap-northeast-2.amazonaws.com/ssafy-square-bucket/static/2023-08-14/test/thumb/58368b78-36f3-46ca-a7fb-8f135a0a58b9',0,0,'2023-08-14 04:36:53','2023-08-14 04:36:53','ON','달달하고 크리스피한 로투스와 크로플의 만남!',0,5),(278,90,139,'딸기탕후루',2800,'https://s3.ap-northeast-2.amazonaws.com/ssafy-square-bucket/static/2023-08-14/test/3479af25-fed6-4ed4-a3c1-2415e5f41ec7','https://s3.ap-northeast-2.amazonaws.com/ssafy-square-bucket/static/2023-08-14/test/thumb/306f5b36-dde9-4541-9443-e0d50c2095f7',0,0,'2023-08-14 05:05:55','2023-08-14 05:05:55','ON','탕후루 대표 메뉴 딸기 탕후루~',0,1),(279,90,139,'블루베리탕후루',2800,'https://s3.ap-northeast-2.amazonaws.com/ssafy-square-bucket/static/2023-08-14/test/0ddd8825-822c-4c2e-b220-e50767a33abf','https://s3.ap-northeast-2.amazonaws.com/ssafy-square-bucket/static/2023-08-14/test/thumb/ea385b2d-64bb-43de-b410-41774631b78d',0,0,'2023-08-14 05:06:38','2023-08-14 05:06:38','ON','사탕같은 블루베리 탕후루!',0,2),(280,90,139,'귤탕후루',2800,'https://s3.ap-northeast-2.amazonaws.com/ssafy-square-bucket/static/2023-08-14/test/d6882325-90c4-49e0-b785-ee4fc1860ada','https://s3.ap-northeast-2.amazonaws.com/ssafy-square-bucket/static/2023-08-14/test/thumb/0ab7d8d7-e751-44a6-b65d-b7dd436baa57',0,0,'2023-08-14 05:07:11','2023-08-14 05:07:11','ON','과즙 터지는 귤 탕후루~',0,3),(281,90,139,'파인애플탕후루',2800,'https://s3.ap-northeast-2.amazonaws.com/ssafy-square-bucket/static/2023-08-14/test/7c7a9669-40a3-4e74-bbd3-8a0667e138a1','https://s3.ap-northeast-2.amazonaws.com/ssafy-square-bucket/static/2023-08-14/test/thumb/22001c73-0ff8-4248-9c05-25af06710bee',0,0,'2023-08-14 05:07:47','2023-08-14 05:07:47','ON','새콤한 파인애플이 탕후루가 된다면?!',0,4),(282,90,139,'샤인머스캣탕후루',2800,'https://s3.ap-northeast-2.amazonaws.com/ssafy-square-bucket/static/2023-08-14/test/3f5591db-8b0f-4deb-9fca-7e36b63cdabe','https://s3.ap-northeast-2.amazonaws.com/ssafy-square-bucket/static/2023-08-14/test/thumb/e741a7a6-aafd-4593-a046-f63a242151a0',0,0,'2023-08-14 05:08:16','2023-08-14 05:08:16','ON','탕후루에 샤인머스캣이 빠질 수 없지!',0,5),(283,91,143,'아메리카노(Hot)',3000,'https://s3.ap-northeast-2.amazonaws.com/ssafy-square-bucket/static/2023-08-14/test/d87a4708-187f-465f-aa5b-1846acbb613a','https://s3.ap-northeast-2.amazonaws.com/ssafy-square-bucket/static/2023-08-14/test/thumb/b8b9160d-261b-4d44-9198-e3de34ae9a73',0,0,'2023-08-14 05:12:55','2023-08-14 05:12:55','ON','우리 카페 대표 메뉴 아메리카노입니다 :)',0,1),(284,91,143,'아메리카노(Ice)',3500,'https://s3.ap-northeast-2.amazonaws.com/ssafy-square-bucket/static/2023-08-14/test/74ce7ae1-e994-477e-8a95-7dab869b598b','https://s3.ap-northeast-2.amazonaws.com/ssafy-square-bucket/static/2023-08-14/test/thumb/e281758f-5841-434a-9b3b-dbc4011dd025',0,0,'2023-08-14 05:13:26','2023-08-14 05:13:26','ON','자나깨나 얼죽아!',0,2),(285,91,144,'카페라떼(Hot)',3500,'https://s3.ap-northeast-2.amazonaws.com/ssafy-square-bucket/static/2023-08-14/test/c91263d3-02ba-42a6-a197-4f08a6fcff51','https://s3.ap-northeast-2.amazonaws.com/ssafy-square-bucket/static/2023-08-14/test/thumb/a5684df5-96cb-4211-ad9e-f5ba4589e296',0,0,'2023-08-14 05:13:59','2023-08-14 05:13:59','ON','고소한 카페라떼',0,1),(286,91,144,'카페라떼(Ice)',3500,'https://s3.ap-northeast-2.amazonaws.com/ssafy-square-bucket/static/2023-08-14/test/0592ced1-a6cc-429f-8178-b3d9dea03971','https://s3.ap-northeast-2.amazonaws.com/ssafy-square-bucket/static/2023-08-14/test/thumb/81fd7599-afa0-4c89-ab50-7efd4a77cdc0',0,0,'2023-08-14 05:14:40','2023-08-14 05:14:40','ON','고소하고 시원한 아이스카페라떼입니다 :)',0,2),(287,44,141,'떡튀순 세트',16000,'https://s3.ap-northeast-2.amazonaws.com/ssafy-square-bucket/static/2023-08-14/test/645cb8ff-3f0d-4f9e-abfe-588e4881c35e','https://s3.ap-northeast-2.amazonaws.com/ssafy-square-bucket/static/2023-08-14/test/thumb/38650afe-359f-44e3-80ae-48a476be47dc',0,0,'2023-08-14 05:15:49','2023-08-14 05:15:49','ON','',0,1),(288,91,145,'아인슈페너',4500,'https://s3.ap-northeast-2.amazonaws.com/ssafy-square-bucket/static/2023-08-14/test/aa0c3ae9-a410-4b1e-9128-7b01975c6b8a','https://s3.ap-northeast-2.amazonaws.com/ssafy-square-bucket/static/2023-08-14/test/thumb/fe32b961-1c46-48a5-b641-604792a2be14',0,0,'2023-08-14 05:16:15','2023-08-14 05:16:15','ON','우리 카페 시그니쳐 메뉴 아인슈페너입니다~',0,1),(289,44,141,'떡볶이',4000,'https://s3.ap-northeast-2.amazonaws.com/ssafy-square-bucket/static/2023-08-14/test/a4eac725-01eb-4e63-ac47-c66eedc7cacf','https://s3.ap-northeast-2.amazonaws.com/ssafy-square-bucket/static/2023-08-14/test/thumb/39778dc2-aac0-4fb4-bba5-501e6ef7d19e',0,0,'2023-08-14 05:16:16','2023-08-14 05:16:16','ON','쌀떡볶이 입니다.',0,2),(290,44,141,'튀김 (7PC)',6500,'https://s3.ap-northeast-2.amazonaws.com/ssafy-square-bucket/static/2023-08-14/test/9475f42d-94d4-4510-a3ca-a95025901dab','https://s3.ap-northeast-2.amazonaws.com/ssafy-square-bucket/static/2023-08-14/test/thumb/3da0f8e5-69f4-4fe2-a870-9a87e2e7c7d7',0,0,'2023-08-14 05:16:49','2023-08-14 05:16:49','ON','오징어 + 고추 + 고구마 + 김말이',0,3),(291,44,142,'군만두',5000,'https://s3.ap-northeast-2.amazonaws.com/ssafy-square-bucket/static/2023-08-14/test/7749ff35-f56d-44c3-805c-22fcc4d24bda','https://s3.ap-northeast-2.amazonaws.com/ssafy-square-bucket/static/2023-08-14/test/thumb/df05244d-9f57-46be-ae42-9cc8a18d64ec',0,0,'2023-08-14 05:17:09','2023-08-14 05:17:09','ON','',0,3),(292,44,142,'라면',3500,'https://s3.ap-northeast-2.amazonaws.com/ssafy-square-bucket/static/2023-08-14/test/ee9f0bb2-97df-4c3a-9262-95d56dc97a20','https://s3.ap-northeast-2.amazonaws.com/ssafy-square-bucket/static/2023-08-14/test/thumb/26de1df7-8efa-475f-975e-5af4b2faa815',0,0,'2023-08-14 05:17:25','2023-08-14 05:17:25','ON','',0,1),(293,44,141,'순대',4000,'https://s3.ap-northeast-2.amazonaws.com/ssafy-square-bucket/static/2023-08-14/test/bb1d6448-f6ce-4df8-b7dc-1246dd25d505','https://s3.ap-northeast-2.amazonaws.com/ssafy-square-bucket/static/2023-08-14/test/thumb/d70c5ed0-2923-4cea-8fc1-e06dd05c7dff',0,0,'2023-08-14 05:17:39','2023-08-14 05:17:39','ON','',0,4),(294,44,142,'라볶이',4500,'https://s3.ap-northeast-2.amazonaws.com/ssafy-square-bucket/static/2023-08-14/test/7de0d6be-1c3d-4657-a0fb-860d3432d446','https://s3.ap-northeast-2.amazonaws.com/ssafy-square-bucket/static/2023-08-14/test/thumb/e5d535dd-cda1-4846-9543-cc35757b7659',0,0,'2023-08-14 05:17:57','2023-08-14 05:17:57','ON','',0,2),(295,44,142,'찐만두',5000,'https://s3.ap-northeast-2.amazonaws.com/ssafy-square-bucket/static/2023-08-14/test/b0835976-ff24-4131-a6fe-952be0e8dcff','https://s3.ap-northeast-2.amazonaws.com/ssafy-square-bucket/static/2023-08-14/test/thumb/4146b502-0121-4919-84a6-ee6e47ae89b4',0,0,'2023-08-14 05:18:20','2023-08-14 05:18:20','ON','',0,4),(296,92,148,'카라멜마끼아또(Ice)',3800,'https://s3.ap-northeast-2.amazonaws.com/ssafy-square-bucket/static/2023-08-14/test/c91dde4a-40bb-4b6b-a341-3658b99dce91','https://s3.ap-northeast-2.amazonaws.com/ssafy-square-bucket/static/2023-08-14/test/thumb/3ebfe683-27fa-44f3-a2c4-cf99795c63e6',0,0,'2023-08-14 05:21:22','2023-08-14 05:21:22','ON','달달한 카라멜마끼아또입니다 :)',0,2),(297,92,148,'카라멜마끼아또(Hot)',3800,'https://s3.ap-northeast-2.amazonaws.com/ssafy-square-bucket/static/2023-08-14/test/58e3d7cb-5c23-42d1-82d6-83b47f2fee39','https://s3.ap-northeast-2.amazonaws.com/ssafy-square-bucket/static/2023-08-14/test/thumb/237e84f1-c1ed-4053-8f5e-21303f8ecb99',0,0,'2023-08-14 05:21:55','2023-08-14 05:21:55','ON','따뜻하고 달달한 카라멜 마끼아또 :)',0,1),(298,92,147,'카페모카(Hot)',4000,'https://s3.ap-northeast-2.amazonaws.com/ssafy-square-bucket/static/2023-08-14/test/4d60c249-31af-4619-b9bc-112b1184e152','https://s3.ap-northeast-2.amazonaws.com/ssafy-square-bucket/static/2023-08-14/test/thumb/7818962b-b9e1-433d-9258-80f1bd31beee',0,0,'2023-08-14 05:22:44','2023-08-14 05:22:44','ON','추운 겨울에 생각나는 따뜻한 카페모카!!',0,1),(299,92,147,'카페모카(Ice)',4000,'https://s3.ap-northeast-2.amazonaws.com/ssafy-square-bucket/static/2023-08-14/test/887f523a-8de5-47e6-b06f-6d5561e2ac45','https://s3.ap-northeast-2.amazonaws.com/ssafy-square-bucket/static/2023-08-14/test/thumb/c9299160-0eeb-4b54-a1d0-bfa5d7d9fdd3',0,0,'2023-08-14 05:23:11','2023-08-14 05:23:11','ON','당 떨어질 때는 카페모카!',0,2),(300,92,146,'아메리카노(Hot)',3000,'https://s3.ap-northeast-2.amazonaws.com/ssafy-square-bucket/static/2023-08-14/test/591a1fda-d9fb-483b-94da-da7303eaf193','https://s3.ap-northeast-2.amazonaws.com/ssafy-square-bucket/static/2023-08-14/test/thumb/84a4b995-ab1f-45f9-903a-0923dfe0fddc',0,0,'2023-08-14 05:23:47','2023-08-14 05:23:47','ON','현대인의 생명수!',0,1),(301,92,146,'아메리카노(Ice)',3000,'https://s3.ap-northeast-2.amazonaws.com/ssafy-square-bucket/static/2023-08-14/test/63793c38-65c1-4189-b165-a1a00aaba798','https://s3.ap-northeast-2.amazonaws.com/ssafy-square-bucket/static/2023-08-14/test/thumb/b6c7c114-bf9b-4702-b39b-c52244658430',0,0,'2023-08-14 05:24:22','2023-08-14 05:24:22','ON','얼죽아!',0,2),(302,45,149,'식전 샐러드',8000,'https://s3.ap-northeast-2.amazonaws.com/ssafy-square-bucket/static/2023-08-14/test/b7be41c5-27c1-463e-a8b1-89bd32b67f85','https://s3.ap-northeast-2.amazonaws.com/ssafy-square-bucket/static/2023-08-14/test/thumb/1679b36b-b5f7-4cd2-8b23-51e9511a94eb',0,0,'2023-08-14 05:28:26','2023-08-14 05:28:26','ON','',0,1),(303,45,150,'스테이크 샐러드',16500,'https://s3.ap-northeast-2.amazonaws.com/ssafy-square-bucket/static/2023-08-14/test/d50a4d71-c9a8-4b4d-8246-87316876c6a6','https://s3.ap-northeast-2.amazonaws.com/ssafy-square-bucket/static/2023-08-14/test/thumb/84cba107-9de4-47dd-927c-cade5caaf4c9',0,0,'2023-08-14 05:28:48','2023-08-14 05:28:48','ON','살치살 스테이크',0,3),(304,45,150,'연어샐러드',18000,'https://s3.ap-northeast-2.amazonaws.com/ssafy-square-bucket/static/2023-08-14/test/287020fd-368d-4ed6-88a2-d41b36c830cb','https://s3.ap-northeast-2.amazonaws.com/ssafy-square-bucket/static/2023-08-14/test/thumb/714dacb0-38bc-43ca-8444-68b251326961',0,0,'2023-08-14 05:29:04','2023-08-14 05:29:04','ON','',0,2),(305,45,150,'연어 스테이크',21000,'https://s3.ap-northeast-2.amazonaws.com/ssafy-square-bucket/static/2023-08-14/test/49bdf4c0-1b9d-47fa-a1f6-d87213c10d39','https://s3.ap-northeast-2.amazonaws.com/ssafy-square-bucket/static/2023-08-14/test/thumb/47099853-12e4-4fc4-afd8-da2427dbd160',0,0,'2023-08-14 05:29:31','2023-08-14 05:29:31','ON','부드러운 연어살',0,1),(306,45,149,'파스타 샐러드',12000,'https://s3.ap-northeast-2.amazonaws.com/ssafy-square-bucket/static/2023-08-14/test/0d1c1089-97ed-4edf-b65a-3a29b3eb2e72','https://s3.ap-northeast-2.amazonaws.com/ssafy-square-bucket/static/2023-08-14/test/thumb/85baee1b-ac70-4f1e-b792-146be1502aad',0,0,'2023-08-14 05:29:53','2023-08-14 05:29:53','ON','',0,2),(307,45,151,'식후 소금빵',2500,'https://s3.ap-northeast-2.amazonaws.com/ssafy-square-bucket/static/2023-08-14/test/448f0d46-8475-4fb8-a003-60f804d52516','https://s3.ap-northeast-2.amazonaws.com/ssafy-square-bucket/static/2023-08-14/test/thumb/6cd17b6e-f2e2-4d44-9434-390025c029dc',0,0,'2023-08-14 05:30:32','2023-08-14 05:30:32','ON','',0,1),(308,45,151,'귤 타르트',7000,'https://s3.ap-northeast-2.amazonaws.com/ssafy-square-bucket/static/2023-08-14/test/a32955b6-03a7-4496-990c-c7fbfe7b328a','https://s3.ap-northeast-2.amazonaws.com/ssafy-square-bucket/static/2023-08-14/test/thumb/5a94fdb4-d200-4bd4-b2a0-88418967e9b4',0,0,'2023-08-14 05:31:19','2023-08-14 05:31:19','ON','부드러운 커스타드 크림 위에 귤',0,2),(309,93,152,'로제떡볶이',16000,'https://s3.ap-northeast-2.amazonaws.com/ssafy-square-bucket/static/2023-08-14/test/bf78706d-2a34-465c-8b22-461fc2d26356','https://s3.ap-northeast-2.amazonaws.com/ssafy-square-bucket/static/2023-08-14/test/thumb/f9be89d7-6293-4b69-9e37-ec36d9f52bc0',0,0,'2023-08-14 05:35:26','2023-08-14 05:35:26','ON','우리 가게 인기 메뉴!',0,2),(310,93,152,'마라떡볶이',17000,'https://s3.ap-northeast-2.amazonaws.com/ssafy-square-bucket/static/2023-08-14/test/eb63faa9-28b7-4e73-bbfc-97f7864645df','https://s3.ap-northeast-2.amazonaws.com/ssafy-square-bucket/static/2023-08-14/test/thumb/ccda61f7-167a-434c-a9be-0149b23c9da9',0,0,'2023-08-14 05:36:05','2023-08-14 05:36:05','ON','품절임박을 부르는 대세 메뉴!',0,1),(311,93,152,'시그니쳐떡볶이',15000,'https://s3.ap-northeast-2.amazonaws.com/ssafy-square-bucket/static/2023-08-14/test/5e106744-d89c-48db-a8b9-dbb2334787e8','https://s3.ap-northeast-2.amazonaws.com/ssafy-square-bucket/static/2023-08-14/test/thumb/d23dc691-3b24-44af-8d50-4cff9577303a',0,0,'2023-08-14 05:36:44','2023-08-14 05:36:44','ON','매운 떡볶이 좋아하는 사람들 모두 소리 질러!',0,3),(312,93,152,'짜장떡볶이',16000,'https://s3.ap-northeast-2.amazonaws.com/ssafy-square-bucket/static/2023-08-14/test/e4fea139-1414-4d40-a6ae-873d98f4c6e7','https://s3.ap-northeast-2.amazonaws.com/ssafy-square-bucket/static/2023-08-14/test/thumb/4538ec57-31ff-4c0b-8921-3a8bf5ff7524',0,0,'2023-08-14 05:37:10','2023-08-14 05:37:10','ON','먹어보면 맛있어서 놀랄걸?',0,4),(313,93,153,'참치마요주먹밥',4000,'https://s3.ap-northeast-2.amazonaws.com/ssafy-square-bucket/static/2023-08-14/test/bc903ddb-3b70-4b08-8153-af0b70e5a26c','https://s3.ap-northeast-2.amazonaws.com/ssafy-square-bucket/static/2023-08-14/test/thumb/44077117-edb3-4803-b9f1-3b083c8c74cb',0,0,'2023-08-14 05:37:41','2023-08-14 05:37:41','ON','매운 떡볶이에 빠지면 섭섭한 사이드 메뉴!',0,2),(314,93,153,'김말이튀김',2000,'https://s3.ap-northeast-2.amazonaws.com/ssafy-square-bucket/static/2023-08-14/test/e69958a6-7b15-497a-8448-7aa03dfed7ec','https://s3.ap-northeast-2.amazonaws.com/ssafy-square-bucket/static/2023-08-14/test/thumb/19d92594-364a-47f3-a66a-ecde4ef270b3',0,0,'2023-08-14 05:39:07','2023-08-14 05:39:07','ON','떡볶이 국물에 찍어먹으면 극락인 메뉴',0,1),(315,93,153,'오징어튀김',3000,'https://s3.ap-northeast-2.amazonaws.com/ssafy-square-bucket/static/2023-08-14/test/d43e6e8e-eda6-43ae-b69a-f421e667fab9','https://s3.ap-northeast-2.amazonaws.com/ssafy-square-bucket/static/2023-08-14/test/thumb/ddf2be28-3ad2-411f-9b7c-3ff694a3264d',0,0,'2023-08-14 05:39:31','2023-08-14 05:39:31','ON','통통한 오징어를 바삭하게 튀겼다!',0,3),(316,94,154,'날치알주먹밥',4500,'https://s3.ap-northeast-2.amazonaws.com/ssafy-square-bucket/static/2023-08-14/test/9ff6f2ad-bfcd-4a1e-aaf3-f4871112e97d','https://s3.ap-northeast-2.amazonaws.com/ssafy-square-bucket/static/2023-08-14/test/thumb/dcf96f24-b4ed-4c3a-aa7e-eed0526092b1',0,0,'2023-08-14 05:47:34','2023-08-14 05:47:34','ON','우리가게 효자 메뉴 날치알주먹밥!',0,2),(317,94,154,'멸치주먹밥',5000,'https://s3.ap-northeast-2.amazonaws.com/ssafy-square-bucket/static/2023-08-14/test/bca79d13-dc52-40c8-b696-e7a5ff5f3e87','https://s3.ap-northeast-2.amazonaws.com/ssafy-square-bucket/static/2023-08-14/test/thumb/1006d586-2ec8-43fe-b6b9-a91d6a8f3bc2',0,0,'2023-08-14 05:48:01','2023-08-14 05:48:01','ON','매콤한 것을 좋아하신다면!',0,3),(318,94,154,'아란치니',7000,'https://s3.ap-northeast-2.amazonaws.com/ssafy-square-bucket/static/2023-08-14/test/bac22172-4221-47f9-98c4-8e0c5f6bc230','https://s3.ap-northeast-2.amazonaws.com/ssafy-square-bucket/static/2023-08-14/test/thumb/226eeb4a-cb34-4d2f-93c3-b73917333139',0,0,'2023-08-14 05:48:31','2023-08-14 05:48:31','ON','이탈리아식 튀긴 주먹밥! ',0,1),(319,46,158,'새우튀김김밥',4500,'https://s3.ap-northeast-2.amazonaws.com/ssafy-square-bucket/static/2023-08-14/test/51cce872-f3b7-4620-8e3a-3507d6eaf800','https://s3.ap-northeast-2.amazonaws.com/ssafy-square-bucket/static/2023-08-14/test/thumb/6d554e41-9028-4114-989e-1bdefeb3788f',0,0,'2023-08-14 05:49:02','2023-08-14 05:49:02','ON','',0,3),(320,94,154,'참치주먹밥',5000,'https://s3.ap-northeast-2.amazonaws.com/ssafy-square-bucket/static/2023-08-14/test/8118e0d1-aeab-404e-b42a-6a0c0b54aefb','https://s3.ap-northeast-2.amazonaws.com/ssafy-square-bucket/static/2023-08-14/test/thumb/9677aa6f-8244-4bf8-a956-1d112564e934',0,0,'2023-08-14 05:49:12','2023-08-14 05:49:12','ON','남녀노소 사랑받는 참치 주먹밥!',0,4),(321,94,154,'후리가케주먹밥',4500,'https://s3.ap-northeast-2.amazonaws.com/ssafy-square-bucket/static/2023-08-14/test/5cde7f80-5d9c-4c59-a742-3dab89ff98ac','https://s3.ap-northeast-2.amazonaws.com/ssafy-square-bucket/static/2023-08-14/test/thumb/4eaeb62b-3f0a-4422-bdc6-7e23547687e4',0,0,'2023-08-14 05:49:54','2023-08-14 05:49:54','ON','매니아 층 두터운 일식 주먹밥!',0,5),(322,46,158,'치즈김밥',3500,'https://s3.ap-northeast-2.amazonaws.com/ssafy-square-bucket/static/2023-08-14/test/a119b40a-147f-43dd-ac29-7d10328f9826','https://s3.ap-northeast-2.amazonaws.com/ssafy-square-bucket/static/2023-08-14/test/thumb/f9df754a-ea64-44ec-89a1-687d4966ed6a',0,0,'2023-08-14 05:52:09','2023-08-14 05:52:09','ON','',0,1),(323,95,1,'',0,'https://s3.ap-northeast-2.amazonaws.com/ssafy-square-bucket/static/2023-08-14/test/9280ad84-5daf-42b3-a7c5-b730b37fc20c','https://s3.ap-northeast-2.amazonaws.com/ssafy-square-bucket/static/2023-08-14/test/thumb/74704edc-e670-4301-889a-826365de767d',0,0,'2023-08-14 06:00:16','2023-08-14 06:00:16','OFF','',0,1),(324,95,155,'김치만두',6000,'https://s3.ap-northeast-2.amazonaws.com/ssafy-square-bucket/static/2023-08-14/test/d621e13c-727a-43b4-a7be-bbceb900d121','https://s3.ap-northeast-2.amazonaws.com/ssafy-square-bucket/static/2023-08-14/test/thumb/aecacb66-e747-4899-acfb-a451a6ed2f8e',0,0,'2023-08-14 06:00:47','2023-08-14 06:00:47','ON','한국인이 사랑하는 매콤한 김치만두',0,1),(325,95,155,'군만두',5000,'https://s3.ap-northeast-2.amazonaws.com/ssafy-square-bucket/static/2023-08-14/test/9baee1d7-b91f-45db-8731-e3dd6b3fbc12','https://s3.ap-northeast-2.amazonaws.com/ssafy-square-bucket/static/2023-08-14/test/thumb/050493bd-bcd8-4791-8fcc-e1dd1d43014a',0,0,'2023-08-14 06:01:43','2023-08-14 06:01:43','ON','겉바속촉!',0,2),(326,95,155,'새우만두',7000,'https://s3.ap-northeast-2.amazonaws.com/ssafy-square-bucket/static/2023-08-14/test/92f26f68-58ce-4c5e-b891-f9531390d264','https://s3.ap-northeast-2.amazonaws.com/ssafy-square-bucket/static/2023-08-14/test/thumb/6ef1092b-58f0-4b8e-bbdf-194d62117623',0,0,'2023-08-14 06:02:07','2023-08-14 06:02:07','ON','요즘 인스타그램 대세 메뉴!',0,4),(327,46,158,'소고기 김밥',4000,'https://s3.ap-northeast-2.amazonaws.com/ssafy-square-bucket/static/2023-08-14/test/fd45d9e2-e56a-4c89-99fa-fc5a32b24bc1','https://s3.ap-northeast-2.amazonaws.com/ssafy-square-bucket/static/2023-08-14/test/thumb/0167cc55-a476-4a7e-ae61-8876ebfb4f65',0,0,'2023-08-14 06:02:30','2023-08-14 06:02:30','ON','',0,2),(328,95,155,'일식만두',7000,'https://s3.ap-northeast-2.amazonaws.com/ssafy-square-bucket/static/2023-08-14/test/2c11df3f-dc9b-4dfd-8f9d-e3b84ae45304','https://s3.ap-northeast-2.amazonaws.com/ssafy-square-bucket/static/2023-08-14/test/thumb/7dcb8b7c-52eb-4dea-99c0-d296d7b159f4',0,0,'2023-08-14 06:02:40','2023-08-14 06:02:40','ON','바삭하고 쫀득하고 촉촉한 일식 만두!',0,3),(329,95,155,'찐만두',7000,'https://s3.ap-northeast-2.amazonaws.com/ssafy-square-bucket/static/2023-08-14/test/6fe06d1e-9041-4112-bcdd-ab983eca9a9a','https://s3.ap-northeast-2.amazonaws.com/ssafy-square-bucket/static/2023-08-14/test/thumb/dd929bb8-a913-4111-b64f-d8e94e962224',0,0,'2023-08-14 06:03:23','2023-08-14 06:03:23','ON','겨울이 되면 호호 불어서 먹고 싶은 찐만두!',0,5),(330,46,159,'직화 제육덮밥',7500,'https://s3.ap-northeast-2.amazonaws.com/ssafy-square-bucket/static/2023-08-14/test/26f9dc44-9b5a-4cfe-85fe-4d10ab6076ac','https://s3.ap-northeast-2.amazonaws.com/ssafy-square-bucket/static/2023-08-14/test/thumb/abc06f3e-a5a6-4f0a-b4af-b9ffaf2b435b',0,0,'2023-08-14 06:04:09','2023-08-14 06:04:09','ON','',0,3),(331,46,159,'소불고기 덮밥',7500,'https://s3.ap-northeast-2.amazonaws.com/ssafy-square-bucket/static/2023-08-14/test/3b106f51-f0da-44a5-83ab-2cfd9d3c973b','https://s3.ap-northeast-2.amazonaws.com/ssafy-square-bucket/static/2023-08-14/test/thumb/2bc53843-397e-4589-b317-d433a712ed83',0,0,'2023-08-14 06:04:32','2023-08-14 06:04:32','ON','',0,4),(332,96,1,'군만두',70000,'https://s3.ap-northeast-2.amazonaws.com/ssafy-square-bucket/static/2023-08-14/test/f6bb143a-72eb-42b0-be41-4b448ba2b9e5','https://s3.ap-northeast-2.amazonaws.com/ssafy-square-bucket/static/2023-08-14/test/thumb/31933540-8aed-480b-aa6f-58af7710e3f0',0,0,'2023-08-14 06:07:23','2023-08-14 06:07:23','OFF','우리 군만두 진짜 맛나요!',0,1),(333,96,156,'군만두',7000,'https://s3.ap-northeast-2.amazonaws.com/ssafy-square-bucket/static/2023-08-14/test/51bee515-4dba-4f7d-b17b-9679fa574f5f','https://s3.ap-northeast-2.amazonaws.com/ssafy-square-bucket/static/2023-08-14/test/thumb/8dee8e53-00e6-49d5-abee-8daf501ff0ae',0,0,'2023-08-14 06:08:01','2023-08-14 06:08:01','ON','우리 군만두 진짜 맛나요!',0,1),(334,96,156,'김치만두',7000,'https://s3.ap-northeast-2.amazonaws.com/ssafy-square-bucket/static/2023-08-14/test/c2d8c580-5197-42bc-9ac3-a0a9b60b2d76','https://s3.ap-northeast-2.amazonaws.com/ssafy-square-bucket/static/2023-08-14/test/thumb/ce5dd71d-9d44-4d60-96a8-2c24f2475d6a',0,0,'2023-08-14 06:08:28','2023-08-14 06:08:28','ON','직접 빚은 매콤한 수제 김치만두!',0,3),(335,96,156,'새우만두',8000,'https://s3.ap-northeast-2.amazonaws.com/ssafy-square-bucket/static/2023-08-14/test/862cd168-340b-4944-abf2-3b1c55ec61f7','https://s3.ap-northeast-2.amazonaws.com/ssafy-square-bucket/static/2023-08-14/test/thumb/a1d1a3dd-9e19-4550-abb3-8ef1afb125f1',0,0,'2023-08-14 06:08:55','2023-08-14 06:08:55','ON','프리미엄 만두의 표본! 오동통한 새우가 통째로 들어가있는 새우만두!',0,2),(336,96,156,'일식만두',9000,'https://s3.ap-northeast-2.amazonaws.com/ssafy-square-bucket/static/2023-08-14/test/cf84f0c8-db47-4bdf-987b-934031ca86fe','https://s3.ap-northeast-2.amazonaws.com/ssafy-square-bucket/static/2023-08-14/test/thumb/924f2faa-b4b3-42d2-a7b4-470241457ad7',0,0,'2023-08-14 06:09:21','2023-08-14 06:09:21','ON','장인의 손길이 느껴지는 일식 만두!',0,4),(337,46,159,'가락우동',4500,'https://s3.ap-northeast-2.amazonaws.com/ssafy-square-bucket/static/2023-08-14/test/b19e465c-f0e0-4347-a5d2-dc6379f153de','https://s3.ap-northeast-2.amazonaws.com/ssafy-square-bucket/static/2023-08-14/test/thumb/e024fff4-e387-46c5-89ec-b172bc236a92',0,0,'2023-08-14 06:09:23','2023-08-14 06:09:23','ON','',0,1),(338,46,159,'라볶이',5000,'https://s3.ap-northeast-2.amazonaws.com/ssafy-square-bucket/static/2023-08-14/test/5eed7379-3a2a-4adf-b822-43f998c5aa97','https://s3.ap-northeast-2.amazonaws.com/ssafy-square-bucket/static/2023-08-14/test/thumb/3eb15067-b2e3-41f1-9309-450004272716',0,0,'2023-08-14 06:09:47','2023-08-14 06:09:47','ON','떡볶이와 라면의 조화 !',0,2),(339,96,157,'찐빵',5000,'https://s3.ap-northeast-2.amazonaws.com/ssafy-square-bucket/static/2023-08-14/test/19c72590-bf90-4cbf-9fab-7e2210b94686','https://s3.ap-northeast-2.amazonaws.com/ssafy-square-bucket/static/2023-08-14/test/thumb/775ffc2a-f87f-4d4c-bfd8-dac3156bcbc9',0,0,'2023-08-14 06:09:47','2023-08-14 06:09:47','ON','한겨울에 생각나는 따뜻하고 달콤한 찐빵!',0,1),(340,47,160,'심슨 도넛',2100,'https://s3.ap-northeast-2.amazonaws.com/ssafy-square-bucket/static/2023-08-14/test/8267f354-4d97-488f-9191-deeb1528a726','https://s3.ap-northeast-2.amazonaws.com/ssafy-square-bucket/static/2023-08-14/test/thumb/94d7aba8-d896-4c9f-8c63-15fac461ace0',0,0,'2023-08-14 06:12:05','2023-08-14 06:12:05','ON','',0,2),(341,47,160,'초코 도넛',1800,'https://s3.ap-northeast-2.amazonaws.com/ssafy-square-bucket/static/2023-08-14/test/50bc018b-3c4e-4489-8256-f89c49aef15e','https://s3.ap-northeast-2.amazonaws.com/ssafy-square-bucket/static/2023-08-14/test/thumb/b2fc43c3-ece7-47df-aca1-3843867029ab',0,0,'2023-08-14 06:12:32','2023-08-14 06:12:32','ON','초콜릿 코팅 !',0,1),(342,47,160,'귤 타르트',7000,'https://s3.ap-northeast-2.amazonaws.com/ssafy-square-bucket/static/2023-08-14/test/f9e62329-d9b2-4c87-8060-73c55500df8b','https://s3.ap-northeast-2.amazonaws.com/ssafy-square-bucket/static/2023-08-14/test/thumb/a9fe496a-c81b-4efd-83d3-fc00e40cb397',0,0,'2023-08-14 06:13:40','2023-08-14 06:13:40','ON','달달해요 ',0,3),(343,47,161,'토마토 케이크',28000,'https://s3.ap-northeast-2.amazonaws.com/ssafy-square-bucket/static/2023-08-14/test/8c785be7-0853-40ab-8743-9aedfec0cb61','https://s3.ap-northeast-2.amazonaws.com/ssafy-square-bucket/static/2023-08-14/test/thumb/82431602-0aa2-4d05-930a-a075ca8c775d',0,0,'2023-08-14 06:14:18','2023-08-14 06:14:18','ON','어디서나 볼 수 없는 토마토 케이크 !',0,1),(344,47,161,'체리폭탄 케이크 ',35000,'https://s3.ap-northeast-2.amazonaws.com/ssafy-square-bucket/static/2023-08-14/test/d1bfb514-71b7-441e-8b52-84780d7ce1d8','https://s3.ap-northeast-2.amazonaws.com/ssafy-square-bucket/static/2023-08-14/test/thumb/9af222b5-1154-4c67-b73a-ae49f8f3bf33',0,0,'2023-08-14 06:14:48','2023-08-14 06:14:48','ON','엄청 꾸덕한 초코케이크에 체리 토핑',0,2),(345,47,161,'딸기 생크림 3단 케이크',40000,'https://s3.ap-northeast-2.amazonaws.com/ssafy-square-bucket/static/2023-08-14/test/756ad231-083b-4856-ae61-79adbbbce643','https://s3.ap-northeast-2.amazonaws.com/ssafy-square-bucket/static/2023-08-14/test/thumb/3e289b58-3b85-4cac-b8a4-e73b7b5a168b',0,0,'2023-08-14 06:15:35','2023-08-14 06:15:35','ON','특별한 날 먹기 좋아요',0,3),(346,47,161,'마카롱 케이크',48000,'https://s3.ap-northeast-2.amazonaws.com/ssafy-square-bucket/static/2023-08-14/test/cb2fbf87-b2d6-434c-8625-b8374cd700a8','https://s3.ap-northeast-2.amazonaws.com/ssafy-square-bucket/static/2023-08-14/test/thumb/71f2d88e-23f0-4627-bf8a-41c296648515',0,0,'2023-08-14 06:16:17','2023-08-14 06:16:17','ON','달달한 케이크에 마카롱이 6개 올라가요',0,4),(347,47,162,'모카라떼',3600,'https://s3.ap-northeast-2.amazonaws.com/ssafy-square-bucket/static/2023-08-14/test/96fa2c76-ab5c-4ce7-96a2-01c185050275','https://s3.ap-northeast-2.amazonaws.com/ssafy-square-bucket/static/2023-08-14/test/thumb/cca0cff3-3ee3-4946-82cd-b9170308de3b',0,0,'2023-08-14 06:18:50','2023-08-14 06:18:50','ON','',0,2),(348,47,162,'시그니쳐 커피',4200,'https://s3.ap-northeast-2.amazonaws.com/ssafy-square-bucket/static/2023-08-14/test/741d1168-529a-4283-9071-b3eef889ae90','https://s3.ap-northeast-2.amazonaws.com/ssafy-square-bucket/static/2023-08-14/test/thumb/2dacf853-70cc-4ff9-b2df-0a85ead8140d',0,0,'2023-08-14 06:19:21','2023-08-14 06:19:21','ON','우리가게 시그니쳐 라떼',0,1),(349,48,164,'마파두부',8000,'https://s3.ap-northeast-2.amazonaws.com/ssafy-square-bucket/static/2023-08-14/test/72313a11-7b7b-4664-acf0-b768946609ac','https://s3.ap-northeast-2.amazonaws.com/ssafy-square-bucket/static/2023-08-14/test/thumb/b985ca5e-7ed8-4fd2-b089-158dc8b2ba47',0,0,'2023-08-14 06:23:52','2023-08-14 06:23:52','ON','2~3인분',0,1),(350,48,163,'무생채',2500,'https://s3.ap-northeast-2.amazonaws.com/ssafy-square-bucket/static/2023-08-14/test/af9eacde-372d-4cee-9b4d-e1d992e6b0d7','https://s3.ap-northeast-2.amazonaws.com/ssafy-square-bucket/static/2023-08-14/test/thumb/4b9e630a-8310-4c5d-9955-95ad4262348f',0,0,'2023-08-14 06:24:08','2023-08-14 06:24:08','ON','',0,1),(351,48,163,'7종나물 모음',9000,'https://s3.ap-northeast-2.amazonaws.com/ssafy-square-bucket/static/2023-08-14/test/db42bc40-2ff2-4546-be53-1f13acc9b6f5','https://s3.ap-northeast-2.amazonaws.com/ssafy-square-bucket/static/2023-08-14/test/thumb/947135f0-e68a-45db-b4ca-336aa61fe992',0,0,'2023-08-14 06:24:29','2023-08-14 06:24:29','ON','',0,3),(352,48,163,'숙주나물',2500,'https://s3.ap-northeast-2.amazonaws.com/ssafy-square-bucket/static/2023-08-14/test/bce36859-66ce-4e67-a16c-60f2252335aa','https://s3.ap-northeast-2.amazonaws.com/ssafy-square-bucket/static/2023-08-14/test/thumb/85115ee3-b45d-4ea2-bf99-e624196b97de',0,0,'2023-08-14 06:24:51','2023-08-14 06:24:51','ON','',0,2),(353,48,164,'찜닭',13000,'https://s3.ap-northeast-2.amazonaws.com/ssafy-square-bucket/static/2023-08-14/test/35c6d9e5-1ed3-44ee-ac6e-ff03a46ddcc4','https://s3.ap-northeast-2.amazonaws.com/ssafy-square-bucket/static/2023-08-14/test/thumb/b0e87f8c-d05f-4164-aadf-8ae1ad424fa4',0,0,'2023-08-14 06:25:38','2023-08-14 06:25:38','ON','2~3인분',0,3),(354,48,164,'제육볶음',12000,'https://s3.ap-northeast-2.amazonaws.com/ssafy-square-bucket/static/2023-08-14/test/3f602848-4852-4639-b7f3-1dab4e65b0b0','https://s3.ap-northeast-2.amazonaws.com/ssafy-square-bucket/static/2023-08-14/test/thumb/58fc8cbc-eba5-4787-9020-76ce802f1260',0,0,'2023-08-14 06:26:11','2023-08-14 06:26:11','ON','2~3인분',0,2),(355,97,165,'당근주스',4000,'https://s3.ap-northeast-2.amazonaws.com/ssafy-square-bucket/static/2023-08-14/test/1f6e133d-7e69-4e70-8319-88474f078154','https://s3.ap-northeast-2.amazonaws.com/ssafy-square-bucket/static/2023-08-14/test/thumb/f2b87552-3fd3-487e-ad6b-5e9e7853098f',0,0,'2023-08-14 06:31:37','2023-08-14 06:31:37','ON','건강에 좋고 맛도 좋은 당근주스!',0,1),(356,97,165,'사과주스',4500,'https://s3.ap-northeast-2.amazonaws.com/ssafy-square-bucket/static/2023-08-14/test/feccff6b-92b3-4970-ab7e-135da6db67e4','https://s3.ap-northeast-2.amazonaws.com/ssafy-square-bucket/static/2023-08-14/test/thumb/48db5b7b-0410-425d-8221-9b8bbc0d3653',0,0,'2023-08-14 06:32:21','2023-08-14 06:32:21','ON','영양 풍부한 사과 주스!',0,2),(357,97,1,'',0,'https://s3.ap-northeast-2.amazonaws.com/ssafy-square-bucket/static/2023-08-14/test/f21858a0-1b88-4a4c-914d-ceb985c9802c','https://s3.ap-northeast-2.amazonaws.com/ssafy-square-bucket/static/2023-08-14/test/thumb/25e41bbe-b645-4b32-b2c9-f125b61d8953',0,0,'2023-08-14 06:32:47','2023-08-14 06:32:47','OFF','',0,1),(358,97,165,'오렌지주스',5000,'https://s3.ap-northeast-2.amazonaws.com/ssafy-square-bucket/static/2023-08-14/test/28bf7cd2-1632-43d3-ac31-8df655932315','https://s3.ap-northeast-2.amazonaws.com/ssafy-square-bucket/static/2023-08-14/test/thumb/3bf2e08c-7ab7-48fb-a360-1afd5d717aa6',0,0,'2023-08-14 06:33:15','2023-08-14 06:33:15','ON','직접 착즙한 상큼한 오렌지주스',0,3),(359,97,165,'수박주스',5000,'https://s3.ap-northeast-2.amazonaws.com/ssafy-square-bucket/static/2023-08-14/test/786dd651-37e6-4bfd-ac04-aaf96ae089fc','https://s3.ap-northeast-2.amazonaws.com/ssafy-square-bucket/static/2023-08-14/test/thumb/6965135a-6b86-4540-ad74-a989f46d8591',0,0,'2023-08-14 06:33:44','2023-08-14 06:33:44','ON','더운 여름에 생각나는 시원한 수박주스!',0,4),(360,97,165,'토마토주스',5000,'https://s3.ap-northeast-2.amazonaws.com/ssafy-square-bucket/static/2023-08-14/test/8edf4345-f25d-4f6c-8ec4-9a9e11101451','https://s3.ap-northeast-2.amazonaws.com/ssafy-square-bucket/static/2023-08-14/test/thumb/5ac4a3d3-6f5c-4d61-8519-c9447be763e0',0,0,'2023-08-14 06:34:11','2023-08-14 06:34:11','ON','영양도 좋고 맛도 좋은 토마토주스!',0,5),(361,98,168,'바바리안필드',3000,'https://s3.ap-northeast-2.amazonaws.com/ssafy-square-bucket/static/2023-08-14/test/bf0f531e-31f3-47d8-a2f1-783758a238f5','https://s3.ap-northeast-2.amazonaws.com/ssafy-square-bucket/static/2023-08-14/test/thumb/0b7f0179-f82d-4bdc-9293-07b74bde612a',0,0,'2023-08-14 06:35:38','2023-08-14 06:35:38','ON','달콤하고 부드러운 도넛',0,1),(362,98,168,'보스톤크림',3000,'https://s3.ap-northeast-2.amazonaws.com/ssafy-square-bucket/static/2023-08-14/test/d9bb5ab1-5790-4fa8-89f2-879564127af7','https://s3.ap-northeast-2.amazonaws.com/ssafy-square-bucket/static/2023-08-14/test/thumb/9f1f8343-edb0-4390-8453-0fa075acb436',0,0,'2023-08-14 06:35:59','2023-08-14 06:35:59','ON','초코와 슈크림의 만남!',0,2),(363,98,168,'스트로베리필드',3200,'https://s3.ap-northeast-2.amazonaws.com/ssafy-square-bucket/static/2023-08-14/test/8d4d09a6-560f-4a53-947a-b3f2e8a8e9c4','https://s3.ap-northeast-2.amazonaws.com/ssafy-square-bucket/static/2023-08-14/test/thumb/d5a80ba7-2d39-4349-a595-f14d5567a077',0,0,'2023-08-14 06:36:28','2023-08-14 06:36:28','ON','딸기잼이 듬뿍 들어간 도넛',0,3),(364,98,168,'카카오하니딥',3500,'https://s3.ap-northeast-2.amazonaws.com/ssafy-square-bucket/static/2023-08-14/test/0c7ea796-b84b-4a27-8239-ef8be5b26522','https://s3.ap-northeast-2.amazonaws.com/ssafy-square-bucket/static/2023-08-14/test/thumb/a9505e2e-7dd8-4016-a7e1-56213131bcc0',0,0,'2023-08-14 06:36:47','2023-08-14 06:36:47','ON','극강의 초코맛!',0,4),(365,98,168,'페이머스글레이즈드',2500,'https://s3.ap-northeast-2.amazonaws.com/ssafy-square-bucket/static/2023-08-14/test/7760c91a-6338-444c-a882-9459531248e3','https://s3.ap-northeast-2.amazonaws.com/ssafy-square-bucket/static/2023-08-14/test/thumb/e6f1295c-cf27-4484-8f44-d8b6a8f192a1',0,0,'2023-08-14 06:37:06','2023-08-14 06:37:06','ON','무엇이든 클래식이 최고!',0,5),(366,99,170,'아메리카노(Hot)',3000,'https://s3.ap-northeast-2.amazonaws.com/ssafy-square-bucket/static/2023-08-14/test/61bd9c6f-02bd-41ca-88a8-19452e1f72ea','https://s3.ap-northeast-2.amazonaws.com/ssafy-square-bucket/static/2023-08-14/test/thumb/c66eaa75-d9ce-4ac9-bda1-472cf9fe8fcd',0,0,'2023-08-14 06:38:39','2023-08-14 06:38:39','ON','식후에 생각나는 따뜻한 아메리카노!',0,1),(367,99,170,'아메리카노(Ice)',3000,'https://s3.ap-northeast-2.amazonaws.com/ssafy-square-bucket/static/2023-08-14/test/b1de0211-8632-432d-a859-a3a838462135','https://s3.ap-northeast-2.amazonaws.com/ssafy-square-bucket/static/2023-08-14/test/thumb/c43f7f30-b0d0-48ee-b8a7-b35943d623b0',0,0,'2023-08-14 06:39:27','2023-08-14 06:39:27','ON','갈증날 때 생각나는 시원한 아메리카노!',0,2),(368,99,171,'플랫화이트',5000,'https://s3.ap-northeast-2.amazonaws.com/ssafy-square-bucket/static/2023-08-14/test/3db51c60-799e-4b6a-9d91-f0cf8088affa','https://s3.ap-northeast-2.amazonaws.com/ssafy-square-bucket/static/2023-08-14/test/thumb/6845fa9b-b9f9-4277-b3de-57ca6d83b122',0,0,'2023-08-14 06:40:01','2023-08-14 06:40:01','ON','라떼보다 더 고소하고 진한 플랫화이트 :)',0,1),(369,99,169,'카페모카(Hot)',4500,'https://s3.ap-northeast-2.amazonaws.com/ssafy-square-bucket/static/2023-08-14/test/65dad3b8-644b-42d6-bcf7-830ff4217acd','https://s3.ap-northeast-2.amazonaws.com/ssafy-square-bucket/static/2023-08-14/test/thumb/2c6e19da-627c-46a8-bfd4-ac2c3118fc61',0,0,'2023-08-14 06:52:43','2023-08-14 06:52:43','ON','달달한 휘핑이 얹어진 카페모카!',0,1),(370,99,169,'카페모카(Ice)',4500,'https://s3.ap-northeast-2.amazonaws.com/ssafy-square-bucket/static/2023-08-14/test/99425fe0-78bf-4251-b30d-652151b32335','https://s3.ap-northeast-2.amazonaws.com/ssafy-square-bucket/static/2023-08-14/test/thumb/a40aff42-99ac-424c-ac7d-166b26490bb5',0,0,'2023-08-14 06:53:15','2023-08-14 06:53:15','ON','시원하고 달콤한 카페모카!',0,2),(371,100,172,'BLT 샐러드',9000,'https://s3.ap-northeast-2.amazonaws.com/ssafy-square-bucket/static/2023-08-14/test/2781536c-08e8-4963-a124-32c1c1b2703e','https://s3.ap-northeast-2.amazonaws.com/ssafy-square-bucket/static/2023-08-14/test/thumb/f7d92615-3c7b-493d-839f-831ccdc1211c',0,0,'2023-08-14 06:57:47','2023-08-14 06:57:47','ON','베이컨 로메인 토마토가 들어간 대표 샐러드',0,4),(372,100,1,'',0,'https://s3.ap-northeast-2.amazonaws.com/ssafy-square-bucket/static/2023-08-14/test/9fab7607-6e59-4d5a-b870-d6e372072b25','https://s3.ap-northeast-2.amazonaws.com/ssafy-square-bucket/static/2023-08-14/test/thumb/b4661e6a-7ad6-411d-a159-b49e3a42b749',0,0,'2023-08-14 06:58:12','2023-08-14 06:58:12','OFF','',0,1),(373,100,172,'쉬림프샐러드',8000,'https://s3.ap-northeast-2.amazonaws.com/ssafy-square-bucket/static/2023-08-14/test/67c2e9c4-1482-4fed-a88f-9420c241a59d','https://s3.ap-northeast-2.amazonaws.com/ssafy-square-bucket/static/2023-08-14/test/thumb/84413f62-4547-4a4f-a442-2d582a915081',0,0,'2023-08-14 06:58:39','2023-08-14 06:58:39','ON','통통한 새우가 가득!',0,2),(374,49,1,'길거리 토스트',2000,'https://s3.ap-northeast-2.amazonaws.com/ssafy-square-bucket/static/2023-08-14/test/a203832d-193b-40a0-a301-98053ae135aa','https://s3.ap-northeast-2.amazonaws.com/ssafy-square-bucket/static/2023-08-14/test/thumb/b93ccbea-de45-40b1-92a7-6a5ca9622fda',0,0,'2023-08-14 06:58:43','2023-08-14 06:58:43','STOP','두툼한 양배추 계란이 들어간 토스트',0,1),(375,100,1,'',0,'https://s3.ap-northeast-2.amazonaws.com/ssafy-square-bucket/static/2023-08-14/test/8aa5649f-153a-430d-aa94-d38729341a81','https://s3.ap-northeast-2.amazonaws.com/ssafy-square-bucket/static/2023-08-14/test/thumb/f59b80fb-66b7-4d99-ba97-b2557a6b1b6e',0,0,'2023-08-14 06:59:06','2023-08-14 06:59:06','OFF','',0,1),(376,49,1,'바질크림 토스트',4000,'https://s3.ap-northeast-2.amazonaws.com/ssafy-square-bucket/static/2023-08-14/test/a9857868-da49-428f-8cd8-a41a69348a91','https://s3.ap-northeast-2.amazonaws.com/ssafy-square-bucket/static/2023-08-14/test/thumb/a2044063-2b7d-4105-a507-50d54b3cdba6',0,0,'2023-08-14 06:59:14','2023-08-14 06:59:14','STOP','수제 바질크림이 들어간 토스트',0,1),(377,100,172,'에그마요 샐러드',7500,'https://s3.ap-northeast-2.amazonaws.com/ssafy-square-bucket/static/2023-08-14/test/b4f8fe4d-f3fd-43a2-8048-8f7a44b32285','https://s3.ap-northeast-2.amazonaws.com/ssafy-square-bucket/static/2023-08-14/test/thumb/0f7cc754-b152-4bab-9481-5888597a6432',0,0,'2023-08-14 06:59:31','2023-08-14 06:59:31','ON','남녀노소 좋아하는 인기 샐러드!',0,3),(378,49,1,'아보카도 계란 토스트',4000,'https://s3.ap-northeast-2.amazonaws.com/ssafy-square-bucket/static/2023-08-14/test/67f134c8-ee7f-47e2-a171-4f7893fbcbc5','https://s3.ap-northeast-2.amazonaws.com/ssafy-square-bucket/static/2023-08-14/test/thumb/e2c6f504-7515-47d4-a70b-7a2251735663',0,0,'2023-08-14 06:59:36','2023-08-14 06:59:36','STOP','가벼운 아침으로 좋아요',0,1),(379,100,172,'로티세리치킨샐러드',8000,'https://s3.ap-northeast-2.amazonaws.com/ssafy-square-bucket/static/2023-08-14/test/7948bab6-13c2-44de-a4b3-12b8da4f8c7a','https://s3.ap-northeast-2.amazonaws.com/ssafy-square-bucket/static/2023-08-14/test/thumb/84199fae-a8ce-45f4-964b-532083d3f525',0,0,'2023-08-14 07:00:03','2023-08-14 07:00:03','ON','맛있는 치킨이 듬뿍 올라간 샐러드',0,5),(380,49,1,'BLT 샌드위치',5000,'https://s3.ap-northeast-2.amazonaws.com/ssafy-square-bucket/static/2023-08-14/test/261b2620-3f6b-4552-a062-2a7bf77bf05a','https://s3.ap-northeast-2.amazonaws.com/ssafy-square-bucket/static/2023-08-14/test/thumb/8c0295ff-166a-44a4-b628-970327c98345',0,0,'2023-08-14 07:00:12','2023-08-14 07:00:12','STOP','두툼한 재료로 꽉찬 샌드위치',0,1),(381,100,172,'치킨데리야끼샐러드',8500,'https://s3.ap-northeast-2.amazonaws.com/ssafy-square-bucket/static/2023-08-14/test/b225d7b6-a61a-4b77-b7c7-46c699ffdde5','https://s3.ap-northeast-2.amazonaws.com/ssafy-square-bucket/static/2023-08-14/test/thumb/55bb9235-ce85-4219-9e00-cbf4a3504b6b',0,0,'2023-08-14 07:00:41','2023-08-14 07:00:41','ON','달콤한 데리야끼 소스가 버무려진 치킨과 샐러드의 조합!',0,1),(382,50,173,'귤 타르트',2800,'https://s3.ap-northeast-2.amazonaws.com/ssafy-square-bucket/static/2023-08-14/test/814a1378-cb9f-4b4b-81a6-aca2b3d11271','https://s3.ap-northeast-2.amazonaws.com/ssafy-square-bucket/static/2023-08-14/test/thumb/74e8838c-8b29-4308-bcd8-36607f198955',0,0,'2023-08-14 07:04:23','2023-08-14 07:04:23','ON','귤 타르트에요',0,1),(383,101,174,'소지지페스츄리',3000,'https://s3.ap-northeast-2.amazonaws.com/ssafy-square-bucket/static/2023-08-14/test/4902c60f-cfc0-4661-b515-fc0e6853563c','https://s3.ap-northeast-2.amazonaws.com/ssafy-square-bucket/static/2023-08-14/test/thumb/21527393-05d9-4c05-b16a-1c6a741c3823',0,0,'2023-08-14 07:11:04','2023-08-14 07:11:04','ON','통통한 소시지가 통째로!',0,1),(384,101,174,'옥수수콘크림번',2500,'https://s3.ap-northeast-2.amazonaws.com/ssafy-square-bucket/static/2023-08-14/test/a480ae9f-7f2f-4ea1-84c7-aaeb43d6bffa','https://s3.ap-northeast-2.amazonaws.com/ssafy-square-bucket/static/2023-08-14/test/thumb/afb074f0-7f3f-4b9c-9fea-07a4a8079e69',0,0,'2023-08-14 07:11:29','2023-08-14 07:11:29','ON','옥수수와 고소한 크림이 더해진 번',0,2),(385,101,174,'우유모닝롤',1800,'https://s3.ap-northeast-2.amazonaws.com/ssafy-square-bucket/static/2023-08-14/test/7dde5bfd-ea13-4f8d-a01c-14553d824fa0','https://s3.ap-northeast-2.amazonaws.com/ssafy-square-bucket/static/2023-08-14/test/thumb/830a09a1-11c5-4184-834e-09e6764ed05e',0,0,'2023-08-14 07:12:00','2023-08-14 07:12:00','ON','아침에 먹기 좋은 담백한 모닝롤',0,4),(386,101,174,'우유생크림빵',2200,'https://s3.ap-northeast-2.amazonaws.com/ssafy-square-bucket/static/2023-08-14/test/095cba99-a7ac-4931-a813-3430cc0d3ab0','https://s3.ap-northeast-2.amazonaws.com/ssafy-square-bucket/static/2023-08-14/test/thumb/7b36922b-96e8-4835-b7aa-f016cd8a84d6',0,0,'2023-08-14 07:12:35','2023-08-14 07:12:35','ON','빵 안에 생크림이 한 가득!!',0,3),(387,101,174,'츄러스',1800,'https://s3.ap-northeast-2.amazonaws.com/ssafy-square-bucket/static/2023-08-14/test/03d5abfa-2f51-4aa7-a850-3abbd782f292','https://s3.ap-northeast-2.amazonaws.com/ssafy-square-bucket/static/2023-08-14/test/thumb/6a5f70ba-58e0-4856-a728-eb164b8c929e',0,0,'2023-08-14 07:13:13','2023-08-14 07:13:13','ON','달달하고 바삭하고~',0,5),(388,102,175,'날치알주먹밥',4500,'https://s3.ap-northeast-2.amazonaws.com/ssafy-square-bucket/static/2023-08-14/test/3da3964f-9b1e-44dd-a890-5f74891d7d4b','https://s3.ap-northeast-2.amazonaws.com/ssafy-square-bucket/static/2023-08-14/test/thumb/b1a6ae3a-940f-4cbe-96de-7e5b85f0955e',0,0,'2023-08-14 07:15:25','2023-08-14 07:15:25','ON','톡톡 씹히는 날치알이 가득~',0,3),(389,102,175,'멸치주먹밥',5000,'https://s3.ap-northeast-2.amazonaws.com/ssafy-square-bucket/static/2023-08-14/test/6902ee15-96e7-4f80-be9c-e617937091ee','https://s3.ap-northeast-2.amazonaws.com/ssafy-square-bucket/static/2023-08-14/test/thumb/fcf37fb9-126f-4520-af88-cb7e007c733a',0,0,'2023-08-14 07:16:05','2023-08-14 07:16:05','ON','한국인이 사랑하는 매콤함!',0,1),(390,102,1,'',0,'https://s3.ap-northeast-2.amazonaws.com/ssafy-square-bucket/static/2023-08-14/test/26beff2a-3f07-4947-98ec-7d9e460ecde8','https://s3.ap-northeast-2.amazonaws.com/ssafy-square-bucket/static/2023-08-14/test/thumb/55e895de-37eb-4cd7-92b2-d14b8b922e74',0,0,'2023-08-14 07:16:32','2023-08-14 07:16:32','OFF','',0,1),(391,102,175,'참치주먹밥',5500,'https://s3.ap-northeast-2.amazonaws.com/ssafy-square-bucket/static/2023-08-14/test/8567257f-9962-46f6-9ef7-0c795a824839','https://s3.ap-northeast-2.amazonaws.com/ssafy-square-bucket/static/2023-08-14/test/thumb/26297a53-a351-431d-a687-fe63e9034b21',0,0,'2023-08-14 07:16:56','2023-08-14 07:16:56','ON','남녀노소 누구나 좋아하는 참치!',0,2),(392,102,175,'후리가케주먹밥',5000,'https://s3.ap-northeast-2.amazonaws.com/ssafy-square-bucket/static/2023-08-14/test/ef7dd81f-bd04-4e08-b43b-8d607216330b','https://s3.ap-northeast-2.amazonaws.com/ssafy-square-bucket/static/2023-08-14/test/thumb/3473f8af-fd64-4f2b-9629-8d9cce20feeb',0,0,'2023-08-14 07:17:31','2023-08-14 07:17:31','ON','담백하고 감칠맛 좋은 일식 주먹밥',0,4),(393,102,175,'아란치니',8000,'https://s3.ap-northeast-2.amazonaws.com/ssafy-square-bucket/static/2023-08-14/test/87a3ae1c-f6bd-472c-a939-0b9b05dc44e6','https://s3.ap-northeast-2.amazonaws.com/ssafy-square-bucket/static/2023-08-14/test/thumb/55f407e6-e895-4c0a-ac68-15b05e7a490b',0,0,'2023-08-14 07:17:57','2023-08-14 07:17:57','ON','이태리식 튀긴 주먹밥!',0,5),(394,50,176,'치즈케이크',7000,'https://s3.ap-northeast-2.amazonaws.com/ssafy-square-bucket/static/2023-08-14/test/83f79e71-e473-4c38-8374-3acf5fe791dd','https://s3.ap-northeast-2.amazonaws.com/ssafy-square-bucket/static/2023-08-14/test/thumb/8efa93d4-8c8e-4127-ab5e-919ae05858f7',0,0,'2023-08-14 07:19:35','2023-08-14 07:19:35','ON','꾸덕한 치즈케이크',0,1),(395,103,179,'로제떡볶이',15000,'https://s3.ap-northeast-2.amazonaws.com/ssafy-square-bucket/static/2023-08-14/test/d8be8c9a-f77d-43f7-9e8c-232ec8667cfb','https://s3.ap-northeast-2.amazonaws.com/ssafy-square-bucket/static/2023-08-14/test/thumb/73bb05c5-dc2d-474f-a668-86cbcda82e2c',0,0,'2023-08-14 07:20:23','2023-08-14 07:20:23','ON','매콤하고 고소하고 매력넘치는 로제 떡볶이!',0,2),(396,50,177,'카스테라빵',3200,'https://s3.ap-northeast-2.amazonaws.com/ssafy-square-bucket/static/2023-08-14/test/5a8d64e5-f1cb-4745-9f49-a42f482d80b3','https://s3.ap-northeast-2.amazonaws.com/ssafy-square-bucket/static/2023-08-14/test/thumb/20cf0d6a-f946-4203-b8a3-cb61c9768122',0,0,'2023-08-14 07:20:33','2023-08-14 07:20:33','ON','',0,2),(397,103,179,'마라떡볶이',18000,'https://s3.ap-northeast-2.amazonaws.com/ssafy-square-bucket/static/2023-08-14/test/b9297532-b54b-4612-b780-a7fdbab5a743','https://s3.ap-northeast-2.amazonaws.com/ssafy-square-bucket/static/2023-08-14/test/thumb/260b02e3-6a7d-47c0-948b-d63250e32e85',0,0,'2023-08-14 07:20:50','2023-08-14 07:20:50','ON','요즘 대세! 품절대란!',0,3),(398,50,177,'크루와상 샌드위치',4800,'https://s3.ap-northeast-2.amazonaws.com/ssafy-square-bucket/static/2023-08-14/test/a4ba0e7e-1158-43a1-8df8-dad930e0d783','https://s3.ap-northeast-2.amazonaws.com/ssafy-square-bucket/static/2023-08-14/test/thumb/478ffd3b-b584-4ca7-a1db-d34d28eee5e9',0,0,'2023-08-14 07:20:54','2023-08-14 07:20:54','ON','한끼 식사로 좋아요',0,3),(399,50,176,'라즈베리 케이크',8000,'https://s3.ap-northeast-2.amazonaws.com/ssafy-square-bucket/static/2023-08-14/test/cf1623ae-e90f-4a91-b799-2009fa7359a6','https://s3.ap-northeast-2.amazonaws.com/ssafy-square-bucket/static/2023-08-14/test/thumb/fa5818e3-73bb-41df-bc52-c79cc3de5600',0,0,'2023-08-14 07:21:19','2023-08-14 07:21:19','ON','진한 맛!',0,3),(400,50,176,'멜론 케이크',7800,'https://s3.ap-northeast-2.amazonaws.com/ssafy-square-bucket/static/2023-08-14/test/4bae1f27-7e28-4eab-a9ab-b37d557ee98f','https://s3.ap-northeast-2.amazonaws.com/ssafy-square-bucket/static/2023-08-14/test/thumb/d4d1d5cf-69da-44e2-bfd3-7db0ffa930ec',0,0,'2023-08-14 07:21:45','2023-08-14 07:21:45','ON','제철과일로 만든 케이크입니다',0,2),(401,50,177,'마들렌 2종',2200,'https://s3.ap-northeast-2.amazonaws.com/ssafy-square-bucket/static/2023-08-14/test/ea6bb34e-d8e3-44c7-8e90-4b506bd539cf','https://s3.ap-northeast-2.amazonaws.com/ssafy-square-bucket/static/2023-08-14/test/thumb/b188f9e0-4703-4e77-8fc7-e4b305ee6014',0,0,'2023-08-14 07:22:20','2023-08-14 07:22:20','ON','녹차/초코 선택 가능해요',0,1),(402,103,179,'기본떡볶이',15000,'https://s3.ap-northeast-2.amazonaws.com/ssafy-square-bucket/static/2023-08-14/test/63b0ba1f-4eda-4d35-9763-29104577e911','https://s3.ap-northeast-2.amazonaws.com/ssafy-square-bucket/static/2023-08-14/test/thumb/80a92def-e7bc-48fb-b2a1-9d4aae805c1d',0,0,'2023-08-14 07:22:37','2023-08-14 07:22:37','ON','기본이지만 맛은 기본이 아녜요~',0,1),(403,50,178,'쿠키 3종',1500,'https://s3.ap-northeast-2.amazonaws.com/ssafy-square-bucket/static/2023-08-14/test/95c49165-09a9-4025-bf00-666eff912f53','https://s3.ap-northeast-2.amazonaws.com/ssafy-square-bucket/static/2023-08-14/test/thumb/2c7624f7-6829-4e5f-947f-ccc9237f3b8b',0,0,'2023-08-14 07:22:53','2023-08-14 07:22:53','ON','버터/녹차/카카오 선택',0,1),(404,103,179,'짜장떡볶이',16000,'https://s3.ap-northeast-2.amazonaws.com/ssafy-square-bucket/static/2023-08-14/test/3860e2f9-8617-47da-b2a0-27cc039e6337','https://s3.ap-northeast-2.amazonaws.com/ssafy-square-bucket/static/2023-08-14/test/thumb/fbae56e4-a0ea-4468-9cfd-267b1a024f5c',0,0,'2023-08-14 07:23:01','2023-08-14 07:23:01','ON','어서와 짜장떡볶이는 처음이지?',0,4),(405,103,180,'참치마요주먹밥',4500,'https://s3.ap-northeast-2.amazonaws.com/ssafy-square-bucket/static/2023-08-14/test/ef96c198-7a9e-451d-8c14-64a7e6bcf5de','https://s3.ap-northeast-2.amazonaws.com/ssafy-square-bucket/static/2023-08-14/test/thumb/75ed08c6-7b1d-4d31-a6fa-c5153d86ead9',0,0,'2023-08-14 07:23:29','2023-08-14 07:23:29','ON','매콤한 떡볶이에 주먹밥이 빠지면 섭섭하지~',0,2),(406,103,180,'김말이튀김',3000,'https://s3.ap-northeast-2.amazonaws.com/ssafy-square-bucket/static/2023-08-14/test/96c7175c-3da3-4ffc-b193-b2634149f66b','https://s3.ap-northeast-2.amazonaws.com/ssafy-square-bucket/static/2023-08-14/test/thumb/7ed78409-997b-4672-8ae9-f1c7ebec300f',0,0,'2023-08-14 07:24:23','2023-08-14 07:24:23','ON','떡볶이 국물에 찍어먹으면 찰떡궁합을 자랑하는 김말이 튀김!',0,1),(407,103,180,'야채튀김',1500,'https://s3.ap-northeast-2.amazonaws.com/ssafy-square-bucket/static/2023-08-14/test/5469abd5-47a0-4a15-bebd-e92bbd443076','https://s3.ap-northeast-2.amazonaws.com/ssafy-square-bucket/static/2023-08-14/test/thumb/399fb09b-d6b7-4b81-81ca-441c90d04644',0,0,'2023-08-14 07:24:51','2023-08-14 07:24:51','ON','떡볶이 국물과의 극강의 조합을 자랑하는 야채튀김!',0,3),(408,104,181,'당근주스',4000,'https://s3.ap-northeast-2.amazonaws.com/ssafy-square-bucket/static/2023-08-14/test/57217fd3-940c-47dd-89e3-53380a29e0b0','https://s3.ap-northeast-2.amazonaws.com/ssafy-square-bucket/static/2023-08-14/test/thumb/22c5428e-2668-4dd3-a621-689a2fd67f39',0,0,'2023-08-14 07:37:59','2023-08-14 07:37:59','ON','맛과 건강 두 마리 토끼를 동시에!',0,1),(409,51,1,'맛나김밥',3200,'https://s3.ap-northeast-2.amazonaws.com/ssafy-square-bucket/static/2023-08-14/test/6e4aa446-5e29-463b-862c-92062d7138bb','https://s3.ap-northeast-2.amazonaws.com/ssafy-square-bucket/static/2023-08-14/test/thumb/06dfe2ae-1333-425d-aaa3-3e6808863a50',0,0,'2023-08-14 07:38:14','2023-08-14 07:38:14','STOP','기본 김밥',0,1),(410,104,181,'사과주스',4500,'https://s3.ap-northeast-2.amazonaws.com/ssafy-square-bucket/static/2023-08-14/test/4e445547-8ba5-41e1-98bd-2ddd4be30fd6','https://s3.ap-northeast-2.amazonaws.com/ssafy-square-bucket/static/2023-08-14/test/thumb/af9dc54e-8c85-4264-9dd4-5fed9fbbb107',0,0,'2023-08-14 07:38:22','2023-08-14 07:38:22','ON','아침 끼니 대용으로 좋은 사과주스!',0,3),(411,51,1,'참치김밥',4100,'https://s3.ap-northeast-2.amazonaws.com/ssafy-square-bucket/static/2023-08-14/test/fee481c3-4522-48e9-a2c1-d62668a51263','https://s3.ap-northeast-2.amazonaws.com/ssafy-square-bucket/static/2023-08-14/test/thumb/ac4fa62c-b5d5-4fc2-a3f6-c8c4b28dda2e',0,0,'2023-08-14 07:38:46','2023-08-14 07:38:46','STOP','꽉찬 참치김밥',0,1),(412,104,181,'수박주스',5000,'https://s3.ap-northeast-2.amazonaws.com/ssafy-square-bucket/static/2023-08-14/test/4b1a084b-32d1-4929-8516-f7c344cbfa44','https://s3.ap-northeast-2.amazonaws.com/ssafy-square-bucket/static/2023-08-14/test/thumb/8b2de15f-83d0-40b6-a3c0-6924367cdc64',0,0,'2023-08-14 07:38:53','2023-08-14 07:38:53','ON','여름철 생각나는 시원한 수박주스!!',0,2),(413,51,1,'직화제육',8000,'https://s3.ap-northeast-2.amazonaws.com/ssafy-square-bucket/static/2023-08-14/test/040bbf4e-c68b-433c-9f24-6161e46d0e81','https://s3.ap-northeast-2.amazonaws.com/ssafy-square-bucket/static/2023-08-14/test/thumb/4f978601-c10d-455b-8726-eb41c3ecd6ac',0,0,'2023-08-14 07:39:07','2023-08-14 07:39:07','STOP','',0,1),(414,104,181,'오렌지주스',5000,'https://s3.ap-northeast-2.amazonaws.com/ssafy-square-bucket/static/2023-08-14/test/c46d3f92-b22b-421b-b574-05f88c79632d','https://s3.ap-northeast-2.amazonaws.com/ssafy-square-bucket/static/2023-08-14/test/thumb/9b6ff7b3-081e-42dc-bbbb-85e7150c3174',0,0,'2023-08-14 07:39:34','2023-08-14 07:39:34','ON','비타민 듬뿍 들어간 오렌지주스~',0,4),(415,51,1,'튀순김 세트',9000,'https://s3.ap-northeast-2.amazonaws.com/ssafy-square-bucket/static/2023-08-14/test/d267d4a5-7f11-4d83-b2e9-2cc0ed105305','https://s3.ap-northeast-2.amazonaws.com/ssafy-square-bucket/static/2023-08-14/test/thumb/a9adb176-c0f0-490f-9105-57ad93c27e40',0,0,'2023-08-14 07:39:38','2023-08-14 07:39:38','STOP','튀김 3종 + 순대 + 김밥 1줄',0,1),(416,104,181,'토마토주스',5000,'https://s3.ap-northeast-2.amazonaws.com/ssafy-square-bucket/static/2023-08-14/test/cb63871c-d76f-47b8-90a6-c644fa8d99c2','https://s3.ap-northeast-2.amazonaws.com/ssafy-square-bucket/static/2023-08-14/test/thumb/76700442-1b80-4acf-9399-5bc308418d4d',0,0,'2023-08-14 07:40:00','2023-08-14 07:40:00','ON','영양소가 풍부한 토마토주스',0,5),(417,51,1,'떡볶이',4000,'https://s3.ap-northeast-2.amazonaws.com/ssafy-square-bucket/static/2023-08-14/test/bac5e313-e29e-4fb6-b32c-a8026cb83036','https://s3.ap-northeast-2.amazonaws.com/ssafy-square-bucket/static/2023-08-14/test/thumb/9cb26ba4-c363-41c7-8fcf-3d068375a48e',0,0,'2023-08-14 07:40:09','2023-08-14 07:40:09','STOP','쌀 떡볶이',0,1),(418,105,183,'당근케이크',7000,'https://s3.ap-northeast-2.amazonaws.com/ssafy-square-bucket/static/2023-08-14/test/3bcf1237-a7bd-4cf0-acf1-fde1f0f5d809','https://s3.ap-northeast-2.amazonaws.com/ssafy-square-bucket/static/2023-08-14/test/thumb/257dcaab-d92d-4d78-8d5f-9d9d62e88f18',0,0,'2023-08-14 07:42:18','2023-08-14 07:42:18','ON','크림치즈가 듬뿍 들어간 당근케이크',0,1),(419,105,183,'레드벨벳케이크',8000,'https://s3.ap-northeast-2.amazonaws.com/ssafy-square-bucket/static/2023-08-14/test/a560966f-7622-4f63-9f07-8c3b7203b4cf','https://s3.ap-northeast-2.amazonaws.com/ssafy-square-bucket/static/2023-08-14/test/thumb/602742f7-11ed-459c-8bfe-926777d28e7e',0,0,'2023-08-14 07:42:50','2023-08-14 07:42:50','ON','촉촉하고 새콤 달콤한 레드벨벳 케이크!',0,3),(420,105,183,'말차케이크',8000,'https://s3.ap-northeast-2.amazonaws.com/ssafy-square-bucket/static/2023-08-14/test/bfb683e4-1ac7-4f99-a8de-1eab13d2c47f','https://s3.ap-northeast-2.amazonaws.com/ssafy-square-bucket/static/2023-08-14/test/thumb/82292f18-2750-45ce-8e2f-af9b756f9981',0,0,'2023-08-14 07:43:33','2023-08-14 07:43:33','ON','말차 덕후 모여라! 찐득한 말차크림이 가득 들어간 말차케이크',0,2),(421,105,183,'바스크치즈케이크',8500,'https://s3.ap-northeast-2.amazonaws.com/ssafy-square-bucket/static/2023-08-14/test/2f2b68d2-fb00-4042-bb0f-359a9cef4f68','https://s3.ap-northeast-2.amazonaws.com/ssafy-square-bucket/static/2023-08-14/test/thumb/85787309-d298-4eb8-bb1c-a5714070489f',0,0,'2023-08-14 07:44:17','2023-08-14 07:44:17','ON','쫀득한 식감의 바스크 치즈케이크',0,4),(422,105,183,'얼그레이쉬폰케이크',8500,'https://s3.ap-northeast-2.amazonaws.com/ssafy-square-bucket/static/2023-08-14/test/1356d268-4056-40ee-b07e-632de5d78067','https://s3.ap-northeast-2.amazonaws.com/ssafy-square-bucket/static/2023-08-14/test/thumb/6c82d557-9df7-4909-ad0d-37d1ca344635',0,0,'2023-08-14 07:45:01','2023-08-14 07:45:01','ON','향긋한 얼그레이 향이 가득한~',0,5),(423,106,184,'고등어초밥',12000,'https://s3.ap-northeast-2.amazonaws.com/ssafy-square-bucket/static/2023-08-14/test/6de7eca3-7822-42e0-ae4d-307e2c85a345','https://s3.ap-northeast-2.amazonaws.com/ssafy-square-bucket/static/2023-08-14/test/thumb/b273f579-fa8b-434b-adae-ba2cbd102a92',0,0,'2023-08-14 07:51:44','2023-08-14 07:51:44','ON','감칠맛 넘치는 고등어초밥',0,1),(424,106,184,'새우초밥',10000,'https://s3.ap-northeast-2.amazonaws.com/ssafy-square-bucket/static/2023-08-14/test/17212d4c-e7df-40b0-963f-76fba3a15085','https://s3.ap-northeast-2.amazonaws.com/ssafy-square-bucket/static/2023-08-14/test/thumb/6165aacd-f308-4046-8bb7-16166f540568',0,0,'2023-08-14 07:52:11','2023-08-14 07:52:11','ON','남녀노소 호불호 없는 새우초밥',0,2),(425,106,184,'연어초밥',13000,'https://s3.ap-northeast-2.amazonaws.com/ssafy-square-bucket/static/2023-08-14/test/22a20044-d841-44ab-9b28-7430f140f2d9','https://s3.ap-northeast-2.amazonaws.com/ssafy-square-bucket/static/2023-08-14/test/thumb/96ae3895-6c24-4daa-8147-26f9ef3aa90b',0,0,'2023-08-14 07:52:37','2023-08-14 07:52:37','ON','다이어트에도 좋은 연어초밥',0,3),(426,106,184,'전갱이초밥',14000,'https://s3.ap-northeast-2.amazonaws.com/ssafy-square-bucket/static/2023-08-14/test/b22d0872-41b9-4601-b203-a6f937175ede','https://s3.ap-northeast-2.amazonaws.com/ssafy-square-bucket/static/2023-08-14/test/thumb/27e45c9f-a11c-45bd-8f34-e5c4f4981aa3',0,0,'2023-08-14 07:53:13','2023-08-14 07:53:13','ON','매니아 사이에서 사랑받는 전갱이!',0,4),(427,52,185,'떡튀순김 세트',17000,'https://s3.ap-northeast-2.amazonaws.com/ssafy-square-bucket/static/2023-08-14/test/f7e5be83-2c02-45da-a5ca-52d9d74bc45e','https://s3.ap-northeast-2.amazonaws.com/ssafy-square-bucket/static/2023-08-14/test/thumb/dc3baa6c-5e0f-4eeb-babf-e49ad631df4c',0,0,'2023-08-14 07:53:36','2023-08-14 07:53:36','ON','',0,4),(428,106,184,'참치초밥',15000,'https://s3.ap-northeast-2.amazonaws.com/ssafy-square-bucket/static/2023-08-14/test/4b3250e6-3df0-4821-9773-640281860ca3','https://s3.ap-northeast-2.amazonaws.com/ssafy-square-bucket/static/2023-08-14/test/thumb/b0ae834a-a0b1-4df6-bc57-0a851787f652',0,0,'2023-08-14 07:53:42','2023-08-14 07:53:42','ON','신선한 참치가 두툼하게 얹어진 초밥',0,5),(429,52,186,'라면',3200,'https://s3.ap-northeast-2.amazonaws.com/ssafy-square-bucket/static/2023-08-14/test/3a0b9bcc-4d2c-48de-b396-5d85c581879a','https://s3.ap-northeast-2.amazonaws.com/ssafy-square-bucket/static/2023-08-14/test/thumb/a7391675-3742-4bca-b3f0-b56fb557f325',0,0,'2023-08-14 07:53:50','2023-08-14 07:53:50','ON','',0,1),(430,52,185,'찐만두 8개',4000,'https://s3.ap-northeast-2.amazonaws.com/ssafy-square-bucket/static/2023-08-14/test/0d2c1a2d-f9b6-4fe0-b4cf-8184c2e204a9','https://s3.ap-northeast-2.amazonaws.com/ssafy-square-bucket/static/2023-08-14/test/thumb/ebe00b32-80c3-47b6-beb0-6e1b38db4be5',0,0,'2023-08-14 07:54:06','2023-08-14 07:54:06','ON','',0,2),(431,52,186,'라볶이',5000,'https://s3.ap-northeast-2.amazonaws.com/ssafy-square-bucket/static/2023-08-14/test/d9b21d3a-4ecd-4b0f-924c-e52fffe0bff9','https://s3.ap-northeast-2.amazonaws.com/ssafy-square-bucket/static/2023-08-14/test/thumb/4d87ab6c-6d45-4ab9-9832-abd4baddfac3',0,0,'2023-08-14 07:54:29','2023-08-14 07:54:29','ON','',0,2),(432,52,185,'떡볶이',3000,'https://s3.ap-northeast-2.amazonaws.com/ssafy-square-bucket/static/2023-08-14/test/bec126a3-f627-4ecb-9d17-e49edf6c3623','https://s3.ap-northeast-2.amazonaws.com/ssafy-square-bucket/static/2023-08-14/test/thumb/461bf258-9a2a-42c1-adb4-7b5be63f2a8d',0,0,'2023-08-14 07:55:00','2023-08-14 07:55:00','ON','매콤한 쌀떡볶이 입니다',0,1),(433,52,185,'튀김세트',4500,'https://s3.ap-northeast-2.amazonaws.com/ssafy-square-bucket/static/2023-08-14/test/6b9f8161-6aba-4ed5-8e69-dc60a8208a78','https://s3.ap-northeast-2.amazonaws.com/ssafy-square-bucket/static/2023-08-14/test/thumb/ef46b7b1-7f56-48e2-8b77-6e93e116e00e',0,0,'2023-08-14 08:02:32','2023-08-14 08:02:32','ON','',0,3),(434,52,186,'가락우동',6000,'https://s3.ap-northeast-2.amazonaws.com/ssafy-square-bucket/static/2023-08-14/test/ed30a350-933e-4ef1-a77e-bfba23465cd2','https://s3.ap-northeast-2.amazonaws.com/ssafy-square-bucket/static/2023-08-14/test/thumb/a2d52eea-2d21-4e3d-9a15-cd2227657e48',0,0,'2023-08-14 08:03:15','2023-08-14 08:03:15','ON','',0,3),(435,107,187,'로스트치킨샌드위치',8000,'https://s3.ap-northeast-2.amazonaws.com/ssafy-square-bucket/static/2023-08-14/test/9b2b8cbc-6f81-43d9-a340-4be0ef04d1f9','https://s3.ap-northeast-2.amazonaws.com/ssafy-square-bucket/static/2023-08-14/test/thumb/55fad1e1-7f71-4e45-b70a-7163e3923c64',0,0,'2023-08-14 08:10:50','2023-08-14 08:10:50','ON','영양 만점 치킨 샌드위치!',0,2),(436,107,187,'에그마요샌드위치',7500,'https://s3.ap-northeast-2.amazonaws.com/ssafy-square-bucket/static/2023-08-14/test/9fffa4d9-05c4-4cec-9f7a-ff6d03c7ff86','https://s3.ap-northeast-2.amazonaws.com/ssafy-square-bucket/static/2023-08-14/test/thumb/43d2dd0a-9ca6-436b-aae9-1955db8ccece',0,0,'2023-08-14 08:11:19','2023-08-14 08:11:19','ON','남녀노소 좋아하는 에그마요 샌드위치',0,1),(437,107,188,'고구마슈크림빵',3500,'https://s3.ap-northeast-2.amazonaws.com/ssafy-square-bucket/static/2023-08-14/test/d88b134b-a45e-44b3-bd54-68e1bff35bdf','https://s3.ap-northeast-2.amazonaws.com/ssafy-square-bucket/static/2023-08-14/test/thumb/2f9c8e54-5b6b-4020-b40d-94f56c184b83',0,0,'2023-08-14 08:11:50','2023-08-14 08:11:50','ON','고소하고 담백하고 달콤한 빵!',0,3),(438,107,188,'플레인베이글',3500,'https://s3.ap-northeast-2.amazonaws.com/ssafy-square-bucket/static/2023-08-14/test/30d476f5-0b40-4353-83af-5353b7499ab4','https://s3.ap-northeast-2.amazonaws.com/ssafy-square-bucket/static/2023-08-14/test/thumb/66caaa61-e3ea-4561-9eec-2aaaab1474e1',0,0,'2023-08-14 08:12:22','2023-08-14 08:12:22','ON','크림치즈 곁들여 먹으면 극락!',0,1),(439,107,188,'소보루빵',2000,'https://s3.ap-northeast-2.amazonaws.com/ssafy-square-bucket/static/2023-08-14/test/12deeacd-8992-42c1-8e31-4f78e82db33e','https://s3.ap-northeast-2.amazonaws.com/ssafy-square-bucket/static/2023-08-14/test/thumb/8b633d27-6732-461d-8bbe-17de7d7e3744',0,0,'2023-08-14 08:12:51','2023-08-14 08:12:51','ON','추억의 소보루빵!',0,2),(440,53,189,'모둠튀김',12000,'https://s3.ap-northeast-2.amazonaws.com/ssafy-square-bucket/static/2023-08-14/test/cad1f1ab-be7a-44a8-8f66-60cc45c3b91b','https://s3.ap-northeast-2.amazonaws.com/ssafy-square-bucket/static/2023-08-14/test/thumb/78e1b67a-a1e5-4a95-8479-ccbfece87f46',0,0,'2023-08-14 08:25:23','2023-08-14 08:25:23','ON','김말이, 단호박, 고구마, 오징어, 고추, 야채',0,2),(441,53,189,'떡튀순김',17000,'https://s3.ap-northeast-2.amazonaws.com/ssafy-square-bucket/static/2023-08-14/test/db89f042-b74b-410f-a37a-86c213c31273','https://s3.ap-northeast-2.amazonaws.com/ssafy-square-bucket/static/2023-08-14/test/thumb/31f67d69-89e8-41a6-82f0-e7cb78ad8ddf',0,0,'2023-08-14 08:25:57','2023-08-14 08:25:57','ON','바삭한 튀김과 매콤한 떡볶이',0,3),(442,53,190,'일반김밥',2800,'https://s3.ap-northeast-2.amazonaws.com/ssafy-square-bucket/static/2023-08-14/test/8bf3fe34-2df3-4250-a2e3-553823456b3b','https://s3.ap-northeast-2.amazonaws.com/ssafy-square-bucket/static/2023-08-14/test/thumb/f66bb7c6-5ca8-4e5f-bae8-567ac9a8208c',0,0,'2023-08-14 08:26:25','2023-08-14 08:26:25','ON','',0,1),(443,53,190,'치즈김밥',3200,'https://s3.ap-northeast-2.amazonaws.com/ssafy-square-bucket/static/2023-08-14/test/383306f2-6900-49d0-b759-9d562935f8f3','https://s3.ap-northeast-2.amazonaws.com/ssafy-square-bucket/static/2023-08-14/test/thumb/ca190e94-5662-4b59-bc2e-fb0cd81cca8d',0,0,'2023-08-14 08:26:44','2023-08-14 08:26:44','ON','',0,2),(444,53,190,'참치김밥',3500,'https://s3.ap-northeast-2.amazonaws.com/ssafy-square-bucket/static/2023-08-14/test/e5c69cbd-0038-41d1-a3fe-d434b9f2762a','https://s3.ap-northeast-2.amazonaws.com/ssafy-square-bucket/static/2023-08-14/test/thumb/05e97a08-e369-48ed-997f-b13bd80e822f',0,0,'2023-08-14 08:27:11','2023-08-14 08:27:11','ON','',0,3),(445,53,190,'날치알김밥',3700,'https://s3.ap-northeast-2.amazonaws.com/ssafy-square-bucket/static/2023-08-14/test/64dccecb-1259-474c-9ae8-5146bfac61ba','https://s3.ap-northeast-2.amazonaws.com/ssafy-square-bucket/static/2023-08-14/test/thumb/d4cdde75-3bec-49ca-9e5d-47b3d6294ebd',0,0,'2023-08-14 08:27:42','2023-08-14 08:27:42','ON','',0,4),(446,53,190,'소세지김밥',4000,'https://s3.ap-northeast-2.amazonaws.com/ssafy-square-bucket/static/2023-08-14/test/ed5753d2-a1d7-4269-abdb-c73ba2647d55','https://s3.ap-northeast-2.amazonaws.com/ssafy-square-bucket/static/2023-08-14/test/thumb/05bb6d71-11b1-49b9-b4d4-f089a4610329',0,0,'2023-08-14 08:28:49','2023-08-14 08:28:49','ON','커다란 소세지 하나가 통째로 !',0,5),(447,53,189,'떡볶이',3500,'https://s3.ap-northeast-2.amazonaws.com/ssafy-square-bucket/static/2023-08-14/test/deb84294-c1da-49a9-9a9a-93f21482d554','https://s3.ap-northeast-2.amazonaws.com/ssafy-square-bucket/static/2023-08-14/test/thumb/c64e966f-253b-4f3d-8ca7-510d2d2ea19f',0,0,'2023-08-14 08:29:21','2023-08-14 08:29:21','ON','매콤한 떡볶이',0,1),(448,54,192,'순대',4000,'https://s3.ap-northeast-2.amazonaws.com/ssafy-square-bucket/static/2023-08-14/test/f547c7db-bbd1-4f8c-9c17-e441762670c8','https://s3.ap-northeast-2.amazonaws.com/ssafy-square-bucket/static/2023-08-14/test/thumb/b391ec2e-74a4-477b-8d69-004b8af63eb7',0,0,'2023-08-14 08:33:59','2023-08-14 08:33:59','ON','',0,3),(449,54,192,'쌀떡볶이',3500,'https://s3.ap-northeast-2.amazonaws.com/ssafy-square-bucket/static/2023-08-14/test/1c1cb7dc-fa08-4643-94a0-05e30b75d829','https://s3.ap-northeast-2.amazonaws.com/ssafy-square-bucket/static/2023-08-14/test/thumb/df7c4412-7d90-4c7e-a2f2-0ba5facb61a9',0,0,'2023-08-14 08:34:25','2023-08-14 08:34:25','ON','',0,1),(450,54,192,'모둠튀김',5000,'https://s3.ap-northeast-2.amazonaws.com/ssafy-square-bucket/static/2023-08-14/test/a8f1d20d-c80f-43e7-920f-396635712757','https://s3.ap-northeast-2.amazonaws.com/ssafy-square-bucket/static/2023-08-14/test/thumb/5d7ec0ae-1038-49bb-92d2-eba956062e76',0,0,'2023-08-14 08:42:42','2023-08-14 08:42:42','ON','튀김 3종을 골라 요청사항에 적어주세요',0,2),(451,54,191,'물냉면',7000,'https://s3.ap-northeast-2.amazonaws.com/ssafy-square-bucket/static/2023-08-14/test/3cf78756-9fa9-4e39-be41-1248fbe17916','https://s3.ap-northeast-2.amazonaws.com/ssafy-square-bucket/static/2023-08-14/test/thumb/53b09034-b3c7-4459-80e0-7c6d88e09d4d',0,0,'2023-08-14 08:44:44','2023-08-14 08:44:44','ON','시원한 물냉면',0,1),(452,54,191,'비빔냉면',7000,'https://s3.ap-northeast-2.amazonaws.com/ssafy-square-bucket/static/2023-08-14/test/6af6dc6c-af74-440b-a374-f5fda8027d02','https://s3.ap-northeast-2.amazonaws.com/ssafy-square-bucket/static/2023-08-14/test/thumb/3ef0e32d-17c1-4307-bb2a-d2257f008e45',0,0,'2023-08-14 08:45:02','2023-08-14 08:45:02','ON','매콤한 비빔냉면',0,2),(453,54,191,'칼국수',6500,'https://s3.ap-northeast-2.amazonaws.com/ssafy-square-bucket/static/2023-08-14/test/20184364-62ce-4d96-bbb8-89acfa2359d9','https://s3.ap-northeast-2.amazonaws.com/ssafy-square-bucket/static/2023-08-14/test/thumb/9d392183-7c7c-4a0c-a1c8-620b3c793776',0,0,'2023-08-14 08:45:23','2023-08-14 08:45:23','ON','',0,4),(454,54,193,'순두부찌개',6500,'https://s3.ap-northeast-2.amazonaws.com/ssafy-square-bucket/static/2023-08-14/test/44edcfca-df6d-4396-a5f0-221fc697cbdc','https://s3.ap-northeast-2.amazonaws.com/ssafy-square-bucket/static/2023-08-14/test/thumb/685caa50-5f18-478d-b99b-f2a262ff1f42',0,0,'2023-08-14 08:45:47','2023-08-14 08:45:47','ON','',0,2),(455,54,193,'된장찌개',6500,'https://s3.ap-northeast-2.amazonaws.com/ssafy-square-bucket/static/2023-08-14/test/15487504-cf8c-4e57-b1a6-88920e1afc2f','https://s3.ap-northeast-2.amazonaws.com/ssafy-square-bucket/static/2023-08-14/test/thumb/ece96420-26f8-4353-a831-0374943d2f7a',0,0,'2023-08-14 08:46:12','2023-08-14 08:46:12','ON','',0,1),(456,54,191,'비빔쫄면',7000,'https://s3.ap-northeast-2.amazonaws.com/ssafy-square-bucket/static/2023-08-14/test/ad0f505c-637a-4070-9e6e-493616ef01ef','https://s3.ap-northeast-2.amazonaws.com/ssafy-square-bucket/static/2023-08-14/test/thumb/18e5551e-c0f3-48f4-bcad-649993bfa7d5',0,0,'2023-08-14 08:46:44','2023-08-14 08:46:44','ON','비빔쫄면 !',0,3),(457,55,195,'카스테라 빵',2800,'https://s3.ap-northeast-2.amazonaws.com/ssafy-square-bucket/static/2023-08-14/test/5d48c175-a9f5-453e-b4be-6571c8ec820e','https://s3.ap-northeast-2.amazonaws.com/ssafy-square-bucket/static/2023-08-14/test/thumb/8f4d089a-e510-4ae7-ac60-5b8a157c18c7',0,0,'2023-08-14 08:48:21','2023-08-14 08:48:21','ON','',0,2),(458,55,195,'먹물소금빵',2000,'https://s3.ap-northeast-2.amazonaws.com/ssafy-square-bucket/static/2023-08-14/test/19217d3f-e3ec-40b4-b1a0-fc28fa59433e','https://s3.ap-northeast-2.amazonaws.com/ssafy-square-bucket/static/2023-08-14/test/thumb/b172d831-0b19-4284-98ec-029a9d47f10a',0,0,'2023-08-14 08:48:41','2023-08-14 08:48:41','ON','',0,1),(459,55,194,'우유크림 케이크',7000,'https://s3.ap-northeast-2.amazonaws.com/ssafy-square-bucket/static/2023-08-14/test/fe362cb4-8bd6-44c3-8dc3-96b7f3092a62','https://s3.ap-northeast-2.amazonaws.com/ssafy-square-bucket/static/2023-08-14/test/thumb/0e588512-d376-4df5-b895-5876fb7e4494',0,0,'2023-08-14 08:49:03','2023-08-14 08:49:03','ON','',0,2),(460,55,194,'초코 생크림 케이크',8000,'https://s3.ap-northeast-2.amazonaws.com/ssafy-square-bucket/static/2023-08-14/test/1891ca07-8e00-4c5e-8e9d-f0c04935b58c','https://s3.ap-northeast-2.amazonaws.com/ssafy-square-bucket/static/2023-08-14/test/thumb/12569893-af1b-4426-997a-e49ad0984ea9',0,0,'2023-08-14 08:49:21','2023-08-14 08:49:21','ON','',0,3),(461,55,194,'치즈 케이크',7000,'https://s3.ap-northeast-2.amazonaws.com/ssafy-square-bucket/static/2023-08-14/test/b606152b-fc01-4785-8b77-547e99143d6b','https://s3.ap-northeast-2.amazonaws.com/ssafy-square-bucket/static/2023-08-14/test/thumb/d190d061-2def-40dd-abc6-674ebaed2808',0,0,'2023-08-14 08:49:40','2023-08-14 08:49:40','ON','',0,4),(462,55,195,'젤라또 크로플',7000,'https://s3.ap-northeast-2.amazonaws.com/ssafy-square-bucket/static/2023-08-14/test/8a0d8e8b-5e86-4e24-8a48-a174f0fa64f1','https://s3.ap-northeast-2.amazonaws.com/ssafy-square-bucket/static/2023-08-14/test/thumb/741aa694-ecfa-4d5c-acdb-d3abdc1ffa49',0,0,'2023-08-14 08:50:05','2023-08-14 08:50:05','ON','',0,3),(463,55,194,'조각케이크 6조각',40000,'https://s3.ap-northeast-2.amazonaws.com/ssafy-square-bucket/static/2023-08-14/test/0ecc8287-83e2-4bf9-815a-57329094934e','https://s3.ap-northeast-2.amazonaws.com/ssafy-square-bucket/static/2023-08-14/test/thumb/0c40d203-2d0d-4107-b8ed-6738e7114274',0,0,'2023-08-14 08:51:20','2023-08-14 08:51:20','ON','6종 골라서 요청사항에 적어주세요',0,5),(464,55,194,'멜론 케이크',7000,'https://s3.ap-northeast-2.amazonaws.com/ssafy-square-bucket/static/2023-08-14/test/f22e5d92-a562-4602-8ec5-e1a480898d6f','https://s3.ap-northeast-2.amazonaws.com/ssafy-square-bucket/static/2023-08-14/test/thumb/1c7986db-1766-452b-aa8f-5b8db3b4f193',0,0,'2023-08-14 08:51:36','2023-08-14 08:51:36','ON','',0,1),(465,56,196,'건강 샐러드',9000,'https://s3.ap-northeast-2.amazonaws.com/ssafy-square-bucket/static/2023-08-14/test/228d4f2d-2eb5-4b22-b807-764559ffaf77','https://s3.ap-northeast-2.amazonaws.com/ssafy-square-bucket/static/2023-08-14/test/thumb/4a665be2-dea9-4071-b5f1-9ba3e107e6bb',0,0,'2023-08-14 08:52:40','2023-08-14 08:52:40','ON','',0,2),(466,56,196,'연어샐러드',17000,'https://s3.ap-northeast-2.amazonaws.com/ssafy-square-bucket/static/2023-08-14/test/7dbb9785-120e-4c92-b153-269dfdb81fe6','https://s3.ap-northeast-2.amazonaws.com/ssafy-square-bucket/static/2023-08-14/test/thumb/d326235e-0d5e-4ae7-bc2e-a9fe811ff4bc',0,0,'2023-08-14 11:10:28','2023-08-14 11:10:28','ON','연어 샐러드입니다 !',0,4),(467,56,196,'과일샐러드',5000,'https://s3.ap-northeast-2.amazonaws.com/ssafy-square-bucket/static/2023-08-14/test/0f2977db-0dd8-4803-99ab-7f2f96a278fa','https://s3.ap-northeast-2.amazonaws.com/ssafy-square-bucket/static/2023-08-14/test/thumb/8af1c3ce-b39a-46ae-adff-4885ef571edc',0,0,'2023-08-14 11:10:59','2023-08-14 11:10:59','ON','다양한 과일을 한번에 먹을 수 있어요',0,1),(468,56,196,'콥샐러드',21000,'https://s3.ap-northeast-2.amazonaws.com/ssafy-square-bucket/static/2023-08-14/test/7292645b-6eb8-49a8-9706-0f3765657feb','https://s3.ap-northeast-2.amazonaws.com/ssafy-square-bucket/static/2023-08-14/test/thumb/d21b1b5d-d3c2-41a1-84a7-0ad9d2609f29',0,0,'2023-08-14 11:11:39','2023-08-14 11:11:39','ON','우리가게 시그니쳐 메뉴 !!!',0,5),(469,56,197,'햄치즈토스트',5000,'https://s3.ap-northeast-2.amazonaws.com/ssafy-square-bucket/static/2023-08-14/test/020b79cc-9bac-4780-84c2-92b398cf419e','https://s3.ap-northeast-2.amazonaws.com/ssafy-square-bucket/static/2023-08-14/test/thumb/225910e5-6de0-4dd9-8859-480d91748f49',0,0,'2023-08-14 11:12:37','2023-08-14 11:12:37','ON','속이 꽉 찼어요',0,1),(470,56,196,'두부샐러드',11000,'https://s3.ap-northeast-2.amazonaws.com/ssafy-square-bucket/static/2023-08-14/test/ae4d174d-671f-4c36-864b-9ccaf88083d4','https://s3.ap-northeast-2.amazonaws.com/ssafy-square-bucket/static/2023-08-14/test/thumb/9380dfa8-5173-48ed-8269-ece39ffd8c09',0,0,'2023-08-14 11:13:23','2023-08-14 11:13:23','ON','단백질 가득',0,3),(471,56,197,'크루와상 샌드위치',6000,'https://s3.ap-northeast-2.amazonaws.com/ssafy-square-bucket/static/2023-08-14/test/b5a0ecd0-3470-4e34-9435-b188e2a9a7c5','https://s3.ap-northeast-2.amazonaws.com/ssafy-square-bucket/static/2023-08-14/test/thumb/e93ab84e-b974-4164-a628-6caa998d5476',0,0,'2023-08-14 11:14:01','2023-08-14 11:14:01','ON','총 2개가 들어가요',0,2),(472,108,199,'떡볶이',15000,'https://s3.ap-northeast-2.amazonaws.com/ssafy-square-bucket/static/2023-08-14/test/59066fac-9d78-43ea-a0ae-96274fbc349d','https://s3.ap-northeast-2.amazonaws.com/ssafy-square-bucket/static/2023-08-14/test/thumb/f72846de-8d56-4036-a67b-035b1f9c5a84',0,0,'2023-08-14 11:47:55','2023-08-14 11:47:55','ON','매콤 달콤 떡볶이!',0,1),(473,108,198,'물냉면',10000,'https://s3.ap-northeast-2.amazonaws.com/ssafy-square-bucket/static/2023-08-14/test/24ea8a58-7619-4f15-b2ca-da2fc833517a','https://s3.ap-northeast-2.amazonaws.com/ssafy-square-bucket/static/2023-08-14/test/thumb/29c3b0f2-0a36-4215-a61d-90273e009eb6',0,0,'2023-08-14 11:50:04','2023-08-14 11:50:04','ON','살얼음 동동 물냉면!~',0,1),(474,108,198,'비빔냉면',10000,'https://s3.ap-northeast-2.amazonaws.com/ssafy-square-bucket/static/2023-08-14/test/b97e4ff5-1c8d-4d51-8caa-cc1ea5648f18','https://s3.ap-northeast-2.amazonaws.com/ssafy-square-bucket/static/2023-08-14/test/thumb/9f9a616e-d13b-4afd-b976-b04e52cae62c',0,0,'2023-08-14 11:50:27','2023-08-14 11:50:27','ON','매콤 새콤한 비빔냉면~!',0,2),(475,108,200,'찐만두',10000,'https://s3.ap-northeast-2.amazonaws.com/ssafy-square-bucket/static/2023-08-14/test/b6be40e7-1b31-4dae-8948-5bf62716dea7','https://s3.ap-northeast-2.amazonaws.com/ssafy-square-bucket/static/2023-08-14/test/thumb/d44810cf-28f7-46a1-81ee-943a554b58ca',0,0,'2023-08-14 11:51:13','2023-08-14 11:51:13','ON','냉면과 같이 먹으면 찰떡궁합!',0,2),(476,108,200,'새우만두',12000,'https://s3.ap-northeast-2.amazonaws.com/ssafy-square-bucket/static/2023-08-14/test/4eb2ad04-3255-4e3f-9329-ddee5ee1b26b','https://s3.ap-northeast-2.amazonaws.com/ssafy-square-bucket/static/2023-08-14/test/thumb/1873a341-8855-44ed-b9a9-25324bb174ff',0,0,'2023-08-14 11:51:40','2023-08-14 11:51:40','ON','우리집 대표 만두 새우만두',0,1),(477,108,201,'오징어튀김',3000,'https://s3.ap-northeast-2.amazonaws.com/ssafy-square-bucket/static/2023-08-14/test/f87ac3b5-4513-4837-a5bd-bb89a5b53a47','https://s3.ap-northeast-2.amazonaws.com/ssafy-square-bucket/static/2023-08-14/test/thumb/dfd83a42-501c-4a82-9de0-1b6e33b8f2c3',0,0,'2023-08-14 11:52:29','2023-08-14 11:52:29','ON','통통한 오징어가 쏙 들어있는 오징어튀김!',0,1),(478,109,202,'참치샐러드',9000,'https://s3.ap-northeast-2.amazonaws.com/ssafy-square-bucket/static/2023-08-14/test/f7cb7b92-09ac-40f7-8103-e5ccb8a651eb','https://s3.ap-northeast-2.amazonaws.com/ssafy-square-bucket/static/2023-08-14/test/thumb/7f560d2b-560b-445a-8cdc-5935703a1f32',0,0,'2023-08-14 11:54:19','2023-08-14 11:54:19','ON','우리가게 시그니쳐 메뉴!',0,1),(479,109,202,'치킨데리야끼샐러드',9000,'https://s3.ap-northeast-2.amazonaws.com/ssafy-square-bucket/static/2023-08-14/test/f867e45b-2572-4975-ab5d-b6d9c4938523','https://s3.ap-northeast-2.amazonaws.com/ssafy-square-bucket/static/2023-08-14/test/thumb/9ba8efbc-4606-4bae-a2c9-77f3a2e0b632',0,0,'2023-08-14 11:54:49','2023-08-14 11:54:49','ON','치킨과 샐러드의 환상 조합!',0,2),(480,109,202,'햄샐러드',8000,'https://s3.ap-northeast-2.amazonaws.com/ssafy-square-bucket/static/2023-08-14/test/fb40c3c7-2a4c-4ed3-8b0f-06d8dad83727','https://s3.ap-northeast-2.amazonaws.com/ssafy-square-bucket/static/2023-08-14/test/thumb/31eb2395-520a-49b6-a80c-db7416214fe2',0,0,'2023-08-14 12:05:11','2023-08-14 12:05:11','ON','이태리 햄이 듬뿍 들어간 샐러드',0,3),(481,109,202,'쉬림프샐러드',9000,'https://s3.ap-northeast-2.amazonaws.com/ssafy-square-bucket/static/2023-08-14/test/ccd9be84-f252-4587-b5eb-aac5bd21a80d','https://s3.ap-northeast-2.amazonaws.com/ssafy-square-bucket/static/2023-08-14/test/thumb/59455de1-7730-4a31-ae77-391eb8f66046',0,0,'2023-08-14 12:05:31','2023-08-14 12:05:31','ON','남녀노소 누구나 좋아하는 쉬림프샐러드!',0,4),(482,109,202,'스테이크치즈샐러드',10000,'https://s3.ap-northeast-2.amazonaws.com/ssafy-square-bucket/static/2023-08-14/test/2a799ba3-dc40-4482-8267-d21818bc2004','https://s3.ap-northeast-2.amazonaws.com/ssafy-square-bucket/static/2023-08-14/test/thumb/e3e8a03a-d37a-4a56-972a-89809305af96',0,0,'2023-08-14 12:05:53','2023-08-14 12:05:53','ON','스테이크와 치즈가 듬뿍 들어간 샐러드~',0,5),(483,110,203,'로제떡볶이',15000,'https://s3.ap-northeast-2.amazonaws.com/ssafy-square-bucket/static/2023-08-14/test/dd0712ca-38de-4241-8f55-f9f2fe47119e','https://s3.ap-northeast-2.amazonaws.com/ssafy-square-bucket/static/2023-08-14/test/thumb/7f949de4-fad4-4204-a970-f2e9b030ab32',0,0,'2023-08-14 12:52:11','2023-08-14 12:52:11','ON','부드러운 로제소스와 매콤한 떡볶이 양념이 만나 환상의 맛!!',0,1),(484,110,203,'마라떡볶이',16000,'https://s3.ap-northeast-2.amazonaws.com/ssafy-square-bucket/static/2023-08-14/test/4963e207-7f78-4467-a65a-df49563af1cc','https://s3.ap-northeast-2.amazonaws.com/ssafy-square-bucket/static/2023-08-14/test/thumb/3f105e12-7368-49cc-8b3f-6cc1dfa4e961',0,0,'2023-08-14 12:53:17','2023-08-14 12:53:17','ON','대 세 메 뉴!',0,2),(485,110,204,'야채튀김',1500,'https://s3.ap-northeast-2.amazonaws.com/ssafy-square-bucket/static/2023-08-14/test/5069f7a3-806e-476b-b6e0-156b24971a8d','https://s3.ap-northeast-2.amazonaws.com/ssafy-square-bucket/static/2023-08-14/test/thumb/2e1ec539-07ea-4b40-8578-19ed356c9fac',0,0,'2023-08-14 13:02:20','2023-08-14 13:02:20','ON','국물과 환상 궁합!',0,1),(486,110,204,'오뎅튀김',2000,'https://s3.ap-northeast-2.amazonaws.com/ssafy-square-bucket/static/2023-08-14/test/30ec0f2a-2eee-4606-bcc5-88c1cc05f356','https://s3.ap-northeast-2.amazonaws.com/ssafy-square-bucket/static/2023-08-14/test/thumb/1d4780ab-0b5f-4382-8580-6ebdeb7724fc',0,0,'2023-08-14 13:02:54','2023-08-14 13:02:54','ON','어서와 오뎅튀김은 처음이지?',0,2),(487,110,204,'김말이튀김',1600,'https://s3.ap-northeast-2.amazonaws.com/ssafy-square-bucket/static/2023-08-14/test/5918db47-fd64-4281-8f00-917d7e44bc4c','https://s3.ap-northeast-2.amazonaws.com/ssafy-square-bucket/static/2023-08-14/test/thumb/b9d01fef-7fc4-429f-9ab0-8ad8d8856c13',0,0,'2023-08-14 13:03:18','2023-08-14 13:03:18','ON','김말이튀김도 빠질 수 없지!',0,3),(488,111,206,'카스테라',3000,'https://s3.ap-northeast-2.amazonaws.com/ssafy-square-bucket/static/2023-08-14/test/c4a932a0-8feb-4f59-bb46-0e3bd13e8882','https://s3.ap-northeast-2.amazonaws.com/ssafy-square-bucket/static/2023-08-14/test/thumb/c45956e1-6101-4c05-8e4d-bfae846e95ae',0,0,'2023-08-14 13:08:54','2023-08-14 13:08:54','ON','부드러운 카스테라~',0,3),(489,111,206,'츄러스',1500,'https://s3.ap-northeast-2.amazonaws.com/ssafy-square-bucket/static/2023-08-14/test/66857880-1692-42e1-91d6-fe8390b1dad9','https://s3.ap-northeast-2.amazonaws.com/ssafy-square-bucket/static/2023-08-14/test/thumb/fd8125d7-9d3d-42b1-93d0-ebbb44a6e42e',0,0,'2023-08-14 13:09:14','2023-08-14 13:09:14','ON','바삭하고 달콤한 츄러스~',0,2),(490,111,207,'프렌치바게트',2000,'https://s3.ap-northeast-2.amazonaws.com/ssafy-square-bucket/static/2023-08-14/test/ba019781-feed-463a-8904-4286c308c0e1','https://s3.ap-northeast-2.amazonaws.com/ssafy-square-bucket/static/2023-08-14/test/thumb/c9761964-4ae6-49fd-9a17-116aeabf8951',0,0,'2023-08-14 13:09:35','2023-08-14 13:09:35','ON','바게트의 진수!',0,1),(491,111,206,'밤식빵',4000,'https://s3.ap-northeast-2.amazonaws.com/ssafy-square-bucket/static/2023-08-14/test/cfd048c6-c02c-4ab5-bcd6-15fb05fd3235','https://s3.ap-northeast-2.amazonaws.com/ssafy-square-bucket/static/2023-08-14/test/thumb/0a93ef96-d5d7-4c4d-9f4c-292d52340895',0,0,'2023-08-14 13:10:03','2023-08-14 13:10:03','ON','추억의 밤식빵',0,1),(492,111,205,'블랙올리브치즈베이글',2800,'https://s3.ap-northeast-2.amazonaws.com/ssafy-square-bucket/static/2023-08-14/test/be58eb03-d63e-43ba-999e-f0eec4ff4d16','https://s3.ap-northeast-2.amazonaws.com/ssafy-square-bucket/static/2023-08-14/test/thumb/350f6402-7826-4c1e-8038-82d27c04b905',0,0,'2023-08-14 13:10:35','2023-08-14 13:10:35','ON','풍미 가득한 베이글!',0,1),(493,112,208,'소보루빵',3000,'https://s3.ap-northeast-2.amazonaws.com/ssafy-square-bucket/static/2023-08-14/test/f191ff7d-8053-4590-ba0b-ff387297cbbb','https://s3.ap-northeast-2.amazonaws.com/ssafy-square-bucket/static/2023-08-14/test/thumb/53ba92a3-32ff-4b6f-bea4-4b167256f238',0,0,'2023-08-14 13:15:57','2023-08-14 13:15:57','ON','추억의 소보루빵',0,1),(494,112,208,'소보루완두앙금빵',1500,'https://s3.ap-northeast-2.amazonaws.com/ssafy-square-bucket/static/2023-08-14/test/cb6cad65-38b9-4f47-995a-59d0df1a3204','https://s3.ap-northeast-2.amazonaws.com/ssafy-square-bucket/static/2023-08-14/test/thumb/5abc199e-51f5-45a3-8e70-62f1db35d09a',0,0,'2023-08-14 13:16:21','2023-08-14 13:16:21','ON','추억의 소보루완두앙금빵~',0,2),(495,112,209,'소시지빵',1800,'https://s3.ap-northeast-2.amazonaws.com/ssafy-square-bucket/static/2023-08-14/test/ae402bf4-ec8a-43a0-b894-c88c81970905','https://s3.ap-northeast-2.amazonaws.com/ssafy-square-bucket/static/2023-08-14/test/thumb/4657a434-b353-44e4-b8af-a6378a0f5192',0,0,'2023-08-14 13:16:40','2023-08-14 13:16:40','ON','추억의 소시지빵~',0,1),(496,112,209,'소시지페스츄리',2600,'https://s3.ap-northeast-2.amazonaws.com/ssafy-square-bucket/static/2023-08-14/test/e40c11c9-8484-41e3-927f-cf8b5adb587e','https://s3.ap-northeast-2.amazonaws.com/ssafy-square-bucket/static/2023-08-14/test/thumb/f9b684ae-05f4-4251-99f3-10d30c9c2a07',0,0,'2023-08-14 13:17:01','2023-08-14 13:17:01','ON','추억의 소시지페스츄리~',0,2),(497,112,210,'플레인 베이글',2600,'https://s3.ap-northeast-2.amazonaws.com/ssafy-square-bucket/static/2023-08-14/test/cf3b2100-7fb6-43cd-8891-ed01e5a60adc','https://s3.ap-northeast-2.amazonaws.com/ssafy-square-bucket/static/2023-08-14/test/thumb/0ce0c3cd-4dfc-4309-b512-9dd2f7c93a39',0,0,'2023-08-14 13:17:28','2023-08-14 13:17:28','ON','추억의 플레인베이글~',0,1),(498,113,211,'고구마슈크림식빵',5000,'https://s3.ap-northeast-2.amazonaws.com/ssafy-square-bucket/static/2023-08-14/test/d31dadb0-d84b-4afe-9585-f6a36a9f9e90','https://s3.ap-northeast-2.amazonaws.com/ssafy-square-bucket/static/2023-08-14/test/thumb/13fefc5b-11bd-420c-a1c0-10ec0fcb3b51',0,0,'2023-08-14 13:20:32','2023-08-14 13:20:32','ON','우리 가게 시그니쳐 메뉴',0,1),(499,113,211,'우유생크림빵',3000,'https://s3.ap-northeast-2.amazonaws.com/ssafy-square-bucket/static/2023-08-14/test/4236fd98-8e95-4fec-8c95-181f35c37d91','https://s3.ap-northeast-2.amazonaws.com/ssafy-square-bucket/static/2023-08-14/test/thumb/f0335df6-cc94-4e97-b833-cfbfd905cab4',0,0,'2023-08-14 13:21:09','2023-08-14 13:21:09','ON','생크림 가득!!',0,2),(500,113,211,'옥수수콘크림번',3000,'https://s3.ap-northeast-2.amazonaws.com/ssafy-square-bucket/static/2023-08-14/test/625e5adf-0cdf-4263-abd5-542ec8066255','https://s3.ap-northeast-2.amazonaws.com/ssafy-square-bucket/static/2023-08-14/test/thumb/eeb82d32-d749-407b-ae59-af5b50d1c65f',0,0,'2023-08-14 13:21:44','2023-08-14 13:21:44','ON','옥수수 크림 가득한 번~',0,3),(501,114,212,'당근케이크',10000,'https://s3.ap-northeast-2.amazonaws.com/ssafy-square-bucket/static/2023-08-14/test/760b33ec-6695-42d5-b3dd-777f53d018c2','https://s3.ap-northeast-2.amazonaws.com/ssafy-square-bucket/static/2023-08-14/test/thumb/3db03a2c-4ec2-4235-bd92-f57e855a00fc',0,0,'2023-08-14 13:41:49','2023-08-14 13:41:49','ON','우리 베이커리 인기 메뉴~',0,1),(502,114,212,'레드벨벳케이크',10000,'https://s3.ap-northeast-2.amazonaws.com/ssafy-square-bucket/static/2023-08-14/test/ebab7226-98e2-42b4-bec5-2ae8975a2409','https://s3.ap-northeast-2.amazonaws.com/ssafy-square-bucket/static/2023-08-14/test/thumb/ddae2323-962d-4752-82d9-ee68fb7a23c1',0,0,'2023-08-14 13:42:25','2023-08-14 13:42:25','ON','안 드셔본 분 없으시죠?',0,2),(503,114,212,'말차케이크',10000,'https://s3.ap-northeast-2.amazonaws.com/ssafy-square-bucket/static/2023-08-14/test/0bba5bd5-14eb-4d06-bfd5-6b8f6d49e3b4','https://s3.ap-northeast-2.amazonaws.com/ssafy-square-bucket/static/2023-08-14/test/thumb/bd5c077a-a8fe-46bc-950d-d65a27b95bcc',0,0,'2023-08-14 13:42:43','2023-08-14 13:42:43','ON','말차 덕후 모여~',0,3),(504,114,212,'치즈케이크',10000,'https://s3.ap-northeast-2.amazonaws.com/ssafy-square-bucket/static/2023-08-14/test/f60ad32d-38c8-42b3-84e1-7486a8d74736','https://s3.ap-northeast-2.amazonaws.com/ssafy-square-bucket/static/2023-08-14/test/thumb/d4d0bc52-561e-4796-a53c-2b73e756ed75',0,0,'2023-08-14 13:43:05','2023-08-14 13:43:05','ON','치즈케이크 최고!!',0,4),(505,114,212,'초코케이크',10000,'https://s3.ap-northeast-2.amazonaws.com/ssafy-square-bucket/static/2023-08-14/test/e9ac88b6-e2f9-4700-9ffd-70d2fb33d8e8','https://s3.ap-northeast-2.amazonaws.com/ssafy-square-bucket/static/2023-08-14/test/thumb/1d77d6de-ec9e-4500-b7c7-23e7f5d6a9f7',0,0,'2023-08-14 13:43:23','2023-08-14 13:43:23','ON','꾸덕한 초코 케이크~',0,5),(506,115,213,'우유모닝롤',2000,'https://s3.ap-northeast-2.amazonaws.com/ssafy-square-bucket/static/2023-08-14/test/7a3107bf-9bdb-446e-99b9-7a488477adc8','https://s3.ap-northeast-2.amazonaws.com/ssafy-square-bucket/static/2023-08-14/test/thumb/58921da9-dc9c-45e9-9cc0-e9b7d848a009',0,0,'2023-08-14 13:44:51','2023-08-14 13:44:51','ON','우유와 먹으면 세젤맛!',0,2),(507,115,213,'생크림빵',3000,'https://s3.ap-northeast-2.amazonaws.com/ssafy-square-bucket/static/2023-08-14/test/d2b721f1-87e2-4006-aba9-140e68e49fd9','https://s3.ap-northeast-2.amazonaws.com/ssafy-square-bucket/static/2023-08-14/test/thumb/54e82d88-c614-4503-9a15-569eb9309d09',0,0,'2023-08-14 13:45:13','2023-08-14 13:45:13','ON','생크림 폼 미쳤다',0,1),(508,115,213,'밤식빵',5000,'https://s3.ap-northeast-2.amazonaws.com/ssafy-square-bucket/static/2023-08-14/test/21e98a1a-b896-480b-a892-fb6385436792','https://s3.ap-northeast-2.amazonaws.com/ssafy-square-bucket/static/2023-08-14/test/thumb/f6a5a201-f00e-4ba9-a95d-1e811f95db92',0,0,'2023-08-14 13:45:34','2023-08-14 13:45:34','ON','추억의 밤식빵~~',0,3),(509,115,213,'소보루완두앙금빵',2000,'https://s3.ap-northeast-2.amazonaws.com/ssafy-square-bucket/static/2023-08-14/test/9df36ba8-0971-4edc-a55d-31958ef58a10','https://s3.ap-northeast-2.amazonaws.com/ssafy-square-bucket/static/2023-08-14/test/thumb/226fa8a3-0b5c-49d8-950b-661b8d9b7aa6',0,0,'2023-08-14 13:45:56','2023-08-14 13:45:56','ON','추억 속 그 빵..',0,4),(510,115,213,'크루아상',3000,'https://s3.ap-northeast-2.amazonaws.com/ssafy-square-bucket/static/2023-08-14/test/4d1e3a7d-ada6-46ec-aa79-43da69dd26e3','https://s3.ap-northeast-2.amazonaws.com/ssafy-square-bucket/static/2023-08-14/test/thumb/c69263f2-22b3-4b92-9c54-5a6b676c87b4',0,0,'2023-08-14 13:46:25','2023-08-14 13:46:25','ON','여기에 커피 곁들이면 극락',0,5),(511,116,214,'당근주스',5000,'https://s3.ap-northeast-2.amazonaws.com/ssafy-square-bucket/static/2023-08-14/test/e98a2889-34f5-4633-9bcf-e26b6af20fd1','https://s3.ap-northeast-2.amazonaws.com/ssafy-square-bucket/static/2023-08-14/test/thumb/478f7d99-28f8-441f-9110-7310848c3f16',0,0,'2023-08-14 13:47:52','2023-08-14 13:47:52','ON','몸에도 좋고 맛도 좋은~',0,4),(512,116,214,'사과주스',5000,'https://s3.ap-northeast-2.amazonaws.com/ssafy-square-bucket/static/2023-08-14/test/d6bde5c0-5435-471e-ac3b-9cce4e1d0d37','https://s3.ap-northeast-2.amazonaws.com/ssafy-square-bucket/static/2023-08-14/test/thumb/5a4c51c1-99f9-40ea-bb8e-16e9b2ccadda',0,0,'2023-08-14 13:48:11','2023-08-14 13:48:11','ON','아침 식사로 끝!',0,2),(513,116,214,'수박주스',6000,'https://s3.ap-northeast-2.amazonaws.com/ssafy-square-bucket/static/2023-08-14/test/14a389f1-1310-4b7f-81e3-4033e2bbfed9','https://s3.ap-northeast-2.amazonaws.com/ssafy-square-bucket/static/2023-08-14/test/thumb/6fa4c972-f45a-4029-bc49-4f96837ac037',0,0,'2023-08-14 13:48:28','2023-08-14 13:48:28','ON','무더운 여름철 생각나는~',0,1),(514,116,214,'오렌지주스',5000,'https://s3.ap-northeast-2.amazonaws.com/ssafy-square-bucket/static/2023-08-14/test/fb9d81f5-9ae4-4d0c-9e60-1a609cc73b97','https://s3.ap-northeast-2.amazonaws.com/ssafy-square-bucket/static/2023-08-14/test/thumb/d725f7fe-51ca-4338-bb40-155caac6e46b',0,0,'2023-08-14 13:48:48','2023-08-14 13:48:48','ON','비타민이 풍부한 오렌지~',0,3),(515,116,214,'파인애플주스',5000,'https://s3.ap-northeast-2.amazonaws.com/ssafy-square-bucket/static/2023-08-14/test/76925125-963a-4a21-813a-0609013486d7','https://s3.ap-northeast-2.amazonaws.com/ssafy-square-bucket/static/2023-08-14/test/thumb/fbe62400-681f-42cb-a251-947fe51aecee',0,0,'2023-08-14 13:49:09','2023-08-14 13:49:09','ON','새콤한 파인애플 주스~',0,5),(516,117,216,'돈까스김밥',5000,'https://s3.ap-northeast-2.amazonaws.com/ssafy-square-bucket/static/2023-08-14/test/4ce4ebcd-ec31-40ca-bb9b-89756f3dd242','https://s3.ap-northeast-2.amazonaws.com/ssafy-square-bucket/static/2023-08-14/test/thumb/584dbecc-5d7c-40b1-86ca-17729628c893',0,0,'2023-08-14 13:50:18','2023-08-14 13:50:18','ON','돈까스는 못 참지~',0,4),(517,117,216,'불고기김밥',5000,'https://s3.ap-northeast-2.amazonaws.com/ssafy-square-bucket/static/2023-08-14/test/026b6525-db32-4e9c-b627-eedbb4140401','https://s3.ap-northeast-2.amazonaws.com/ssafy-square-bucket/static/2023-08-14/test/thumb/cf91f521-b43e-4ac0-82eb-319965ff8bdb',0,0,'2023-08-14 13:50:40','2023-08-14 13:50:40','ON','불고기는 못 참지~',0,3),(518,117,216,'제육김밥',5000,'https://s3.ap-northeast-2.amazonaws.com/ssafy-square-bucket/static/2023-08-14/test/56f337b4-9461-4220-a52a-1ebd74421c99','https://s3.ap-northeast-2.amazonaws.com/ssafy-square-bucket/static/2023-08-14/test/thumb/4a929117-e596-4121-91d2-a63d183e7a33',0,0,'2023-08-14 13:51:03','2023-08-14 13:51:03','ON','제육은 못 참지~',0,1),(519,117,216,'참치김밥',5000,'https://s3.ap-northeast-2.amazonaws.com/ssafy-square-bucket/static/2023-08-14/test/6e55d101-e260-43c4-b316-1b735d8fd429','https://s3.ap-northeast-2.amazonaws.com/ssafy-square-bucket/static/2023-08-14/test/thumb/69806da5-112a-4023-885e-53b68ed21cb1',0,0,'2023-08-14 13:51:21','2023-08-14 13:51:21','ON','참치는 못 참치~',0,2),(520,117,216,'치즈김밥',5000,'https://s3.ap-northeast-2.amazonaws.com/ssafy-square-bucket/static/2023-08-14/test/9d3776e6-22ad-4bc4-9a89-50d11051c25f','https://s3.ap-northeast-2.amazonaws.com/ssafy-square-bucket/static/2023-08-14/test/thumb/3b773cda-cd93-46b2-91b0-2958fb04b06b',0,0,'2023-08-14 13:51:48','2023-08-14 13:51:48','ON','치즈는 못 참지~',0,5),(521,118,217,'바바리안필드',3000,'https://s3.ap-northeast-2.amazonaws.com/ssafy-square-bucket/static/2023-08-14/test/7565c0f4-68f6-488a-b53f-f8af834f7f0a','https://s3.ap-northeast-2.amazonaws.com/ssafy-square-bucket/static/2023-08-14/test/thumb/4c82f675-865f-439b-b68e-a1abd5b451dd',0,0,'2023-08-14 13:54:09','2023-08-14 13:54:09','ON','슈크림 못 참지~',0,2),(522,118,217,'보스톤크림',3000,'https://s3.ap-northeast-2.amazonaws.com/ssafy-square-bucket/static/2023-08-14/test/af92e2cf-93e7-4208-9f6e-3364ed286477','https://s3.ap-northeast-2.amazonaws.com/ssafy-square-bucket/static/2023-08-14/test/thumb/c140579b-4661-45b6-8896-fdaa417681b6',0,0,'2023-08-14 13:54:28','2023-08-14 13:54:28','ON','대세 도넛!',0,4),(523,118,217,'스트로베리도넛',3000,'https://s3.ap-northeast-2.amazonaws.com/ssafy-square-bucket/static/2023-08-14/test/98179e75-06e3-4a69-a4bc-a6d11b9467df','https://s3.ap-northeast-2.amazonaws.com/ssafy-square-bucket/static/2023-08-14/test/thumb/b041bce6-672f-4ae6-a48c-7ca4139fae06',0,0,'2023-08-14 13:54:49','2023-08-14 13:54:49','ON','딸기잼 폼 미쳤다',0,3),(524,118,217,'카카오하니딥',3000,'https://s3.ap-northeast-2.amazonaws.com/ssafy-square-bucket/static/2023-08-14/test/d08c030f-0cb9-40e6-a2b8-3b14b7fa5ea2','https://s3.ap-northeast-2.amazonaws.com/ssafy-square-bucket/static/2023-08-14/test/thumb/aeb4f2b6-3178-4724-a6b5-48e6d8402e3d',0,0,'2023-08-14 13:55:08','2023-08-14 13:55:08','ON','초코 폼 미쳤다..',0,1),(525,118,217,'페이머스글레이즈드',2500,'https://s3.ap-northeast-2.amazonaws.com/ssafy-square-bucket/static/2023-08-14/test/f016b094-9a91-4796-805b-256840ce32f1','https://s3.ap-northeast-2.amazonaws.com/ssafy-square-bucket/static/2023-08-14/test/thumb/cd20d6a3-d9d2-4abe-84ae-0ee24cd3d084',0,0,'2023-08-14 13:55:26','2023-08-14 13:55:26','ON','설탕 옷 입은 도넛~',0,5),(526,119,218,'쉬림프샐러드',9000,'https://s3.ap-northeast-2.amazonaws.com/ssafy-square-bucket/static/2023-08-14/test/8ee89024-19ac-404d-ab67-661818616b1f','https://s3.ap-northeast-2.amazonaws.com/ssafy-square-bucket/static/2023-08-14/test/thumb/895396a2-4076-4da5-bcd7-9f4d494b0d10',0,0,'2023-08-14 14:18:48','2023-08-14 14:18:48','ON','새우 폼 미쳤다..',0,1),(527,119,218,'스테이크샐러드',10000,'https://s3.ap-northeast-2.amazonaws.com/ssafy-square-bucket/static/2023-08-14/test/0263c738-ce48-4a0f-8526-7b622f41cb22','https://s3.ap-northeast-2.amazonaws.com/ssafy-square-bucket/static/2023-08-14/test/thumb/a743b535-dba0-4ab8-8fef-13e1c6d2df5e',0,0,'2023-08-14 14:19:06','2023-08-14 14:19:06','ON','스테이크 폼 미쳤다리',0,3),(528,119,218,'참치샐러드',10000,'https://s3.ap-northeast-2.amazonaws.com/ssafy-square-bucket/static/2023-08-14/test/baaf3707-bcd9-4bd9-90b1-3b549a180975','https://s3.ap-northeast-2.amazonaws.com/ssafy-square-bucket/static/2023-08-14/test/thumb/a3d66add-25e6-4211-80cf-a7c581eac10e',0,0,'2023-08-14 14:19:29','2023-08-14 14:19:29','ON','남녀노소 누구나 좋아하는!',0,2),(529,119,218,'치킨데리야끼샐러드',9000,'https://s3.ap-northeast-2.amazonaws.com/ssafy-square-bucket/static/2023-08-14/test/d38f73dc-53f7-4806-8711-145c10dd3657','https://s3.ap-northeast-2.amazonaws.com/ssafy-square-bucket/static/2023-08-14/test/thumb/1163a570-c2b6-42d7-9ccc-e1301964e0c8',0,0,'2023-08-14 14:19:50','2023-08-14 14:19:50','ON','치킨 폼 미쳤다!!',0,4),(530,119,218,'햄샐러드',10000,'https://s3.ap-northeast-2.amazonaws.com/ssafy-square-bucket/static/2023-08-14/test/fa208e02-6ca2-4965-a325-dfdae4e0ad6d','https://s3.ap-northeast-2.amazonaws.com/ssafy-square-bucket/static/2023-08-14/test/thumb/a5eec27c-03ef-4392-9e35-0ba77cacd23c',0,0,'2023-08-14 14:20:12','2023-08-14 14:20:12','ON','햄 양이 장난아니에요',0,5),(531,120,219,'비빔냉면',7000,'https://s3.ap-northeast-2.amazonaws.com/ssafy-square-bucket/static/2023-08-14/test/1c281a45-a4ac-4cd3-8a6b-418a496ff4b5','https://s3.ap-northeast-2.amazonaws.com/ssafy-square-bucket/static/2023-08-14/test/thumb/49d056ae-5749-4d3d-a4e4-9cc6dcb8391c',0,0,'2023-08-14 14:21:27','2023-08-14 14:21:27','ON','여름엔 냉면 냉면 냉면',0,3),(532,120,219,'물냉면',7000,'https://s3.ap-northeast-2.amazonaws.com/ssafy-square-bucket/static/2023-08-14/test/c669dcf4-b065-4cda-8519-a61743a8e0ce','https://s3.ap-northeast-2.amazonaws.com/ssafy-square-bucket/static/2023-08-14/test/thumb/691812e7-5e19-4419-ab09-9ee2576eda2b',0,0,'2023-08-14 14:21:51','2023-08-14 14:21:51','ON','여름엔 냉면 냉면 냉면',0,2),(533,120,219,'떡볶이',8000,'https://s3.ap-northeast-2.amazonaws.com/ssafy-square-bucket/static/2023-08-14/test/080b7d19-659c-4907-a7dc-ffa6441e1471','https://s3.ap-northeast-2.amazonaws.com/ssafy-square-bucket/static/2023-08-14/test/thumb/e741d94e-4333-4543-89e9-027088ff3d62',0,0,'2023-08-14 14:22:13','2023-08-14 14:22:13','ON','분식은 역시 떡 볶 이!',0,4),(534,120,219,'군만두',5000,'https://s3.ap-northeast-2.amazonaws.com/ssafy-square-bucket/static/2023-08-14/test/dcb4b7f1-5f19-48b9-98a0-5df9c9f3cfc4','https://s3.ap-northeast-2.amazonaws.com/ssafy-square-bucket/static/2023-08-14/test/thumb/2e75d64e-a56c-4b76-aac2-af9a9d1a0a2a',0,0,'2023-08-14 14:22:32','2023-08-14 14:22:32','ON','만두가 빠지면 섭하지',0,1),(535,120,219,'참치주먹밥',5000,'https://s3.ap-northeast-2.amazonaws.com/ssafy-square-bucket/static/2023-08-14/test/1db6f4d1-5917-465d-a018-84d718ba8a47','https://s3.ap-northeast-2.amazonaws.com/ssafy-square-bucket/static/2023-08-14/test/thumb/38c332c4-ff11-4d2d-aa83-88e19ef2bf16',0,0,'2023-08-14 14:22:57','2023-08-14 14:22:57','ON','분식과 찰 떡 궁 합!',0,5),(536,121,220,'당근주스',4000,'https://s3.ap-northeast-2.amazonaws.com/ssafy-square-bucket/static/2023-08-14/test/33125ccb-953a-4f3c-8346-5b8663fa1938','https://s3.ap-northeast-2.amazonaws.com/ssafy-square-bucket/static/2023-08-14/test/thumb/79be9d35-2a61-4cdb-ab7a-db28ef7b456c',0,0,'2023-08-14 14:25:45','2023-08-14 14:25:45','ON','세 젤 맛 !',0,2),(537,121,220,'사과주스',4500,'https://s3.ap-northeast-2.amazonaws.com/ssafy-square-bucket/static/2023-08-14/test/4a61e385-efbd-42d3-8bb4-dd85ec6ca390','https://s3.ap-northeast-2.amazonaws.com/ssafy-square-bucket/static/2023-08-14/test/thumb/36955910-41b6-4eb4-9701-b38b4663167a',0,0,'2023-08-14 14:26:02','2023-08-14 14:26:02','ON','사과주스 폼 미쳤다',0,3),(538,121,220,'수박주스',5000,'https://s3.ap-northeast-2.amazonaws.com/ssafy-square-bucket/static/2023-08-14/test/4ca4c744-a421-45f5-aeea-346b9cb15faa','https://s3.ap-northeast-2.amazonaws.com/ssafy-square-bucket/static/2023-08-14/test/thumb/a7ef8fbf-1fc8-4139-a1cb-6bd469c71769',0,0,'2023-08-14 14:26:20','2023-08-14 14:26:20','ON','여름엔 수박주스지~',0,1),(539,121,220,'오렌지주스',4500,'https://s3.ap-northeast-2.amazonaws.com/ssafy-square-bucket/static/2023-08-14/test/5e7aed69-6bc6-4ace-ba6d-2892acbc03f5','https://s3.ap-northeast-2.amazonaws.com/ssafy-square-bucket/static/2023-08-14/test/thumb/9c512149-d97c-44f6-9b6c-79afb4377ed1',0,0,'2023-08-14 14:26:42','2023-08-14 14:26:42','ON','비타민 풍부한 오렌지~',0,4),(540,121,220,'토마토주스',4500,'https://s3.ap-northeast-2.amazonaws.com/ssafy-square-bucket/static/2023-08-14/test/74be23c6-2984-4f63-9dc1-35fc6128d2fc','https://s3.ap-northeast-2.amazonaws.com/ssafy-square-bucket/static/2023-08-14/test/thumb/13ae5ee2-5cc9-42ed-82bf-2983074aa9a3',0,0,'2023-08-14 14:27:02','2023-08-14 14:27:02','ON','영양 풍부한 토마토 주스~',0,5),(541,122,221,'고등어봉초밥',15000,'https://s3.ap-northeast-2.amazonaws.com/ssafy-square-bucket/static/2023-08-14/test/28a03448-5b23-4d34-91ca-bd052d7cca71','https://s3.ap-northeast-2.amazonaws.com/ssafy-square-bucket/static/2023-08-14/test/thumb/9db59c99-0f2b-4ad1-89c2-5e271ef750e8',0,0,'2023-08-14 14:28:01','2023-08-14 14:28:01','ON','등푸른 생선에서 가장 인기있는 초밥!',0,1),(542,122,221,'새우초밥',12000,'https://s3.ap-northeast-2.amazonaws.com/ssafy-square-bucket/static/2023-08-14/test/18e5827e-e7d1-4492-9239-586c043cf18a','https://s3.ap-northeast-2.amazonaws.com/ssafy-square-bucket/static/2023-08-14/test/thumb/c568e764-7855-4a92-b720-831efc1af54d',0,0,'2023-08-14 14:28:20','2023-08-14 14:28:20','ON','새우 싫어하는 사람 있새우?',0,2),(543,122,222,'연어회',18000,'https://s3.ap-northeast-2.amazonaws.com/ssafy-square-bucket/static/2023-08-14/test/ea38f3ad-c5fd-47e5-8edb-454185164b1b','https://s3.ap-northeast-2.amazonaws.com/ssafy-square-bucket/static/2023-08-14/test/thumb/010ef36e-f3a7-4264-9838-077cc1084f3f',0,0,'2023-08-14 14:28:46','2023-08-14 14:28:46','ON','단백질 풍부한 연어~ 다이어트로도 좋아요~',0,1),(544,122,221,'전갱이초밥',12000,'https://s3.ap-northeast-2.amazonaws.com/ssafy-square-bucket/static/2023-08-14/test/8c4b8e17-8d49-4fd0-899f-663acc16dc55','https://s3.ap-northeast-2.amazonaws.com/ssafy-square-bucket/static/2023-08-14/test/thumb/27b675da-2002-4ded-ab3a-e68fe3d64a0d',0,0,'2023-08-14 14:29:10','2023-08-14 14:29:10','ON','감칠맛 폭 발 !',0,3),(545,122,221,'참치초밥',15000,'https://s3.ap-northeast-2.amazonaws.com/ssafy-square-bucket/static/2023-08-14/test/a2234c4a-2ebb-4054-8aa8-543bd344d9ec','https://s3.ap-northeast-2.amazonaws.com/ssafy-square-bucket/static/2023-08-14/test/thumb/03fee34a-dc70-42de-a433-41cc9ba7f03f',0,0,'2023-08-14 14:29:35','2023-08-14 14:29:35','ON','고소한 참치 초밥!',0,4),(546,123,223,'쉬림프샐러드',11000,'https://s3.ap-northeast-2.amazonaws.com/ssafy-square-bucket/static/2023-08-14/test/87de52bc-ff7d-46de-a19c-30fb4e33f0c6','https://s3.ap-northeast-2.amazonaws.com/ssafy-square-bucket/static/2023-08-14/test/thumb/18ace6f0-9a44-43fb-93a9-1d80c34f8cb9',0,0,'2023-08-14 14:31:10','2023-08-14 14:31:10','ON','새우 폼 미쳤다이~',0,4),(547,123,223,'에그마요샐러드',11000,'https://s3.ap-northeast-2.amazonaws.com/ssafy-square-bucket/static/2023-08-14/test/5debf83b-f030-4cd5-9d9c-e61567f51600','https://s3.ap-northeast-2.amazonaws.com/ssafy-square-bucket/static/2023-08-14/test/thumb/119dda16-0c81-45e8-b007-c6a588e8c4b7',0,0,'2023-08-14 14:31:27','2023-08-14 14:31:27','ON','계란이 듬 뿍!',0,2),(548,123,223,'로티세리치킨샐러드',11000,'https://s3.ap-northeast-2.amazonaws.com/ssafy-square-bucket/static/2023-08-14/test/192e45d6-9b2a-45ad-87fc-45d668364ae2','https://s3.ap-northeast-2.amazonaws.com/ssafy-square-bucket/static/2023-08-14/test/thumb/e546617f-df61-4248-8aff-0b9fcea14984',0,0,'2023-08-14 14:31:52','2023-08-14 14:31:52','ON','치킨 양 미쳤다',0,3),(549,123,223,'BLT 샐러드',10000,'https://s3.ap-northeast-2.amazonaws.com/ssafy-square-bucket/static/2023-08-14/test/1b6d13d0-9e90-42c5-a3e3-84dc2b2e3be0','https://s3.ap-northeast-2.amazonaws.com/ssafy-square-bucket/static/2023-08-14/test/thumb/27c037bc-900f-4c2d-897b-bf9b3209c6b9',0,0,'2023-08-14 14:32:10','2023-08-14 14:32:10','ON','다이어트에 좋아요~',0,1),(550,123,223,'햄샐러드',10000,'https://s3.ap-northeast-2.amazonaws.com/ssafy-square-bucket/static/2023-08-14/test/db264cfc-93df-4939-8f50-8bac45325e89','https://s3.ap-northeast-2.amazonaws.com/ssafy-square-bucket/static/2023-08-14/test/thumb/5cfa3045-88b3-4053-8b15-41ef31b45b13',0,0,'2023-08-14 14:32:30','2023-08-14 14:32:30','ON','이태리 햄이 듬 뿍~',0,5),(551,124,224,'레드벨벳케이크',8000,'https://s3.ap-northeast-2.amazonaws.com/ssafy-square-bucket/static/2023-08-14/test/e6597cb1-5d49-4c46-9e2f-0f26cbf2fda1','https://s3.ap-northeast-2.amazonaws.com/ssafy-square-bucket/static/2023-08-14/test/thumb/43c0ad37-2808-4590-bcaf-868083f55624',0,0,'2023-08-14 14:33:38','2023-08-14 14:33:38','ON','달콤 새콤 쫀득한 레드벨벳~',0,1),(552,124,224,'말차케이크',8000,'https://s3.ap-northeast-2.amazonaws.com/ssafy-square-bucket/static/2023-08-14/test/82fdccb1-773f-436d-a57a-cdd6b892a500','https://s3.ap-northeast-2.amazonaws.com/ssafy-square-bucket/static/2023-08-14/test/thumb/6b1c697b-fd8f-423e-a979-3ebf71d419d7',0,0,'2023-08-14 14:33:57','2023-08-14 14:33:57','ON','말차 좋아하는 사람 모여라~',0,2),(553,124,224,'바스크치즈케이크',7500,'https://s3.ap-northeast-2.amazonaws.com/ssafy-square-bucket/static/2023-08-14/test/c1bbb408-62a4-4206-9027-0bed014c1648','https://s3.ap-northeast-2.amazonaws.com/ssafy-square-bucket/static/2023-08-14/test/thumb/dcbed486-c774-4211-bb57-dc98798be9a1',0,0,'2023-08-14 14:34:17','2023-08-14 14:34:17','ON','쫀득한 치즈 케이크!',0,3),(554,124,224,'당근케이크',8000,'https://s3.ap-northeast-2.amazonaws.com/ssafy-square-bucket/static/2023-08-14/test/e98c9f62-6d26-4cce-84ea-3e1c14bd5bcd','https://s3.ap-northeast-2.amazonaws.com/ssafy-square-bucket/static/2023-08-14/test/thumb/d22ec678-c012-4252-82fa-2ca044892454',0,0,'2023-08-14 14:34:41','2023-08-14 14:34:41','ON','담백하고 달달한 당케~',0,4),(555,124,224,'초코케이크',8000,'https://s3.ap-northeast-2.amazonaws.com/ssafy-square-bucket/static/2023-08-14/test/1ca5f010-e905-4d57-bd81-cbb2857a93b7','https://s3.ap-northeast-2.amazonaws.com/ssafy-square-bucket/static/2023-08-14/test/thumb/7f8f640c-1aac-4a2b-9e05-27c9a351d49d',0,0,'2023-08-14 14:35:02','2023-08-14 14:35:02','ON','초코가 빠질수는 없지~',0,5),(556,125,226,'날치알주먹밥',5000,'https://s3.ap-northeast-2.amazonaws.com/ssafy-square-bucket/static/2023-08-14/test/87cecb4d-7644-448d-9c4c-fcc7532e3a29','https://s3.ap-northeast-2.amazonaws.com/ssafy-square-bucket/static/2023-08-14/test/thumb/d4767b79-300a-460f-a76e-8d68587ebd7b',0,0,'2023-08-14 14:38:01','2023-08-14 14:38:01','ON','날치알 톡 톡!',0,2),(557,125,226,'멸치주먹밥',6000,'https://s3.ap-northeast-2.amazonaws.com/ssafy-square-bucket/static/2023-08-14/test/62b62d3a-b00f-4bdc-b635-d3708297d8d2','https://s3.ap-northeast-2.amazonaws.com/ssafy-square-bucket/static/2023-08-14/test/thumb/61feb3c9-3d93-4994-b92f-f5ddd872b169',0,0,'2023-08-14 14:38:23','2023-08-14 14:38:23','ON','매콤한 멸치 볶음이 가득!',0,3),(558,125,226,'아란치니',8000,'https://s3.ap-northeast-2.amazonaws.com/ssafy-square-bucket/static/2023-08-14/test/428a4022-662a-4769-aee7-9c5e1c907ea4','https://s3.ap-northeast-2.amazonaws.com/ssafy-square-bucket/static/2023-08-14/test/thumb/0cbde3f0-cda1-49de-9baa-2c1930511390',0,0,'2023-08-14 14:38:41','2023-08-14 14:38:41','ON','이태리식 튀긴 주먹밥!',0,1),(559,125,226,'참치주먹밥',5000,'https://s3.ap-northeast-2.amazonaws.com/ssafy-square-bucket/static/2023-08-14/test/af4fa04d-3e17-4796-bc05-a27dd95f4002','https://s3.ap-northeast-2.amazonaws.com/ssafy-square-bucket/static/2023-08-14/test/thumb/b2705193-549f-4e29-8294-60cd4bc23f40',0,0,'2023-08-14 14:39:03','2023-08-14 14:39:03','ON','이거 싫어하는 사람 있나요??',0,4),(560,125,226,'후리가케주먹밥',5000,'https://s3.ap-northeast-2.amazonaws.com/ssafy-square-bucket/static/2023-08-14/test/ef2ec134-3140-4628-82e4-1e4ea4a40acc','https://s3.ap-northeast-2.amazonaws.com/ssafy-square-bucket/static/2023-08-14/test/thumb/8a7d12cb-6d0e-40c4-a6bc-02270f4c0efd',0,0,'2023-08-14 14:39:21','2023-08-14 14:39:21','ON','일식 주먹밥~~',0,5),(566,21,273,'맛있는쿠키',1000,'https://s3.ap-northeast-2.amazonaws.com/ssafy-square-bucket/static/2023-08-16/test/4bbf160e-fb8c-4d99-a4b0-cf9b427e7088','https://s3.ap-northeast-2.amazonaws.com/ssafy-square-bucket/static/2023-08-16/test/thumb/876668ee-9db1-49e1-8a36-c026b1d385a7',0,0,'2023-08-16 01:54:53','2023-08-16 01:54:53','STOP','정말 맛있는 쿠키입니다.',0,1),(567,21,253,'쿠키탑',3000,'https://s3.ap-northeast-2.amazonaws.com/ssafy-square-bucket/static/2023-08-18/test/b7d3cace-dc59-425a-9c5b-2e2acfce40cb','https://s3.ap-northeast-2.amazonaws.com/ssafy-square-bucket/static/2023-08-18/test/thumb/844cf5ef-5948-4139-842d-371fdb7f899d',0,0,'2023-08-16 01:56:19','2023-08-18 00:26:54','ON','쿠키로 쌓은 탑입니다. 정말 맛있어요. 다들 많이들 사가세요.',0,1),(568,41,1,'아아 ',3300,'https://s3.ap-northeast-2.amazonaws.com/ssafy-square-bucket/static/2023-08-16/test/b71e5e56-b794-4c6e-b914-3927864b329e','https://s3.ap-northeast-2.amazonaws.com/ssafy-square-bucket/static/2023-08-16/test/thumb/4e095e01-5a6d-4561-b3d6-7c250e1a0bbe',0,0,'2023-08-16 05:28:42','2023-08-16 05:28:42','OFF','아이스 아메리카노 JMT',0,1),(569,21,273,'초코페스츄리',3000,'https://s3.ap-northeast-2.amazonaws.com/ssafy-square-bucket/static/2023-08-17/test/255598b0-f44c-4291-93c4-ab620486be5e','https://s3.ap-northeast-2.amazonaws.com/ssafy-square-bucket/static/2023-08-17/test/thumb/1b1590c7-d4ec-4010-a33d-434d9d77058b',1,0,'2023-08-16 16:02:48','2023-08-17 04:41:33','ON','맛난 초코빵',0,1),(570,21,253,'분식모음',4400,'https://s3.ap-northeast-2.amazonaws.com/ssafy-square-bucket/static/2023-08-18/test/a6792a2d-a4ee-4856-93f1-183d7349fee2','https://s3.ap-northeast-2.amazonaws.com/ssafy-square-bucket/static/2023-08-18/test/thumb/94e2e080-cf0b-41cb-b9e9-7aa64632d708',0,0,'2023-08-18 00:23:36','2023-08-18 00:23:36','OFF','맛있는 분식',0,1);
/*!40000 ALTER TABLE `menu` ENABLE KEYS */;
UNLOCK TABLES;

--
-- Table structure for table `menu_category`
--

DROP TABLE IF EXISTS `menu_category`;
/*!40101 SET @saved_cs_client     = @@character_set_client */;
/*!50503 SET character_set_client = utf8mb4 */;
CREATE TABLE `menu_category` (
  `mec_id` int NOT NULL AUTO_INCREMENT,
  `usr_id` int NOT NULL,
  `name` varchar(255) DEFAULT NULL,
  `sequence` int DEFAULT NULL,
  PRIMARY KEY (`mec_id`)
) ENGINE=InnoDB AUTO_INCREMENT=274 DEFAULT CHARSET=utf8mb4 COLLATE=utf8mb4_0900_ai_ci;
/*!40101 SET character_set_client = @saved_cs_client */;

--
-- Dumping data for table `menu_category`
--

LOCK TABLES `menu_category` WRITE;
/*!40000 ALTER TABLE `menu_category` DISABLE KEYS */;
INSERT INTO `menu_category` VALUES (1,17,'미분류',1),(11,80,'미분류',0),(14,80,'지워질 카테고리',1),(49,80,'랄라랄라',1),(51,82,'스누피 시리즈',1),(52,146,'케이크',2),(53,146,'우리가게 시그니쳐들',1),(54,145,'빨간색 주스',1),(55,145,'노란색 주스',2),(56,145,'초록색 주스',3),(57,144,'싱싱한 샐러드',1),(58,144,'추가메뉴',2),(59,143,'베이커리',3),(60,143,'커피',1),(61,143,'아트 커피',2),(62,142,'도너츠',1),(63,142,'초코',2),(64,141,'초밥',1),(65,141,'사시미',2),(66,141,'추가메뉴',4),(67,141,'롤',3),(68,140,'한끼로 먹어요',1),(70,140,'추가 메뉴',2),(71,139,'일반 김밥',1),(72,139,'프리미엄 김밥',2),(73,138,'탕후루',2),(74,138,'새로 나왔어요 ~',1),(75,137,'커피',1),(76,137,'논커피',2),(77,137,'베이커리',3),(78,136,'도넛',1),(79,136,'츄이스티',2),(80,136,'커피',3),(81,135,'커피',1),(82,135,'케이크',3),(83,135,'논커피',2),(84,134,'기본 김밥',1),(85,134,'스페셜 김밥',2),(86,134,'분식',3),(87,133,'샐러드',1),(88,133,'주스',2),(89,132,'떡튀순',1),(90,132,'분식',2),(91,131,'새콤해요',1),(92,131,'달달해요',2),(93,130,'음료',1),(94,130,'베이커리',2),(95,129,'카스테라',1),(96,129,'음료',2),(97,128,'초밥',1),(98,128,'군함',2),(99,128,'추가',3),(100,127,'조각케이크',1),(101,127,'홀케이크',2),(102,127,'쿠키',3),(103,19,'과일 탕후루',1),(104,37,'커피류',1),(105,37,'베이커리류',2),(106,38,'제빵',1),(107,38,'제과',2),(108,39,'크로플',2),(109,39,'도넛',1),(110,39,'커피',3),(111,82,'',2),(115,82,'추억의 간식',3),(117,83,'아메리카노',1),(119,83,'카페라떼',2),(120,83,'카라멜마끼아또',3),(122,83,'카페모카',4),(123,84,'떡볶이',1),(126,84,'사이드',2),(127,85,'샐러드',1),(128,40,'과일 탕후루',2),(129,40,'모둠 탕후루',1),(130,87,'튀김',1),(131,88,'김밥',1),(132,89,'크로플',1),(139,90,'탕후루',1),(141,44,'기본메뉴',1),(142,44,'추가메뉴',2),(143,91,'아메리카노',1),(144,91,'카페라떼',2),(145,91,'시그니쳐',3),(146,92,'아메리카노',1),(147,92,'카페모카',2),(148,92,'카라멜마끼아또',3),(149,45,'샐러드',1),(150,45,'메인',2),(151,45,'식후',3),(152,93,'떡볶이',1),(153,93,'사이드메뉴',2),(154,94,'주먹밥',1),(155,95,'만두',1),(156,96,'만두',1),(157,96,'찐빵',2),(158,46,'김밥',1),(159,46,'분식',2),(160,47,'베이커리류',1),(161,47,'홀 케이크',2),(162,47,'커피',3),(163,48,'반찬',2),(164,48,'메인요리',1),(165,97,'주스',1),(168,98,'도넛',1),(169,99,'카페모카',1),(170,99,'아메리카노',2),(171,99,'시그니쳐',3),(172,100,'샐러드',1),(173,50,'타르트',1),(174,101,'베이커리',1),(175,102,'주먹밥',1),(176,50,'케이크',4),(177,50,'빵',2),(178,50,'쿠키',3),(179,103,'떡볶이',1),(180,103,'사이드',2),(181,104,'주스',1),(183,105,'케이크',1),(184,106,'초밥',1),(185,52,'떡튀순',1),(186,52,'면요리',2),(187,107,'샌드위치',1),(188,107,'빵',2),(189,53,'분식',1),(190,53,'김밥',2),(191,54,'면류',1),(192,54,'분식류',2),(193,54,'찌개류',3),(194,55,'케이크',2),(195,55,'빵',1),(196,56,'샐러드',1),(197,56,'빵',2),(198,108,'냉면',1),(199,108,'떡볶이',2),(200,108,'만두',3),(201,108,'사이드',4),(202,109,'샐러드',1),(203,110,'떡볶이',1),(204,110,'사이드',2),(205,111,'베이글',1),(206,111,'달콤한빵',2),(207,111,'바게트',3),(208,112,'소보루빵',1),(209,112,'소시지빵',2),(210,112,'베이글',3),(211,113,'크림빵',1),(212,114,'케이크',1),(213,115,'빵',1),(214,116,'주스',1),(216,117,'김밥',1),(217,118,'도넛',1),(218,119,'샐러드',1),(219,120,'분식',1),(220,121,'주스',1),(221,122,'초밥',1),(222,122,'회',2),(223,123,'샐러드',1),(224,124,'케이크',1),(226,125,'주먹밥',1),(247,41,'',1),(248,41,'',2),(249,41,'',3),(250,41,'',4),(251,41,'',5),(252,41,'',6),(253,21,'베이커리',1),(257,82,'',7),(271,82,'',5),(273,21,'쿠키',2);
/*!40000 ALTER TABLE `menu_category` ENABLE KEYS */;
UNLOCK TABLES;

--
-- Table structure for table `menu_option`
--

DROP TABLE IF EXISTS `menu_option`;
/*!40101 SET @saved_cs_client     = @@character_set_client */;
/*!50503 SET character_set_client = utf8mb4 */;
CREATE TABLE `menu_option` (
  `meo_id` int NOT NULL AUTO_INCREMENT,
  `moc_id` int NOT NULL,
  `men_id` int NOT NULL,
  `usr_id` int NOT NULL,
  `name` varchar(255) NOT NULL,
  `content` varchar(255) NOT NULL,
  `price` int NOT NULL,
  `created_at` timestamp NOT NULL,
  `modified_at` timestamp NOT NULL,
  `status` varchar(4) DEFAULT 'STOP',
  `sequence` int DEFAULT '0',
  PRIMARY KEY (`meo_id`)
) ENGINE=InnoDB AUTO_INCREMENT=24 DEFAULT CHARSET=utf8mb4 COLLATE=utf8mb4_0900_ai_ci;
/*!40101 SET character_set_client = @saved_cs_client */;

--
-- Dumping data for table `menu_option`
--

LOCK TABLES `menu_option` WRITE;
/*!40000 ALTER TABLE `menu_option` DISABLE KEYS */;
INSERT INTO `menu_option` VALUES (21,14,29,80,'샐러드455','샐러드',0,'2023-08-13 04:33:20','2023-08-13 04:33:20','OFF',0);
/*!40000 ALTER TABLE `menu_option` ENABLE KEYS */;
UNLOCK TABLES;

--
-- Table structure for table `menu_option_category`
--

DROP TABLE IF EXISTS `menu_option_category`;
/*!40101 SET @saved_cs_client     = @@character_set_client */;
/*!50503 SET character_set_client = utf8mb4 */;
CREATE TABLE `menu_option_category` (
  `moc_id` bigint NOT NULL AUTO_INCREMENT,
  `men_id` bigint NOT NULL,
  `name` varchar(255) DEFAULT NULL,
  `sequence` int DEFAULT NULL,
  PRIMARY KEY (`moc_id`)
) ENGINE=InnoDB AUTO_INCREMENT=585 DEFAULT CHARSET=utf8mb4 COLLATE=utf8mb4_0900_ai_ci;
/*!40101 SET character_set_client = @saved_cs_client */;

--
-- Dumping data for table `menu_option_category`
--

LOCK TABLES `menu_option_category` WRITE;
/*!40000 ALTER TABLE `menu_option_category` DISABLE KEYS */;
INSERT INTO `menu_option_category` VALUES (19,4,'미분류',0),(20,5,'미분류',0),(29,14,'미분류',0),(32,17,'미분류',0),(34,19,'미분류',0),(35,20,'미분류',0),(38,23,'미분류',0),(41,26,'미분류',0),(43,28,'미분류',0),(44,29,'미분류',0),(49,33,'미분류',0),(50,34,'미분류',0),(51,35,'미분류',0),(52,36,'미분류',0),(53,37,'미분류',0),(54,38,'미분류',0),(55,39,'미분류',0),(56,40,'미분류',0),(57,41,'미분류',0),(58,42,'미분류',0),(59,43,'미분류',0),(60,44,'미분류',0),(61,45,'미분류',0),(62,46,'미분류',0),(63,47,'미분류',0),(64,48,'미분류',0),(65,49,'미분류',0),(66,50,'미분류',0),(67,51,'미분류',0),(68,52,'미분류',0),(69,53,'미분류',0),(70,54,'미분류',0),(71,55,'미분류',0),(72,56,'미분류',0),(73,57,'미분류',0),(74,58,'미분류',0),(75,59,'미분류',0),(76,60,'미분류',0),(77,61,'미분류',0),(78,62,'미분류',0),(79,63,'미분류',0),(80,64,'미분류',0),(81,65,'미분류',0),(82,66,'미분류',0),(83,67,'미분류',0),(84,68,'미분류',0),(85,69,'미분류',0),(86,70,'미분류',0),(87,71,'미분류',0),(88,72,'미분류',0),(89,73,'미분류',0),(90,74,'미분류',0),(91,75,'미분류',0),(92,76,'미분류',0),(93,77,'미분류',0),(94,78,'미분류',0),(95,79,'미분류',0),(96,80,'미분류',0),(97,81,'미분류',0),(98,82,'미분류',0),(99,83,'미분류',0),(100,84,'미분류',0),(101,85,'미분류',0),(102,86,'미분류',0),(103,87,'미분류',0),(104,88,'미분류',0),(105,89,'미분류',0),(106,90,'미분류',0),(107,91,'미분류',0),(108,92,'미분류',0),(109,93,'미분류',0),(110,94,'미분류',0),(111,95,'미분류',0),(112,96,'미분류',0),(113,97,'미분류',0),(114,98,'미분류',0),(115,99,'미분류',0),(116,100,'미분류',0),(117,101,'미분류',0),(118,102,'미분류',0),(119,103,'미분류',0),(120,104,'미분류',0),(121,105,'미분류',0),(122,106,'미분류',0),(123,107,'미분류',0),(124,108,'미분류',0),(125,109,'미분류',0),(126,110,'미분류',0),(127,111,'미분류',0),(128,112,'미분류',0),(129,113,'미분류',0),(130,114,'미분류',0),(131,115,'미분류',0),(132,116,'미분류',0),(133,117,'미분류',0),(134,118,'미분류',0),(136,120,'미분류',0),(137,121,'미분류',0),(138,122,'미분류',0),(139,123,'미분류',0),(140,124,'미분류',0),(141,125,'미분류',0),(142,126,'미분류',0),(143,127,'미분류',0),(144,128,'미분류',0),(145,129,'미분류',0),(146,130,'미분류',0),(147,131,'미분류',0),(148,132,'미분류',0),(149,133,'미분류',0),(150,134,'미분류',0),(151,135,'미분류',0),(152,136,'미분류',0),(153,137,'미분류',0),(154,138,'미분류',0),(155,139,'미분류',0),(156,140,'미분류',0),(157,141,'미분류',0),(158,142,'미분류',0),(159,143,'미분류',0),(160,144,'미분류',0),(161,145,'미분류',0),(162,146,'미분류',0),(163,147,'미분류',0),(164,148,'미분류',0),(165,149,'미분류',0),(166,150,'미분류',0),(167,151,'미분류',0),(168,152,'미분류',0),(169,153,'미분류',0),(170,154,'미분류',0),(171,155,'미분류',0),(172,156,'미분류',0),(173,157,'미분류',0),(174,158,'미분류',0),(175,159,'미분류',0),(176,160,'미분류',0),(177,161,'미분류',0),(178,162,'미분류',0),(179,163,'미분류',0),(180,164,'미분류',0),(181,165,'미분류',0),(182,166,'미분류',0),(183,167,'미분류',0),(184,168,'미분류',0),(185,169,'미분류',0),(186,170,'미분류',0),(187,171,'미분류',0),(188,172,'미분류',0),(189,173,'미분류',0),(190,174,'미분류',0),(191,175,'미분류',0),(192,176,'미분류',0),(193,177,'미분류',0),(194,178,'미분류',0),(195,179,'미분류',0),(196,180,'미분류',0),(197,181,'미분류',0),(198,182,'미분류',0),(199,183,'미분류',0),(200,184,'미분류',0),(201,185,'미분류',0),(202,186,'미분류',0),(203,187,'미분류',0),(204,188,'미분류',0),(205,189,'미분류',0),(206,190,'미분류',0),(207,191,'미분류',0),(208,192,'미분류',0),(209,193,'미분류',0),(210,194,'미분류',0),(211,195,'미분류',0),(212,196,'미분류',0),(213,197,'미분류',0),(214,198,'미분류',0),(215,199,'미분류',0),(216,200,'미분류',0),(217,201,'미분류',0),(218,202,'미분류',0),(219,203,'미분류',0),(220,204,'미분류',0),(221,205,'미분류',0),(222,206,'미분류',0),(223,207,'미분류',0),(224,208,'미분류',0),(225,209,'미분류',0),(226,210,'미분류',0),(227,211,'미분류',0),(228,212,'미분류',0),(229,213,'미분류',0),(230,214,'미분류',0),(231,215,'미분류',0),(232,216,'미분류',0),(233,217,'미분류',0),(234,218,'미분류',0),(235,219,'미분류',0),(236,220,'미분류',0),(237,221,'미분류',0),(238,222,'미분류',0),(239,223,'미분류',0),(240,224,'미분류',0),(241,225,'미분류',0),(242,226,'미분류',0),(243,227,'미분류',0),(244,228,'미분류',0),(245,229,'미분류',0),(246,230,'미분류',0),(247,231,'미분류',0),(248,232,'미분류',0),(249,233,'미분류',0),(250,234,'미분류',0),(251,235,'미분류',0),(252,236,'미분류',0),(253,237,'미분류',0),(254,238,'미분류',0),(255,239,'미분류',0),(256,240,'미분류',0),(257,241,'미분류',0),(258,242,'미분류',0),(259,243,'미분류',0),(260,244,'미분류',0),(261,245,'미분류',0),(262,246,'미분류',0),(263,247,'미분류',0),(264,248,'미분류',0),(265,249,'미분류',0),(266,250,'미분류',0),(267,251,'미분류',0),(268,252,'미분류',0),(269,253,'미분류',0),(270,254,'미분류',0),(271,255,'미분류',0),(272,256,'미분류',0),(273,257,'미분류',0),(274,258,'미분류',0),(275,259,'미분류',0),(276,260,'미분류',0),(277,261,'미분류',0),(278,262,'미분류',0),(279,263,'미분류',0),(280,264,'미분류',0),(281,265,'미분류',0),(282,266,'미분류',0),(283,267,'미분류',0),(284,268,'미분류',0),(285,269,'미분류',0),(286,270,'미분류',0),(287,271,'미분류',0),(288,272,'미분류',0),(289,273,'미분류',0),(290,274,'미분류',0),(291,275,'미분류',0),(292,276,'미분류',0),(293,277,'미분류',0),(294,278,'미분류',0),(295,279,'미분류',0),(296,280,'미분류',0),(297,281,'미분류',0),(298,282,'미분류',0),(299,283,'미분류',0),(300,284,'미분류',0),(301,285,'미분류',0),(302,286,'미분류',0),(303,287,'미분류',0),(304,288,'미분류',0),(305,289,'미분류',0),(306,290,'미분류',0),(307,291,'미분류',0),(308,292,'미분류',0),(309,293,'미분류',0),(310,294,'미분류',0),(311,295,'미분류',0),(312,296,'미분류',0),(313,297,'미분류',0),(314,298,'미분류',0),(315,299,'미분류',0),(316,300,'미분류',0),(317,301,'미분류',0),(318,302,'미분류',0),(319,303,'미분류',0),(320,304,'미분류',0),(321,305,'미분류',0),(322,306,'미분류',0),(323,307,'미분류',0),(324,308,'미분류',0),(325,309,'미분류',0),(326,310,'미분류',0),(327,311,'미분류',0),(328,312,'미분류',0),(329,313,'미분류',0),(330,314,'미분류',0),(331,315,'미분류',0),(332,316,'미분류',0),(333,317,'미분류',0),(334,318,'미분류',0),(335,319,'미분류',0),(336,320,'미분류',0),(337,321,'미분류',0),(338,322,'미분류',0),(340,324,'미분류',0),(341,325,'미분류',0),(342,326,'미분류',0),(343,327,'미분류',0),(344,328,'미분류',0),(345,329,'미분류',0),(346,330,'미분류',0),(347,331,'미분류',0),(349,333,'미분류',0),(350,334,'미분류',0),(351,335,'미분류',0),(352,336,'미분류',0),(353,337,'미분류',0),(354,338,'미분류',0),(355,339,'미분류',0),(356,340,'미분류',0),(357,341,'미분류',0),(358,342,'미분류',0),(359,343,'미분류',0),(360,344,'미분류',0),(361,345,'미분류',0),(362,346,'미분류',0),(363,347,'미분류',0),(364,348,'미분류',0),(365,349,'미분류',0),(366,350,'미분류',0),(367,351,'미분류',0),(368,352,'미분류',0),(369,353,'미분류',0),(370,354,'미분류',0),(371,355,'미분류',0),(372,356,'미분류',0),(374,358,'미분류',0),(375,359,'미분류',0),(376,360,'미분류',0),(377,361,'미분류',0),(378,362,'미분류',0),(379,363,'미분류',0),(380,364,'미분류',0),(381,365,'미분류',0),(382,366,'미분류',0),(383,367,'미분류',0),(384,368,'미분류',0),(385,369,'미분류',0),(386,370,'미분류',0),(387,371,'미분류',0),(389,373,'미분류',0),(390,374,'미분류',0),(392,376,'미분류',0),(393,377,'미분류',0),(394,378,'미분류',0),(395,379,'미분류',0),(396,380,'미분류',0),(397,381,'미분류',0),(398,382,'미분류',0),(399,383,'미분류',0),(400,384,'미분류',0),(401,385,'미분류',0),(402,386,'미분류',0),(403,387,'미분류',0),(404,388,'미분류',0),(405,389,'미분류',0),(407,391,'미분류',0),(408,392,'미분류',0),(409,393,'미분류',0),(410,394,'미분류',0),(411,395,'미분류',0),(412,396,'미분류',0),(413,397,'미분류',0),(414,398,'미분류',0),(415,399,'미분류',0),(416,400,'미분류',0),(417,401,'미분류',0),(418,402,'미분류',0),(419,403,'미분류',0),(420,404,'미분류',0),(421,405,'미분류',0),(422,406,'미분류',0),(423,407,'미분류',0),(424,408,'미분류',0),(425,409,'미분류',0),(426,410,'미분류',0),(427,411,'미분류',0),(428,412,'미분류',0),(429,413,'미분류',0),(430,414,'미분류',0),(431,415,'미분류',0),(432,416,'미분류',0),(433,417,'미분류',0),(434,418,'미분류',0),(435,419,'미분류',0),(436,420,'미분류',0),(437,421,'미분류',0),(438,422,'미분류',0),(439,423,'미분류',0),(440,424,'미분류',0),(441,425,'미분류',0),(442,426,'미분류',0),(443,427,'미분류',0),(444,428,'미분류',0),(445,429,'미분류',0),(446,430,'미분류',0),(447,431,'미분류',0),(448,432,'미분류',0),(449,433,'미분류',0),(450,434,'미분류',0),(451,435,'미분류',0),(452,436,'미분류',0),(453,437,'미분류',0),(454,438,'미분류',0),(455,439,'미분류',0),(456,440,'미분류',0),(457,441,'미분류',0),(458,442,'미분류',0),(459,443,'미분류',0),(460,444,'미분류',0),(461,445,'미분류',0),(462,446,'미분류',0),(463,447,'미분류',0),(464,448,'미분류',0),(465,449,'미분류',0),(466,450,'미분류',0),(467,451,'미분류',0),(468,452,'미분류',0),(469,453,'미분류',0),(470,454,'미분류',0),(471,455,'미분류',0),(472,456,'미분류',0),(473,457,'미분류',0),(474,458,'미분류',0),(475,459,'미분류',0),(476,460,'미분류',0),(477,461,'미분류',0),(478,462,'미분류',0),(479,463,'미분류',0),(480,464,'미분류',0),(481,465,'미분류',0),(482,466,'미분류',0),(483,467,'미분류',0),(484,468,'미분류',0),(485,469,'미분류',0),(486,470,'미분류',0),(487,471,'미분류',0),(488,472,'미분류',0),(489,473,'미분류',0),(490,474,'미분류',0),(491,475,'미분류',0),(492,476,'미분류',0),(493,477,'미분류',0),(494,478,'미분류',0),(495,479,'미분류',0),(496,480,'미분류',0),(497,481,'미분류',0),(498,482,'미분류',0),(499,483,'미분류',0),(500,484,'미분류',0),(501,485,'미분류',0),(502,486,'미분류',0),(503,487,'미분류',0),(504,488,'미분류',0),(505,489,'미분류',0),(506,490,'미분류',0),(507,491,'미분류',0),(508,492,'미분류',0),(509,493,'미분류',0),(510,494,'미분류',0),(511,495,'미분류',0),(512,496,'미분류',0),(513,497,'미분류',0),(514,498,'미분류',0),(515,499,'미분류',0),(516,500,'미분류',0),(517,501,'미분류',0),(518,502,'미분류',0),(519,503,'미분류',0),(520,504,'미분류',0),(521,505,'미분류',0),(522,506,'미분류',0),(523,507,'미분류',0),(524,508,'미분류',0),(525,509,'미분류',0),(526,510,'미분류',0),(527,511,'미분류',0),(528,512,'미분류',0),(529,513,'미분류',0),(530,514,'미분류',0),(531,515,'미분류',0),(532,516,'미분류',0),(533,517,'미분류',0),(534,518,'미분류',0),(535,519,'미분류',0),(536,520,'미분류',0),(537,521,'미분류',0),(538,522,'미분류',0),(539,523,'미분류',0),(540,524,'미분류',0),(541,525,'미분류',0),(542,526,'미분류',0),(543,527,'미분류',0),(544,528,'미분류',0),(545,529,'미분류',0),(546,530,'미분류',0),(547,531,'미분류',0),(548,532,'미분류',0),(549,533,'미분류',0),(550,534,'미분류',0),(551,535,'미분류',0),(552,536,'미분류',0),(553,537,'미분류',0),(554,538,'미분류',0),(555,539,'미분류',0),(556,540,'미분류',0),(557,541,'미분류',0),(558,542,'미분류',0),(559,543,'미분류',0),(560,544,'미분류',0),(561,545,'미분류',0),(562,546,'미분류',0),(563,547,'미분류',0),(564,548,'미분류',0),(565,549,'미분류',0),(566,550,'미분류',0),(567,551,'미분류',0),(568,552,'미분류',0),(569,553,'미분류',0),(570,554,'미분류',0),(571,555,'미분류',0),(572,556,'미분류',0),(573,557,'미분류',0),(574,558,'미분류',0),(575,559,'미분류',0),(576,560,'미분류',0),(577,561,'미분류',0),(578,562,'미분류',0),(579,563,'미분류',0),(580,564,'미분류',0),(581,565,'미분류',0),(582,566,'미분류',0),(583,567,'미분류',0),(584,569,'미분류',0);
/*!40000 ALTER TABLE `menu_option_category` ENABLE KEYS */;
UNLOCK TABLES;

--
-- Table structure for table `notice`
--

DROP TABLE IF EXISTS `notice`;
/*!40101 SET @saved_cs_client     = @@character_set_client */;
/*!50503 SET character_set_client = utf8mb4 */;
CREATE TABLE `notice` (
  `sno_id` int NOT NULL AUTO_INCREMENT,
  `usr_id` int NOT NULL,
  `aem_id` int NOT NULL,
  `content` text NOT NULL,
  `created_at` timestamp NOT NULL,
  `modified_at` timestamp NOT NULL,
  `state` varchar(10) DEFAULT NULL,
  PRIMARY KEY (`sno_id`)
) ENGINE=InnoDB AUTO_INCREMENT=53 DEFAULT CHARSET=utf8mb4 COLLATE=utf8mb4_0900_ai_ci;
/*!40101 SET character_set_client = @saved_cs_client */;

--
-- Dumping data for table `notice`
--

LOCK TABLES `notice` WRITE;
/*!40000 ALTER TABLE `notice` DISABLE KEYS */;
INSERT INTO `notice` VALUES (1,19,1230,'공지글입니다 !!','2023-08-07 11:50:55','2023-08-07 11:50:55','PUBLIC'),(2,40,1231,'공지글입니다6 !!','2023-08-07 11:53:00','2023-08-08 01:17:19','PRIVATE'),(3,41,1231,'공지글입니다1 !!','2023-08-08 00:45:50','2023-08-08 00:45:50','PUBLIC'),(4,42,1239,'공지글입니다 2!!','2023-08-08 00:50:53','2023-08-08 00:50:53','PRIVATE'),(6,43,1239,'공지글입니다3 !!','2023-08-08 01:16:38','2023-08-08 01:17:14','PUBLIC'),(7,44,1231,'공지글입니다4 !!','2023-08-08 02:07:42','2023-08-08 02:07:42','PUBLIC'),(8,44,1231,'공지글입니다5 !!','2023-08-08 02:07:42','2023-08-08 02:07:42','PUBLIC'),(9,45,1231,'공지글입니다6 !!','2023-08-08 02:07:42','2023-08-08 02:07:42','PUBLIC'),(10,46,1231,'공지글입니다 7!!','2023-08-08 02:07:42','2023-08-08 02:07:42','PRIVATE'),(11,47,1231,'공지글입니다 8!!','2023-08-08 02:07:42','2023-08-08 02:07:42','PUBLIC'),(42,21,1231,'정말 여러분 모두 안녕하세요 너무 고생이 많아요!','2023-08-17 05:18:15','2023-08-17 05:18:15','PUBLIC'),(44,21,1231,'ㅎㅇ','2023-08-17 05:28:59','2023-08-17 05:28:59','PUBLIC'),(46,21,1231,'안뇽하세요!','2023-08-17 06:09:04','2023-08-17 08:28:44','PUBLIC'),(51,21,1231,'멋진 사진입니다.','2023-08-18 00:46:30','2023-08-18 00:46:30','PUBLIC'),(52,21,1231,'안녕하세요!','2023-08-18 00:46:53','2023-08-18 00:46:53','PUBLIC');
/*!40000 ALTER TABLE `notice` ENABLE KEYS */;
UNLOCK TABLES;

--
-- Table structure for table `notification`
--

DROP TABLE IF EXISTS `notification`;
/*!40101 SET @saved_cs_client     = @@character_set_client */;
/*!50503 SET character_set_client = utf8mb4 */;
CREATE TABLE `notification` (
  `ala_id` int NOT NULL AUTO_INCREMENT,
  `usr_id` int NOT NULL,
  `type` varchar(10) DEFAULT NULL,
  `content` text,
  `related_url` text,
  `is_read` tinyint DEFAULT NULL,
  `created_at` timestamp NULL DEFAULT NULL,
  `modified_at` timestamp NULL DEFAULT NULL,
  PRIMARY KEY (`ala_id`)
) ENGINE=InnoDB AUTO_INCREMENT=288 DEFAULT CHARSET=utf8mb4 COLLATE=utf8mb4_0900_ai_ci;
/*!40101 SET character_set_client = @saved_cs_client */;

--
-- Dumping data for table `notification`
--

LOCK TABLES `notification` WRITE;
/*!40000 ALTER TABLE `notification` DISABLE KEYS */;
INSERT INTO `notification` VALUES (64,37,'READY','주문이 도착했어요.',NULL,0,'2023-08-12 06:18:42','2023-08-12 06:18:42'),(65,21,'READY','주문이 도착했어요.',NULL,0,'2023-08-12 06:18:55','2023-08-12 06:18:55'),(66,37,'READY','주문이 도착했어요.',NULL,0,'2023-08-12 06:20:37','2023-08-12 06:20:37'),(67,37,'READY','주문이 도착했어요.',NULL,0,'2023-08-12 06:20:38','2023-08-12 06:20:38'),(68,37,'READY','주문이 도착했습니다.','/order/9',0,'2023-08-12 06:22:48','2023-08-12 06:22:48'),(69,37,'READY','주문이 도착했습니다.','/order/9',0,'2023-08-12 06:23:02','2023-08-12 06:23:02'),(70,37,'READY','주문이 도착했습니다.','/order/9',0,'2023-08-12 06:23:03','2023-08-12 06:23:03'),(71,22,'READY','주문이 수락되었습니다.','/order/9',0,'2023-08-12 08:23:25','2023-08-12 08:23:25'),(72,22,'ACCEPT','주문이 수락되었습니다.','/order/8',0,'2023-08-13 11:46:09','2023-08-13 11:46:09'),(73,17,'ACCEPT','주문이 수락되었습니다.','/order/6',0,'2023-08-13 11:50:13','2023-08-13 11:50:13'),(74,17,'REJECT','주문이 거절되었습니다.','/order/6',0,'2023-08-13 11:51:33','2023-08-13 11:51:33'),(75,21,'READY','주문이 도착했습니다.','/order/23',0,'2023-08-13 11:56:34','2023-08-13 11:56:34'),(76,21,'READY','주문이 도착했습니다.','/order/23',0,'2023-08-13 12:07:15','2023-08-13 12:07:15'),(77,21,'READY','test','data',0,'2023-08-13 12:15:49','2023-08-13 12:15:49'),(78,21,'READY','주문이 도착했습니다.','/order/23',0,'2023-08-13 12:50:45','2023-08-13 12:50:45'),(79,21,'READY','주문이 도착했습니다.','/order/24',0,'2023-08-13 14:13:07','2023-08-13 14:13:07'),(80,23,'ACCEPT','주문이 수락되었습니다.','/order/24',0,'2023-08-13 14:15:04','2023-08-13 14:15:04'),(81,21,'READY','주문이 도착했습니다.','/order/25',0,'2023-08-13 14:16:42','2023-08-13 14:16:42'),(82,23,'ACCEPT','주문이 수락되었습니다.','/order/25',0,'2023-08-13 14:16:47','2023-08-13 14:16:47'),(83,23,'COMPLETED','픽업이 완료되었습니다.','/order/25',0,'2023-08-13 14:19:06','2023-08-13 14:19:06'),(84,21,'READY','주문이 도착했습니다.','/order/23',0,'2023-08-13 15:56:29','2023-08-13 15:56:29'),(85,21,'READY','주문이 도착했습니다.','/order/26',0,'2023-08-13 16:05:49','2023-08-13 16:05:49'),(86,21,'READY','주문이 도착했습니다.','/order/40',0,'2023-08-13 16:08:16','2023-08-13 16:08:16'),(87,21,'READY','주문이 도착했습니다.','/order/23',0,'2023-08-14 00:35:33','2023-08-14 00:35:33'),(88,21,'READY','주문이 도착했습니다.','/order/23',0,'2023-08-14 00:40:45','2023-08-14 00:40:45'),(89,21,'READY','주문이 도착했습니다.','/order/23',0,'2023-08-14 01:17:24','2023-08-14 01:17:24'),(90,21,'READY','주문이 도착했습니다.','/order/41',0,'2023-08-14 01:23:43','2023-08-14 01:23:43'),(91,21,'READY','주문이 도착했습니다.','/order/42',0,'2023-08-14 01:23:46','2023-08-14 01:23:46'),(92,21,'READY','주문이 도착했습니다.','/order/43',0,'2023-08-14 01:23:50','2023-08-14 01:23:50'),(93,21,'READY','주문이 도착했습니다.','/order/44',0,'2023-08-14 01:23:56','2023-08-14 01:23:56'),(94,21,'READY','test','data',0,'2023-08-14 01:25:22','2023-08-14 01:25:22'),(95,21,'READY','test','data',0,'2023-08-14 01:25:23','2023-08-14 01:25:23'),(96,21,'READY','test','data',0,'2023-08-14 01:25:24','2023-08-14 01:25:24'),(97,21,'READY','test','data',0,'2023-08-14 01:25:24','2023-08-14 01:25:24'),(98,21,'READY','test','data',0,'2023-08-14 01:25:27','2023-08-14 01:25:27'),(99,21,'READY','test','data',0,'2023-08-14 01:25:29','2023-08-14 01:25:29'),(100,21,'READY','test','data',0,'2023-08-14 01:25:29','2023-08-14 01:25:29'),(101,21,'READY','test','data',0,'2023-08-14 01:25:30','2023-08-14 01:25:30'),(102,21,'READY','test','data',0,'2023-08-14 01:25:30','2023-08-14 01:25:30'),(103,21,'READY','test','data',0,'2023-08-14 01:25:40','2023-08-14 01:25:40'),(104,21,'READY','test','data',0,'2023-08-14 01:25:40','2023-08-14 01:25:40'),(105,21,'READY','test','data',0,'2023-08-14 01:26:07','2023-08-14 01:26:07'),(106,21,'READY','test','data',0,'2023-08-14 01:26:20','2023-08-14 01:26:20'),(107,21,'READY','test','data',0,'2023-08-14 01:26:31','2023-08-14 01:26:31'),(108,21,'READY','주문이 도착했습니다.','/order/44',0,'2023-08-14 01:44:44','2023-08-14 01:44:44'),(109,21,'READY','주문이 도착했습니다.','/order/41',0,'2023-08-14 01:47:19','2023-08-14 01:47:19'),(110,21,'READY','test','data',0,'2023-08-14 02:16:59','2023-08-14 02:16:59'),(111,21,'READY','test','data',0,'2023-08-14 02:17:00','2023-08-14 02:17:00'),(112,21,'READY','test','data',0,'2023-08-14 02:17:01','2023-08-14 02:17:01'),(113,21,'READY','test','data',0,'2023-08-14 02:17:01','2023-08-14 02:17:01'),(114,21,'READY','test','data',0,'2023-08-14 02:17:02','2023-08-14 02:17:02'),(115,21,'READY','test','data',0,'2023-08-14 02:17:02','2023-08-14 02:17:02'),(116,21,'READY','test','data',0,'2023-08-14 02:17:03','2023-08-14 02:17:03'),(117,21,'READY','test','data',0,'2023-08-14 02:17:04','2023-08-14 02:17:04'),(118,21,'READY','test','data',0,'2023-08-14 02:49:49','2023-08-14 02:49:49'),(119,21,'READY','test','data',0,'2023-08-14 02:52:56','2023-08-14 02:52:56'),(120,21,'READY','test','data',0,'2023-08-14 02:53:12','2023-08-14 02:53:12'),(121,21,'READY','test','data',0,'2023-08-14 03:12:08','2023-08-14 03:12:08'),(122,21,'READY','주문이 도착했습니다.','/order/41',0,'2023-08-14 03:12:32','2023-08-14 03:12:32'),(123,21,'READY','주문이 도착했습니다.','/order/42',0,'2023-08-14 03:17:27','2023-08-14 03:17:27'),(124,21,'READY','주문이 도착했습니다.','/order/42',0,'2023-08-14 03:20:34','2023-08-14 03:20:34'),(125,21,'READY','주문이 도착했습니다.','/order/43',0,'2023-08-14 03:20:52','2023-08-14 03:20:52'),(126,21,'READY','주문이 도착했습니다.','/order/41',0,'2023-08-14 03:27:19','2023-08-14 03:27:19'),(127,21,'READY','주문이 도착했습니다.','/order/42',0,'2023-08-14 03:27:22','2023-08-14 03:27:22'),(128,21,'READY','주문이 도착했습니다.','/order/43',0,'2023-08-14 03:27:27','2023-08-14 03:27:27'),(129,21,'READY','주문이 도착했습니다.','/order/44',0,'2023-08-14 03:33:58','2023-08-14 03:33:58'),(130,21,'READY','주문이 도착했습니다.','/order/41',0,'2023-08-14 03:36:11','2023-08-14 03:36:11'),(131,21,'READY','주문이 도착했습니다.','/order/42',0,'2023-08-14 03:37:24','2023-08-14 03:37:24'),(132,21,'READY','주문이 도착했습니다.','/order/41',0,'2023-08-14 03:41:07','2023-08-14 03:41:07'),(133,21,'READY','주문이 도착했습니다.','/order/42',0,'2023-08-14 03:41:10','2023-08-14 03:41:10'),(134,21,'READY','주문이 도착했습니다.','/order/43',0,'2023-08-14 03:44:08','2023-08-14 03:44:08'),(135,21,'READY','주문이 도착했습니다.','/order/44',0,'2023-08-14 03:44:38','2023-08-14 03:44:38'),(136,21,'READY','주문이 도착했습니다.','/order/45',0,'2023-08-14 03:44:41','2023-08-14 03:44:41'),(137,21,'READY','주문이 도착했습니다.','/order/41',0,'2023-08-14 03:49:51','2023-08-14 03:49:51'),(138,21,'READY','주문이 도착했습니다.','/order/42',0,'2023-08-14 03:49:57','2023-08-14 03:49:57'),(139,21,'READY','주문이 도착했습니다.','/order/43',0,'2023-08-14 03:50:00','2023-08-14 03:50:00'),(140,21,'READY','주문이 도착했습니다.','/order/44',0,'2023-08-14 03:50:02','2023-08-14 03:50:02'),(141,21,'READY','주문이 도착했습니다.','/order/45',0,'2023-08-14 03:50:05','2023-08-14 03:50:05'),(142,21,'READY','주문이 도착했습니다.','/order/46',0,'2023-08-14 03:50:14','2023-08-14 03:50:14'),(143,21,'READY','주문이 도착했습니다.','/order/47',0,'2023-08-14 03:50:19','2023-08-14 03:50:19'),(144,21,'READY','주문이 도착했습니다.','/order/48',0,'2023-08-14 03:50:26','2023-08-14 03:50:26'),(145,21,'READY','주문이 도착했습니다.','/order/49',0,'2023-08-14 03:50:31','2023-08-14 03:50:31'),(146,21,'READY','주문이 도착했습니다.','/order/41',0,'2023-08-14 03:51:06','2023-08-14 03:51:06'),(147,21,'READY','주문이 도착했습니다.','/order/42',0,'2023-08-14 03:51:10','2023-08-14 03:51:10'),(148,21,'READY','order','/order/41',0,'2023-08-14 06:48:57','2023-08-14 06:48:57'),(149,21,'READY','주문이 도착했습니다.','/order/42',0,'2023-08-14 06:52:37','2023-08-14 06:52:37'),(150,21,'READY','주문이 도착했습니다.','/order/41',0,'2023-08-14 06:55:10','2023-08-14 06:55:10'),(151,21,'READY','주문이 도착했습니다.','/order/42',0,'2023-08-14 06:55:13','2023-08-14 06:55:13'),(152,21,'READY','주문이 도착했습니다.','/order/43',0,'2023-08-14 06:55:16','2023-08-14 06:55:16'),(153,21,'READY','주문이 도착했습니다.','/order/44',0,'2023-08-14 06:55:21','2023-08-14 06:55:21'),(154,21,'READY','주문이 도착했습니다.','/order/45',0,'2023-08-14 06:57:54','2023-08-14 06:57:54'),(155,21,'READY','주문이 도착했습니다.','/order/41',0,'2023-08-14 07:02:27','2023-08-14 07:02:27'),(156,21,'READY','주문이 도착했습니다.','/order/42',0,'2023-08-14 07:02:32','2023-08-14 07:02:32'),(157,21,'READY','주문이 도착했습니다.','/order/43',0,'2023-08-14 07:02:36','2023-08-14 07:02:36'),(158,21,'READY','주문이 도착했습니다.','/order/44',0,'2023-08-14 07:02:51','2023-08-14 07:02:51'),(159,21,'READY','주문이 도착했습니다.','/order/45',0,'2023-08-14 07:05:59','2023-08-14 07:05:59'),(160,21,'READY','주문이 도착했습니다.','/order/41',0,'2023-08-14 07:08:39','2023-08-14 07:08:39'),(161,21,'READY','주문이 도착했습니다.','/order/42',0,'2023-08-14 07:08:54','2023-08-14 07:08:54'),(162,21,'READY','주문이 도착했습니다.','/order/43',0,'2023-08-14 07:09:01','2023-08-14 07:09:01'),(163,21,'READY','주문이 도착했습니다.','/order/44',0,'2023-08-14 07:09:10','2023-08-14 07:09:10'),(164,23,'REJECT','notice','/store/daily/19',0,'2023-08-14 07:45:16','2023-08-14 07:45:16'),(165,23,'REJECT','notice','/store/daily/20',0,'2023-08-14 07:45:27','2023-08-14 07:45:27'),(166,23,'REJECT','새로운 공지가 있어요.','/store/daily/21',0,'2023-08-14 07:46:30','2023-08-14 07:46:30'),(167,23,'REJECT','새로운 공지가 있어요.','/store/daily/22',0,'2023-08-14 07:49:53','2023-08-14 07:49:53'),(168,23,'REJECT','새로운 공지가 있어요.','/store/daily/23',0,'2023-08-14 07:50:09','2023-08-14 07:50:09'),(169,23,'REJECT','새로운 공지가 있어요.','/store/daily/24',0,'2023-08-14 07:55:29','2023-08-14 07:55:29'),(170,23,'REJECT','새로운 공지가 있어요.','/store/daily/25',0,'2023-08-14 07:55:53','2023-08-14 07:55:53'),(171,23,'REJECT','새로운 공지가 있어요.','/store/daily/26',0,'2023-08-14 07:56:09','2023-08-14 07:56:09'),(172,23,'REJECT','새로운 공지가 있어요.','/store/daily/27',0,'2023-08-14 07:56:10','2023-08-14 07:56:10'),(173,23,'REJECT','새로운 공지가 있어요.','/store/daily/28',0,'2023-08-14 07:56:11','2023-08-14 07:56:11'),(174,23,'REJECT','새로운 공지가 있어요.','/store/daily/29',0,'2023-08-14 07:56:44','2023-08-14 07:56:44'),(175,23,'REJECT','새로운 공지가 있어요.','/store/daily/30',0,'2023-08-14 07:57:07','2023-08-14 07:57:07'),(176,23,'REJECT','새로운 공지가 있어요.','/store/daily/31',0,'2023-08-14 07:57:07','2023-08-14 07:57:07'),(177,23,'COMPLETED','픽업이 완료되었습니다.','/order/41',0,'2023-08-14 08:01:04','2023-08-14 08:01:04'),(178,23,'COMPLETED','픽업이 완료되었습니다.','/order/42',0,'2023-08-14 08:01:30','2023-08-14 08:01:30'),(179,23,'COMPLETED','픽업이 완료되었습니다.','/order/43',0,'2023-08-14 08:01:32','2023-08-14 08:01:32'),(180,23,'REJECT','새로운 공지가 있어요.','/store/daily/32',0,'2023-08-14 08:01:37','2023-08-14 08:01:37'),(181,23,'REJECT','새로운 공지가 있어요.','/store/daily/33',0,'2023-08-14 08:04:10','2023-08-14 08:04:10'),(182,23,'COMPLETED','픽업이 완료되었습니다.','/order/41',0,'2023-08-14 08:04:18','2023-08-14 08:04:18'),(183,23,'COMPLETED','픽업이 완료되었습니다.','/order/42',0,'2023-08-14 08:04:38','2023-08-14 08:04:38'),(184,23,'COMPLETED','픽업이 완료되었습니다.','/order/43',0,'2023-08-14 08:04:41','2023-08-14 08:04:41'),(185,23,'REJECT','새로운 공지가 있어요.','/store/daily/34',0,'2023-08-14 08:04:42','2023-08-14 08:04:42'),(186,23,'COMPLETED','픽업이 완료되었습니다.','/order/44',0,'2023-08-14 08:09:26','2023-08-14 08:09:26'),(187,23,'REJECT','새로운 공지가 있어요.','/store/daily/35',0,'2023-08-14 08:09:30','2023-08-14 08:09:30'),(188,21,'READY','주문이 도착했습니다.','/order/45',0,'2023-08-14 08:09:38','2023-08-14 08:09:38'),(189,21,'READY','주문이 도착했습니다.','/order/46',0,'2023-08-14 08:10:12','2023-08-14 08:10:12'),(190,21,'READY','주문이 도착했습니다.','/order/47',0,'2023-08-14 08:10:16','2023-08-14 08:10:16'),(191,23,'COMPLETED','픽업이 완료되었습니다.','/order/48',0,'2023-08-14 08:13:28','2023-08-14 08:13:28'),(192,23,'REJECT','새로운 공지가 있어요.','/store/daily/36',0,'2023-08-14 08:30:34','2023-08-14 08:30:34'),(193,23,'COMPLETED','픽업이 완료되었습니다.','/order/49',0,'2023-08-14 08:30:44','2023-08-14 08:30:44'),(194,23,'REJECT','새로운 공지가 있어요.','/store/daily/37',0,'2023-08-14 08:50:41','2023-08-14 08:50:41'),(195,23,'REJECT','새로운 공지가 있어요.','/store/daily/38',0,'2023-08-14 10:43:23','2023-08-14 10:43:23'),(196,21,'READY','주문이 도착했습니다.','/order/41',0,'2023-08-14 10:44:01','2023-08-14 10:44:01'),(197,21,'READY','주문이 도착했습니다.','/order/42',0,'2023-08-14 10:44:04','2023-08-14 10:44:04'),(198,21,'READY','주문이 도착했습니다.','/order/43',0,'2023-08-14 10:44:08','2023-08-14 10:44:08'),(199,23,'COMPLETED','픽업이 완료되었습니다.','/order/41',0,'2023-08-14 10:44:50','2023-08-14 10:44:50'),(200,23,'COMPLETED','픽업이 완료되었습니다.','/order/42',0,'2023-08-14 10:44:52','2023-08-14 10:44:52'),(201,23,'COMPLETED','픽업이 완료되었습니다.','/order/43',0,'2023-08-14 10:44:54','2023-08-14 10:44:54'),(202,23,'ACCEPT','주문이 수락되었습니다.','/order/47',0,'2023-08-14 10:50:05','2023-08-14 10:50:05'),(203,23,'REJECT','주문이 거절되었습니다.','/order/46',0,'2023-08-14 10:50:09','2023-08-14 10:50:09'),(204,21,'READY','test','data',0,'2023-08-14 10:50:58','2023-08-14 10:50:58'),(205,21,'READY','test','data',0,'2023-08-14 10:52:09','2023-08-14 10:52:09'),(206,21,'READY','test','data',0,'2023-08-14 10:52:51','2023-08-14 10:52:51'),(207,21,'READY','message','data',0,'2023-08-14 10:53:05','2023-08-14 10:53:05'),(208,23,'READY','message','data',0,'2023-08-14 10:53:24','2023-08-14 10:53:24'),(209,23,'READY','message','data',0,'2023-08-14 10:53:25','2023-08-14 10:53:25'),(210,23,'READY','message','data',0,'2023-08-14 10:53:35','2023-08-14 10:53:35'),(211,23,'READY','message','data',0,'2023-08-14 10:53:41','2023-08-14 10:53:41'),(212,23,'READY','message','data',0,'2023-08-14 10:53:53','2023-08-14 10:53:53'),(213,23,'READY','message','data',0,'2023-08-14 10:54:12','2023-08-14 10:54:12'),(214,23,'READY','message','data',0,'2023-08-14 10:54:12','2023-08-14 10:54:12'),(215,23,'READY','message','data',0,'2023-08-14 10:54:13','2023-08-14 10:54:13'),(216,23,'ACCEPT','주문이 수락되었습니다.','/order/45',0,'2023-08-14 10:54:18','2023-08-14 10:54:18'),(217,23,'READY','message','data',0,'2023-08-14 10:54:47','2023-08-14 10:54:47'),(218,23,'REJECT','새로운 공지가 있어요.','/store/daily/39',0,'2023-08-14 10:56:14','2023-08-14 10:56:14'),(219,17,'ACCEPT','주문이 수락되었습니다.','/order/7',0,'2023-08-14 11:07:58','2023-08-14 11:07:58'),(220,23,'REJECT','새로운 공지가 있어요.','/store/daily/40',0,'2023-08-14 11:08:41','2023-08-14 11:08:41'),(221,23,'ACCEPT','주문이 수락되었습니다.','/order/44',0,'2023-08-14 11:10:42','2023-08-14 11:10:42'),(222,23,'ACCEPT','주문이 수락되었습니다.','/order/43',0,'2023-08-14 11:10:46','2023-08-14 11:10:46'),(223,23,'ACCEPT','주문이 수락되었습니다.','/order/42',0,'2023-08-14 11:10:47','2023-08-14 11:10:47'),(224,23,'ACCEPT','주문이 수락되었습니다.','/order/41',0,'2023-08-14 11:10:50','2023-08-14 11:10:50'),(225,23,'ACCEPT','주문이 수락되었습니다.','/order/24',0,'2023-08-14 11:10:50','2023-08-14 11:10:50'),(226,23,'ACCEPT','주문이 수락되었습니다.','/order/45',0,'2023-08-14 11:14:01','2023-08-14 11:14:01'),(227,23,'ACCEPT','주문이 수락되었습니다.','/order/42',0,'2023-08-14 11:14:02','2023-08-14 11:14:02'),(228,23,'ACCEPT','주문이 수락되었습니다.','/order/43',0,'2023-08-14 11:14:03','2023-08-14 11:14:03'),(229,23,'REJECT','주문이 거절되었습니다.','/order/41',0,'2023-08-14 11:14:05','2023-08-14 11:14:05'),(230,23,'REJECT','주문이 거절되었습니다.','/order/44',0,'2023-08-14 11:14:06','2023-08-14 11:14:06'),(231,23,'COMPLETED','픽업이 완료되었습니다.','/order/47',0,'2023-08-14 11:23:46','2023-08-14 11:23:46'),(232,23,'COMPLETED','픽업이 완료되었습니다.','/order/43',0,'2023-08-14 11:23:47','2023-08-14 11:23:47'),(233,23,'COMPLETED','픽업이 완료되었습니다.','/order/42',0,'2023-08-14 11:23:48','2023-08-14 11:23:48'),(234,23,'COMPLETED','픽업이 완료되었습니다.','/order/24',0,'2023-08-14 11:23:49','2023-08-14 11:23:49'),(235,17,'COMPLETED','픽업이 완료되었습니다.','/order/7',0,'2023-08-14 11:23:50','2023-08-14 11:23:50'),(236,23,'COMPLETED','픽업이 완료되었습니다.','/order/45',0,'2023-08-14 11:23:52','2023-08-14 11:23:52'),(237,23,'ACCEPT','주문이 수락되었습니다.','/order/35',0,'2023-08-14 12:42:20','2023-08-14 12:42:20'),(238,23,'ACCEPT','주문이 수락되었습니다.','/order/34',0,'2023-08-14 12:42:22','2023-08-14 12:42:22'),(239,23,'ACCEPT','주문이 수락되었습니다.','/order/33',0,'2023-08-14 12:42:23','2023-08-14 12:42:23'),(240,23,'REJECT','주문이 거절되었습니다.','/order/32',0,'2023-08-14 12:42:27','2023-08-14 12:42:27'),(241,23,'ACCEPT','주문이 수락되었습니다.','/order/43',0,'2023-08-15 02:50:35','2023-08-15 02:50:35'),(242,23,'ACCEPT','주문이 수락되었습니다.','/order/42',0,'2023-08-15 02:57:28','2023-08-15 02:57:28'),(243,23,'REJECT','주문이 거절되었습니다.','/order/41',0,'2023-08-15 02:58:05','2023-08-15 02:58:05'),(244,23,'COMPLETED','픽업이 완료되었습니다.','/order/43',0,'2023-08-15 02:58:12','2023-08-15 02:58:12'),(245,23,'ACCEPT','주문이 수락되었습니다.','/order/40',0,'2023-08-15 03:22:07','2023-08-15 03:22:07'),(246,23,'REJECT','주문이 거절되었습니다.','/order/39',0,'2023-08-15 03:22:13','2023-08-15 03:22:13'),(247,23,'ACCEPT','주문이 수락되었습니다.','/order/38',0,'2023-08-15 04:36:41','2023-08-15 04:36:41'),(248,23,'ACCEPT','주문이 수락되었습니다.','/order/37',0,'2023-08-15 04:37:03','2023-08-15 04:37:03'),(249,23,'ACCEPT','주문이 수락되었습니다.','/order/36',0,'2023-08-15 04:37:28','2023-08-15 04:37:28'),(250,23,'COMPLETED','픽업이 완료되었습니다.','/order/42',0,'2023-08-15 04:42:41','2023-08-15 04:42:41'),(251,21,'READY','주문이 도착했습니다.','김유현',0,'2023-08-15 04:58:36','2023-08-15 04:58:36'),(252,21,'READY','주문이 도착했습니다.','펭귄네 가게',0,'2023-08-15 05:00:39','2023-08-15 05:00:39'),(253,23,'ACCEPT','주문이 수락되었습니다.','펭귄네 가게',0,'2023-08-15 05:12:27','2023-08-15 05:12:27'),(254,23,'ACCEPT','주문이 수락되었습니다.','펭귄네 가게',0,'2023-08-15 05:12:51','2023-08-15 05:12:51'),(255,23,'ACCEPT','주문이 수락되었습니다.','펭귄네 가게',0,'2023-08-15 05:17:59','2023-08-15 05:17:59'),(256,23,'ACCEPT','주문이 수락되었습니다.','펭귄네 가게',0,'2023-08-15 05:21:21','2023-08-15 05:21:21'),(257,23,'ACCEPT','주문이 수락되었습니다.','펭귄네 가게',0,'2023-08-15 05:22:38','2023-08-15 05:22:38'),(258,23,'ACCEPT','주문이 수락되었습니다.','펭귄네 가게',0,'2023-08-15 05:24:26','2023-08-15 05:24:26'),(259,23,'COMPLETED','픽업이 완료되었습니다.','펭귄네 가게',0,'2023-08-15 05:52:24','2023-08-15 05:52:24'),(260,23,'COMPLETED','픽업이 완료되었습니다.','펭귄네 가게',0,'2023-08-15 05:52:29','2023-08-15 05:52:29'),(261,23,'COMPLETED','픽업이 완료되었습니다.','펭귄네 가게',0,'2023-08-15 11:07:46','2023-08-15 11:07:46'),(262,21,'READY','주문이 도착했습니다.','펭귄네 가게',0,'2023-08-16 07:20:32','2023-08-16 07:20:32'),(263,23,'REJECT','새로운 공지가 있어요.','/store/daily/41',0,'2023-08-16 12:51:52','2023-08-16 12:51:52'),(264,21,'READY','주문이 도착했습니다.','펭귄네 가게',0,'2023-08-17 05:17:05','2023-08-17 05:17:05'),(265,23,'REJECT','새로운 공지가 있어요.','/store/daily/42',0,'2023-08-17 05:18:15','2023-08-17 05:18:15'),(266,23,'REJECT','새로운 공지가 있어요.','/store/daily/43',0,'2023-08-17 05:19:48','2023-08-17 05:19:48'),(267,23,'ACCEPT','주문이 수락되었습니다.','펭귄네 가게',0,'2023-08-17 05:21:20','2023-08-17 05:21:20'),(268,23,'COMPLETED','픽업이 완료되었습니다.','펭귄네 가게',0,'2023-08-17 05:21:29','2023-08-17 05:21:29'),(269,23,'COMPLETED','픽업이 완료되었습니다.','펭귄네 가게',0,'2023-08-17 05:26:46','2023-08-17 05:26:46'),(270,23,'REJECT','새로운 공지가 있어요.','/store/daily/44',0,'2023-08-17 05:28:59','2023-08-17 05:28:59'),(271,23,'REJECT','새로운 공지가 있어요.','/store/daily/45',0,'2023-08-17 05:33:32','2023-08-17 05:33:32'),(272,23,'ACCEPT','주문이 수락되었습니다.','펭귄네 가게',0,'2023-08-17 05:50:22','2023-08-17 05:50:22'),(273,23,'REJECT','새로운 공지가 있어요.','/store/daily/46',0,'2023-08-17 06:09:04','2023-08-17 06:09:04'),(274,23,'REJECT','새로운 공지가 있어요.','/store/daily/47',0,'2023-08-17 07:11:18','2023-08-17 07:11:18'),(275,23,'REJECT','새로운 공지가 있어요.','/store/daily/48',0,'2023-08-17 07:13:38','2023-08-17 07:13:38'),(276,23,'REJECT','새로운 공지가 있어요.','/store/daily/49',0,'2023-08-17 07:33:24','2023-08-17 07:33:24'),(277,23,'COMPLETED','픽업이 완료되었습니다.','펭귄네 가게',0,'2023-08-17 08:51:48','2023-08-17 08:51:48'),(278,21,'READY','주문이 도착했습니다.','펭소네 가게',0,'2023-08-17 18:56:11','2023-08-17 18:56:11'),(279,23,'ACCEPT','주문이 수락되었습니다.','펭소네 가게',0,'2023-08-17 18:56:51','2023-08-17 18:56:51'),(280,23,'COMPLETED','픽업이 완료되었습니다.','펭소네 가게',0,'2023-08-17 19:01:32','2023-08-17 19:01:32'),(281,23,'REJECT','새로운 공지가 있어요.','/store/daily/50',0,'2023-08-17 19:02:36','2023-08-17 19:02:36'),(282,21,'READY','주문이 도착했습니다.','펭소네 가게',0,'2023-08-17 23:14:19','2023-08-17 23:14:19'),(283,23,'ACCEPT','주문이 수락되었습니다.','펭소네 가게',0,'2023-08-17 23:14:40','2023-08-17 23:14:40'),(284,118,'READY','주문이 도착했습니다.','전지연씨도넛',0,'2023-08-18 00:15:40','2023-08-18 00:15:40'),(285,23,'REJECT','새로운 공지가 있어요.','/store/daily/51',0,'2023-08-18 00:46:30','2023-08-18 00:46:30'),(286,23,'REJECT','새로운 공지가 있어요.','/store/daily/52',0,'2023-08-18 00:46:53','2023-08-18 00:46:53'),(287,23,'COMPLETED','픽업이 완료되었습니다.','펭소네 가게',0,'2023-08-18 01:07:47','2023-08-18 01:07:47');
/*!40000 ALTER TABLE `notification` ENABLE KEYS */;
UNLOCK TABLES;

--
-- Table structure for table `order_menu`
--

DROP TABLE IF EXISTS `order_menu`;
/*!40101 SET @saved_cs_client     = @@character_set_client */;
/*!50503 SET character_set_client = utf8mb4 */;
CREATE TABLE `order_menu` (
  `orm_id` int NOT NULL AUTO_INCREMENT,
  `ord_id` int NOT NULL,
  `product_id` int NOT NULL,
  `quantity` int NOT NULL DEFAULT '1',
  `price` int NOT NULL,
  `type` varchar(45) NOT NULL,
  PRIMARY KEY (`orm_id`)
) ENGINE=InnoDB AUTO_INCREMENT=574 DEFAULT CHARSET=utf8mb4 COLLATE=utf8mb4_0900_ai_ci;
/*!40101 SET character_set_client = @saved_cs_client */;

--
-- Dumping data for table `order_menu`
--

LOCK TABLES `order_menu` WRITE;
/*!40000 ALTER TABLE `order_menu` DISABLE KEYS */;
INSERT INTO `order_menu` VALUES (102,52,567,3,3000,'ME01'),(103,52,566,5,1000,'ME01'),(104,52,567,1,3000,'ME01'),(105,53,567,1,3000,'ME01'),(106,54,224,1,3800,'ME01'),(107,55,283,1,3000,'ME01'),(108,55,284,1,3500,'ME01'),(109,55,285,1,3500,'ME01'),(110,56,447,1,3500,'ME01'),(111,56,441,3,17000,'ME01'),(112,57,97,1,2800,'ME01'),(113,57,99,5,3500,'ME01'),(114,58,369,1,4500,'ME01'),(115,58,370,4,4500,'ME01'),(116,59,300,9,3000,'ME01'),(117,60,567,1,3000,'ME01'),(118,60,566,1,1000,'ME01'),(119,61,567,1,3000,'ME01'),(120,61,566,1,1000,'ME01'),(121,62,567,1,3000,'ME01'),(122,62,566,1,1000,'ME01'),(123,63,567,1,3000,'ME01'),(124,63,566,1,1000,'ME01'),(125,64,333,3,7000,'ME01'),(126,64,335,5,8000,'ME01'),(127,64,334,5,7000,'ME01'),(128,65,491,2,4000,'ME01'),(129,65,489,3,1500,'ME01'),(130,65,488,1,3000,'ME01'),(131,66,300,1,3000,'ME01'),(132,66,301,1,3000,'ME01'),(133,66,298,1,4000,'ME01'),(134,67,541,1,15000,'ME01'),(135,67,544,1,12000,'ME01'),(136,67,543,1,18000,'ME01'),(137,68,536,1,4000,'ME01'),(138,68,537,1,4500,'ME01'),(139,68,540,1,4500,'ME01'),(140,69,451,1,7000,'ME01'),(141,69,452,1,7000,'ME01'),(142,69,448,1,4000,'ME01'),(143,70,524,1,3000,'ME01'),(144,70,521,1,3000,'ME01'),(145,70,522,1,3000,'ME01'),(146,71,432,1,3000,'ME01'),(147,71,430,1,4000,'ME01'),(148,71,433,1,4500,'ME01'),(149,71,429,1,3200,'ME01'),(150,72,318,1,7000,'ME01'),(151,72,316,1,4500,'ME01'),(152,72,317,1,5000,'ME01'),(153,72,320,1,5000,'ME01'),(154,73,526,1,9000,'ME01'),(155,73,528,3,10000,'ME01'),(156,73,527,4,10000,'ME01'),(157,74,423,1,12000,'ME01'),(158,74,426,1,14000,'ME01'),(159,74,424,3,10000,'ME01'),(160,75,278,1,2800,'ME01'),(161,75,279,1,2800,'ME01'),(162,75,280,1,2800,'ME01'),(163,76,310,6,17000,'ME01'),(164,76,309,6,16000,'ME01'),(165,76,311,11,15000,'ME01'),(166,76,312,3,16000,'ME01'),(167,77,381,1,8500,'ME01'),(168,77,373,5,8000,'ME01'),(169,77,377,5,7500,'ME01'),(170,77,371,6,9000,'ME01'),(171,78,498,1,5000,'ME01'),(172,78,499,1,3000,'ME01'),(173,78,500,1,3000,'ME01'),(174,79,383,1,3000,'ME01'),(175,79,385,1,1800,'ME01'),(176,79,387,1,1800,'ME01'),(177,80,518,1,5000,'ME01'),(178,80,519,1,5000,'ME01'),(179,80,517,1,5000,'ME01'),(180,80,516,2,5000,'ME01'),(181,81,106,1,2500,'ME01'),(182,81,104,1,2000,'ME01'),(183,82,106,1,2500,'ME01'),(184,82,104,1,2000,'ME01'),(185,83,124,1,2200,'ME01'),(186,83,120,1,1800,'ME01'),(187,83,121,1,2000,'ME01'),(188,83,118,3,1800,'ME01'),(189,83,122,3,2000,'ME01'),(190,84,483,1,15000,'ME01'),(191,84,484,1,16000,'ME01'),(192,84,485,1,1500,'ME01'),(193,84,486,1,2000,'ME01'),(194,85,478,1,9000,'ME01'),(195,85,479,1,9000,'ME01'),(196,85,480,1,8000,'ME01'),(197,85,481,1,9000,'ME01'),(198,86,237,1,3000,'ME01'),(199,86,240,1,2000,'ME01'),(200,86,238,1,1500,'ME01'),(201,86,235,1,4000,'ME01'),(202,87,128,1,2000,'ME01'),(203,87,130,1,2500,'ME01'),(204,87,129,1,2800,'ME01'),(205,87,131,1,3000,'ME01'),(206,88,136,1,2000,'ME01'),(207,88,141,1,3000,'ME01'),(208,88,137,2,2500,'ME01'),(209,88,140,2,4000,'ME01'),(210,89,159,1,3500,'ME01'),(211,89,157,1,4000,'ME01'),(212,89,160,1,3000,'ME01'),(213,89,161,1,5000,'ME01'),(214,89,156,1,4000,'ME01'),(215,90,147,1,12000,'ME01'),(216,90,149,1,12000,'ME01'),(217,90,151,1,4500,'ME01'),(218,90,150,1,4000,'ME01'),(219,91,165,1,3500,'ME01'),(220,91,167,1,3500,'ME01'),(221,91,164,1,4000,'ME01'),(222,91,166,2,3500,'ME01'),(223,92,436,1,7500,'ME01'),(224,92,435,1,8000,'ME01'),(225,92,438,1,3500,'ME01'),(226,92,439,1,2000,'ME01'),(227,93,501,1,10000,'ME01'),(228,93,502,2,10000,'ME01'),(229,93,503,3,10000,'ME01'),(230,93,504,4,10000,'ME01'),(231,94,179,1,6000,'ME01'),(232,94,180,1,7000,'ME01'),(233,94,182,2,7200,'ME01'),(234,94,184,3,2000,'ME01'),(235,95,268,1,4000,'ME01'),(236,95,272,1,3500,'ME01'),(237,95,269,1,3500,'ME01'),(238,96,52,1,30000,'ME01'),(239,96,54,1,3500,'ME01'),(240,96,55,1,3000,'ME01'),(241,96,56,1,6000,'ME01'),(242,97,188,1,5000,'ME01'),(243,97,190,1,3500,'ME01'),(244,97,189,1,3000,'ME01'),(245,97,187,1,2000,'ME01'),(246,98,558,1,8000,'ME01'),(247,98,557,2,6000,'ME01'),(248,98,560,3,5000,'ME01'),(249,99,558,1,8000,'ME01'),(250,99,557,2,6000,'ME01'),(251,99,560,3,5000,'ME01'),(252,100,473,1,10000,'ME01'),(253,100,474,1,10000,'ME01'),(254,100,475,1,10000,'ME01'),(255,101,300,1,3000,'ME01'),(256,101,301,1,3000,'ME01'),(257,101,297,1,3800,'ME01'),(258,101,299,1,4000,'ME01'),(259,102,78,1,2000,'ME01'),(260,102,82,1,1800,'ME01'),(261,102,79,1,2000,'ME01'),(262,103,318,1,7000,'ME01'),(263,103,316,3,4500,'ME01'),(264,103,317,2,5000,'ME01'),(265,104,310,2,17000,'ME01'),(266,104,312,3,16000,'ME01'),(267,104,315,1,3000,'ME01'),(268,105,108,1,2500,'ME01'),(269,105,106,1,2500,'ME01'),(270,105,107,1,2500,'ME01'),(271,106,242,1,3000,'ME01'),(272,106,241,1,3000,'ME01'),(273,106,244,1,3500,'ME01'),(274,107,252,1,15500,'ME01'),(275,107,251,1,17000,'ME01'),(276,107,250,1,15000,'ME01'),(277,107,253,4,1500,'ME01'),(278,108,110,1,4200,'ME01'),(279,108,111,1,5200,'ME01'),(280,108,109,1,5600,'ME01'),(281,108,113,1,6200,'ME01'),(282,109,418,1,7000,'ME01'),(283,109,420,1,8000,'ME01'),(284,109,419,3,8000,'ME01'),(285,110,423,1,12000,'ME01'),(286,110,424,4,10000,'ME01'),(287,110,425,4,13000,'ME01'),(288,111,97,3,2800,'ME01'),(289,111,99,3,3500,'ME01'),(290,112,491,4,4000,'ME01'),(291,112,489,6,1500,'ME01'),(292,113,442,1,2800,'ME01'),(293,113,444,1,3500,'ME01'),(294,113,445,1,3700,'ME01'),(295,114,389,3,5000,'ME01'),(296,114,391,3,5500,'ME01'),(297,114,393,3,8000,'ME01'),(298,115,526,2,9000,'ME01'),(299,115,528,2,10000,'ME01'),(300,115,530,2,10000,'ME01'),(301,116,153,1,7000,'ME01'),(302,116,155,1,4000,'ME01'),(303,116,160,1,3000,'ME01'),(304,117,534,1,5000,'ME01'),(305,117,533,1,8000,'ME01'),(306,117,535,3,5000,'ME01'),(307,118,273,2,4000,'ME01'),(308,118,275,2,4000,'ME01'),(309,118,276,2,3500,'ME01'),(310,119,366,1,3000,'ME01'),(311,119,367,1,3000,'ME01'),(312,119,368,4,5000,'ME01'),(313,120,447,2,3500,'ME01'),(314,120,441,2,17000,'ME01'),(315,120,446,4,4000,'ME01'),(316,121,97,4,2800,'ME01'),(317,121,99,4,3500,'ME01'),(318,121,98,4,3200,'ME01'),(319,122,108,4,2500,'ME01'),(320,122,107,5,2500,'ME01'),(321,122,104,3,2000,'ME01'),(322,123,492,10,2800,'ME01'),(323,123,489,14,1500,'ME01'),(324,124,567,3,3000,'ME01'),(325,124,566,5,1000,'ME01'),(326,124,567,1,3000,'ME01'),(327,125,492,10,2800,'ME01'),(328,125,489,14,1500,'ME01'),(329,125,492,3,2800,'ME01'),(330,125,491,5,4000,'ME01'),(331,125,488,7,3000,'ME01'),(332,126,107,6,2500,'ME01'),(333,126,104,6,2000,'ME01'),(334,127,82,1,1800,'ME01'),(335,127,79,3,2000,'ME01'),(336,127,77,3,1800,'ME01'),(337,128,191,1,2500,'ME01'),(338,128,192,1,4000,'ME01'),(339,128,193,1,4000,'ME01'),(340,128,188,3,5000,'ME01'),(341,129,196,2,6000,'ME01'),(342,129,197,3,6500,'ME01'),(343,129,204,4,35000,'ME01'),(344,130,433,3,4500,'ME01'),(345,130,430,3,4000,'ME01'),(346,130,427,3,17000,'ME01'),(347,130,431,3,5000,'ME01'),(348,131,541,3,15000,'ME01'),(349,131,542,3,12000,'ME01'),(350,131,544,3,12000,'ME01'),(351,131,545,3,15000,'ME01'),(352,132,538,1,5000,'ME01'),(353,132,536,3,4000,'ME01'),(354,132,537,3,4500,'ME01'),(355,133,493,1,3000,'ME01'),(356,133,494,1,1500,'ME01'),(357,133,496,1,2600,'ME01'),(358,133,495,3,1800,'ME01'),(359,134,324,1,6000,'ME01'),(360,134,325,3,5000,'ME01'),(361,134,328,5,7000,'ME01'),(362,135,244,1,3500,'ME01'),(363,135,241,3,3000,'ME01'),(364,135,243,5,3500,'ME01'),(365,136,167,1,3500,'ME01'),(366,136,164,3,4000,'ME01'),(367,136,162,5,2500,'ME01'),(368,136,163,8,3500,'ME01'),(369,137,123,1,2000,'ME01'),(370,137,118,1,1800,'ME01'),(371,137,122,3,2000,'ME01'),(372,137,125,3,2000,'ME01'),(373,137,126,3,2500,'ME01'),(374,138,552,1,8000,'ME01'),(375,138,553,1,7500,'ME01'),(376,138,554,1,8000,'ME01'),(377,138,551,3,8000,'ME01'),(378,139,552,1,8000,'ME01'),(379,139,553,1,7500,'ME01'),(380,139,554,1,8000,'ME01'),(381,139,551,3,8000,'ME01'),(382,140,183,1,8000,'ME01'),(383,140,181,1,7000,'ME01'),(384,140,179,1,6000,'ME01'),(385,140,185,4,2500,'ME01'),(386,141,241,1,3000,'ME01'),(387,141,244,1,3500,'ME01'),(388,141,243,4,3500,'ME01'),(389,141,247,7,4500,'ME01'),(390,142,493,3,3000,'ME01'),(391,142,494,5,1500,'ME01'),(392,142,495,5,1800,'ME01'),(393,143,493,3,3000,'ME01'),(394,143,494,5,1500,'ME01'),(395,143,495,5,1800,'ME01'),(396,144,167,1,3500,'ME01'),(397,144,164,1,4000,'ME01'),(398,144,166,1,3500,'ME01'),(399,145,167,1,3500,'ME01'),(400,146,167,1,3500,'ME01'),(401,145,164,1,4000,'ME01'),(402,146,164,1,4000,'ME01'),(403,145,166,1,3500,'ME01'),(404,146,166,1,3500,'ME01'),(405,147,447,1,3500,'ME01'),(406,147,440,1,12000,'ME01'),(407,147,441,1,17000,'ME01'),(408,147,442,1,2800,'ME01'),(409,147,443,3,3200,'ME01'),(410,148,102,3,4000,'ME01'),(411,148,102,3,4000,'ME01'),(412,148,100,3,3500,'ME01'),(413,149,552,1,8000,'ME01'),(414,149,553,1,7500,'ME01'),(415,149,554,1,8000,'ME01'),(416,149,555,1,8000,'ME01'),(417,150,492,1,2800,'ME01'),(418,150,491,1,4000,'ME01'),(419,150,489,1,1500,'ME01'),(420,150,488,1,3000,'ME01'),(421,151,492,1,2800,'ME01'),(422,151,491,1,4000,'ME01'),(423,151,489,1,1500,'ME01'),(424,151,488,1,3000,'ME01'),(425,152,312,4,16000,'ME01'),(426,152,311,7,15000,'ME01'),(427,152,313,9,4000,'ME01'),(428,152,315,9,3000,'ME01'),(429,153,536,1,4000,'ME01'),(430,153,537,1,4500,'ME01'),(431,153,539,1,4500,'ME01'),(432,154,164,1,4000,'ME01'),(433,154,166,1,3500,'ME01'),(434,154,167,1,3500,'ME01'),(435,154,165,5,3500,'ME01'),(436,155,464,1,7000,'ME01'),(437,155,459,1,7000,'ME01'),(438,155,460,3,8000,'ME01'),(439,155,462,3,7000,'ME01'),(440,155,457,3,2800,'ME01'),(441,156,447,1,3500,'ME01'),(442,156,440,4,12000,'ME01'),(443,156,441,4,17000,'ME01'),(444,156,442,4,2800,'ME01'),(445,156,443,4,3200,'ME01'),(446,157,237,1,3000,'ME01'),(447,157,239,1,1300,'ME01'),(448,157,240,1,2000,'ME01'),(449,158,554,1,8000,'ME01'),(450,158,553,1,7500,'ME01'),(451,158,552,1,8000,'ME01'),(452,159,554,1,8000,'ME01'),(453,159,553,1,7500,'ME01'),(454,159,552,1,8000,'ME01'),(455,160,108,1,2500,'ME01'),(456,160,106,1,2500,'ME01'),(457,160,107,3,2500,'ME01'),(458,161,285,1,3500,'ME01'),(459,161,286,1,3500,'ME01'),(460,161,284,1,3500,'ME01'),(461,162,285,1,3500,'ME01'),(462,162,286,1,3500,'ME01'),(463,162,284,1,3500,'ME01'),(464,163,511,1,5000,'ME01'),(465,163,515,1,5000,'ME01'),(466,163,512,1,5000,'ME01'),(467,164,511,1,5000,'ME01'),(468,164,515,1,5000,'ME01'),(469,164,512,1,5000,'ME01'),(470,164,513,1,6000,'ME01'),(471,164,512,1,5000,'ME01'),(472,165,502,1,10000,'ME01'),(473,165,503,3,10000,'ME01'),(474,165,505,3,10000,'ME01'),(475,166,502,1,10000,'ME01'),(476,166,503,3,10000,'ME01'),(477,166,505,3,10000,'ME01'),(478,166,501,1,10000,'ME01'),(479,166,504,1,10000,'ME01'),(480,167,558,13,8000,'ME01'),(481,167,556,13,5000,'ME01'),(482,167,557,13,6000,'ME01'),(483,168,537,8,4500,'ME01'),(484,168,539,8,4500,'ME01'),(485,169,518,6,5000,'ME01'),(486,169,519,6,5000,'ME01'),(487,169,516,6,5000,'ME01'),(488,170,495,3,1800,'ME01'),(489,170,497,3,2600,'ME01'),(490,170,493,6,3000,'ME01'),(491,171,273,2,4000,'ME01'),(492,171,273,2,4000,'ME01'),(493,172,74,3,3000,'ME01'),(494,172,69,3,2000,'ME01'),(495,172,73,5,3000,'ME01'),(496,172,68,7,2500,'ME01'),(497,173,432,3,3000,'ME01'),(498,173,433,3,4500,'ME01'),(499,173,427,3,17000,'ME01'),(500,173,429,3,3200,'ME01'),(501,174,237,1,3000,'ME01'),(502,174,239,1,1300,'ME01'),(503,174,240,1,2000,'ME01'),(504,174,238,1,1500,'ME01'),(505,175,298,3,4000,'ME01'),(506,175,301,3,3000,'ME01'),(507,175,300,5,3000,'ME01'),(508,176,452,1,7000,'ME01'),(509,176,451,4,7000,'ME01'),(510,176,456,4,7000,'ME01'),(511,177,498,1,5000,'ME01'),(512,177,499,4,3000,'ME01'),(513,177,500,6,3000,'ME01'),(514,177,499,6,3000,'ME01'),(515,178,283,4,3000,'ME01'),(516,178,284,7,3500,'ME01'),(517,178,285,9,3500,'ME01'),(518,179,524,3,3000,'ME01'),(519,179,521,7,3000,'ME01'),(520,179,522,9,3000,'ME01'),(521,179,523,11,3000,'ME01'),(522,180,258,5,8800,'ME01'),(523,180,257,6,8500,'ME01'),(524,180,259,6,9000,'ME01'),(525,181,273,3,4000,'ME01'),(526,181,274,3,8000,'ME01'),(527,181,276,5,3500,'ME01'),(528,181,277,7,4500,'ME01'),(529,182,318,2,7000,'ME01'),(530,182,320,6,5000,'ME01'),(531,182,321,8,4500,'ME01'),(532,183,382,5,2800,'ME01'),(533,183,401,7,2200,'ME01'),(534,183,398,9,4800,'ME01'),(535,183,403,10,1500,'ME01'),(536,184,484,12,16000,'ME01'),(537,184,485,14,1500,'ME01'),(538,184,486,17,2000,'ME01'),(539,185,504,5,10000,'ME01'),(540,185,502,6,10000,'ME01'),(541,186,188,7,5000,'ME01'),(542,186,190,9,3500,'ME01'),(543,186,187,10,2000,'ME01'),(544,186,192,10,4000,'ME01'),(545,186,193,10,4000,'ME01'),(546,187,106,3,2500,'ME01'),(547,187,107,7,2500,'ME01'),(548,187,105,7,2000,'ME01'),(549,187,105,7,2000,'ME01'),(550,188,507,3,3000,'ME01'),(551,188,508,3,5000,'ME01'),(552,188,509,5,2000,'ME01'),(553,188,510,6,3000,'ME01'),(554,189,237,3,3000,'ME01'),(555,189,240,5,2000,'ME01'),(556,189,238,6,1500,'ME01'),(557,190,513,4,6000,'ME01'),(558,190,512,5,5000,'ME01'),(559,190,514,5,5000,'ME01'),(560,191,441,1,17000,'ME01'),(561,191,440,1,12000,'ME01'),(562,191,442,4,2800,'ME01'),(563,191,443,5,3200,'ME01'),(564,191,445,6,3700,'ME01'),(565,191,444,8,3500,'ME01'),(566,191,446,12,4000,'ME01'),(567,191,440,12,12000,'ME01'),(568,192,279,1,2800,'ME01'),(569,192,278,4,2800,'ME01'),(570,192,281,4,2800,'ME01'),(571,193,569,1,3000,'ME01'),(572,194,569,1,3000,'ME01'),(573,195,524,1,3000,'ME01');
/*!40000 ALTER TABLE `order_menu` ENABLE KEYS */;
UNLOCK TABLES;

--
-- Table structure for table `order_menu_option`
--

DROP TABLE IF EXISTS `order_menu_option`;
/*!40101 SET @saved_cs_client     = @@character_set_client */;
/*!50503 SET character_set_client = utf8mb4 */;
CREATE TABLE `order_menu_option` (
  `omo_id` int NOT NULL AUTO_INCREMENT,
  `orm_id` int NOT NULL,
  `meo_id` int NOT NULL,
  `quantity` int NOT NULL DEFAULT '1',
  PRIMARY KEY (`omo_id`)
) ENGINE=InnoDB DEFAULT CHARSET=utf8mb4 COLLATE=utf8mb4_0900_ai_ci;
/*!40101 SET character_set_client = @saved_cs_client */;

--
-- Dumping data for table `order_menu_option`
--

LOCK TABLES `order_menu_option` WRITE;
/*!40000 ALTER TABLE `order_menu_option` DISABLE KEYS */;
/*!40000 ALTER TABLE `order_menu_option` ENABLE KEYS */;
UNLOCK TABLES;

--
-- Table structure for table `orders`
--

DROP TABLE IF EXISTS `orders`;
/*!40101 SET @saved_cs_client     = @@character_set_client */;
/*!50503 SET character_set_client = utf8mb4 */;
CREATE TABLE `orders` (
  `ord_id` int NOT NULL AUTO_INCREMENT,
  `cus_id` int NOT NULL,
  `sto_id` int NOT NULL,
  `total_price` bigint NOT NULL,
  `used_point` bigint NOT NULL DEFAULT '0',
  `final_price` bigint NOT NULL,
  `created_at` timestamp NOT NULL,
  `request` varchar(255) DEFAULT NULL,
  `status` varchar(45) NOT NULL DEFAULT 'REGISTERED',
  `payment_method` varchar(45) DEFAULT NULL,
  `uic_id` int DEFAULT NULL,
  PRIMARY KEY (`ord_id`)
) ENGINE=InnoDB AUTO_INCREMENT=196 DEFAULT CHARSET=utf8mb4 COLLATE=utf8mb4_0900_ai_ci;
/*!40101 SET character_set_client = @saved_cs_client */;

--
-- Dumping data for table `orders`
--

LOCK TABLES `orders` WRITE;
/*!40000 ALTER TABLE `orders` DISABLE KEYS */;
INSERT INTO `orders` VALUES (52,151,21,17000,0,17000,'2023-08-16 05:09:31','빨리갈게요 10분 걸릴것 같습니다!!!','REGISTERED',NULL,NULL),(53,23,21,3000,0,3000,'2023-08-16 05:27:07','정성스럽게 준비해주세요.','PICKUP_COMPLETE',NULL,NULL),(54,150,39,3800,0,3800,'2023-08-16 05:50:40','정성스럽게 준비해주세요.','PICKUP_COMPLETE',NULL,NULL),(55,150,91,10000,0,10000,'2023-08-16 05:59:49','정성스럽게 준비해주세요.','PICKUP_COMPLETE',NULL,NULL),(56,150,53,54500,0,54500,'2023-08-16 06:01:07','정성스럽게 준비해주세요.','PICKUP_COMPLETE',NULL,NULL),(57,151,139,20300,0,20300,'2023-08-16 06:06:09','정성스럽게 준비해주세요.','PAYMENT_FAILED',NULL,NULL),(58,151,99,22500,0,22500,'2023-08-16 06:08:09','정성스럽게 준비해주세요.','PICKUP_COMPLETE',NULL,NULL),(59,23,92,27000,12000,15000,'2023-08-16 06:23:49','금방 갈게요!','PICKUP_COMPLETE',NULL,NULL),(60,23,21,4000,4000,0,'2023-08-16 07:19:31','정성스럽게 준비해주세요.','PICKUP_COMPLETE',NULL,NULL),(61,23,21,4000,3900,100,'2023-08-16 07:19:41','정성스럽게 준비해주세요.','PICKUP_COMPLETE',NULL,NULL),(62,23,21,4000,3900,100,'2023-08-03 07:20:00','정성스럽게 준비해주세요.','PICKUP_COMPLETE','카드',NULL),(63,23,21,4000,3900,100,'2023-08-16 07:21:43','정성스럽게 준비해주세요.','PICKUP_COMPLETE',NULL,NULL),(64,152,96,96000,0,96000,'2023-08-16 07:27:45','정성스럽게 준비해주세요.','PICKUP_COMPLETE',NULL,NULL),(65,152,111,15500,0,15500,'2023-08-16 07:29:12','정성스럽게 준비해주세요.','PAYMENT_FAILED',NULL,NULL),(66,152,92,10000,0,10000,'2023-08-16 07:30:27','정성스럽게 준비해주세요.','PICKUP_COMPLETE',NULL,NULL),(67,153,122,45000,0,45000,'2023-08-16 07:34:25','정성스럽게 준비해주세요.','PAYMENT_FAILED',NULL,NULL),(68,153,121,13000,0,13000,'2023-08-16 07:35:35','정성스럽게 준비해주세요.','PICKUP_COMPLETE',NULL,NULL),(69,153,54,18000,0,18000,'2023-08-16 07:36:39','정성스럽게 준비해주세요.','PICKUP_COMPLETE',NULL,NULL),(70,153,118,9000,0,9000,'2023-08-16 07:39:49','정성스럽게 준비해주세요.','PICKUP_COMPLETE',NULL,NULL),(71,154,52,14700,0,14700,'2023-08-16 07:44:44','정성스럽게 준비해주세요.','PICKUP_COMPLETE',NULL,NULL),(72,154,94,21500,0,21500,'2023-08-16 07:45:50','정성스럽게 준비해주세요.','PAYMENT_FAILED',NULL,NULL),(73,154,119,79000,0,79000,'2023-08-16 07:46:53','정성스럽게 준비해주세요.','PICKUP_COMPLETE',NULL,NULL),(74,154,106,56000,0,56000,'2023-08-16 07:47:50','정성스럽게 준비해주세요.','PICKUP_COMPLETE',NULL,NULL),(75,155,90,8400,0,8400,'2023-08-16 07:51:34','정성스럽게 준비해주세요.','PICKUP_COMPLETE',NULL,NULL),(76,155,93,411000,0,411000,'2023-08-16 07:53:20','정성스럽게 준비해주세요.','PICKUP_COMPLETE',NULL,NULL),(77,155,100,140000,0,140000,'2023-08-16 07:54:40','정성스럽게 준비해주세요.','PICKUP_COMPLETE',NULL,NULL),(78,156,113,11000,0,11000,'2023-08-16 08:10:32','정성스럽게 준비해주세요.','PICKUP_COMPLETE',NULL,NULL),(79,156,101,6600,0,6600,'2023-08-16 08:12:40','정성스럽게 준비해주세요.','PICKUP_COMPLETE',NULL,NULL),(80,156,117,25000,0,25000,'2023-08-16 08:20:53','정성스럽게 준비해주세요.','PICKUP_COMPLETE',NULL,NULL),(81,23,138,4500,4500,0,'2023-08-16 08:33:25','정성스럽게 준비해주세요.','PICKUP_COMPLETE',NULL,NULL),(82,23,138,4500,4000,500,'2023-08-16 08:33:33','정성스럽게 준비해주세요.','PICKUP_COMPLETE',NULL,NULL),(83,157,136,17400,0,17400,'2023-08-16 10:34:49','정성스럽게 준비해주세요.','PICKUP_COMPLETE',NULL,NULL),(84,157,110,34500,0,34500,'2023-08-16 10:36:41','정성스럽게 준비해주세요.','PICKUP_COMPLETE',NULL,NULL),(85,157,109,35000,0,35000,'2023-08-16 10:37:50','정성스럽게 준비해주세요.','PICKUP_COMPLETE',NULL,NULL),(86,157,82,10500,0,10500,'2023-08-16 10:38:38','정성스럽게 준비해주세요.','PICKUP_COMPLETE',NULL,NULL),(87,158,135,10300,0,10300,'2023-08-16 10:42:14','정성스럽게 준비해주세요.','PICKUP_COMPLETE',NULL,NULL),(88,158,134,18000,0,18000,'2023-08-16 10:44:02','정성스럽게 준비해주세요.','PICKUP_COMPLETE',NULL,NULL),(89,158,132,19500,0,19500,'2023-08-16 10:45:43','정성스럽게 준비해주세요.','PICKUP_COMPLETE',NULL,NULL),(90,158,133,32500,0,32500,'2023-08-16 10:48:51','정성스럽게 준비해주세요.','PICKUP_COMPLETE',NULL,NULL),(91,159,131,18000,0,18000,'2023-08-16 11:01:27','정성스럽게 준비해주세요.','PICKUP_COMPLETE',NULL,NULL),(92,159,107,21000,0,21000,'2023-08-16 11:02:44','정성스럽게 준비해주세요.','PICKUP_COMPLETE',NULL,NULL),(93,159,114,100000,0,100000,'2023-08-16 11:04:50','정성스럽게 준비해주세요.','PICKUP_COMPLETE',NULL,NULL),(94,159,129,33400,0,33400,'2023-08-16 11:07:49','정성스럽게 준비해주세요.','PICKUP_COMPLETE',NULL,NULL),(95,161,88,11000,0,11000,'2023-08-16 11:54:46','정성스럽게 준비해주세요.','PICKUP_COMPLETE',NULL,NULL),(96,161,146,42500,0,42500,'2023-08-16 11:56:16','정성스럽게 준비해주세요.','PICKUP_COMPLETE',NULL,NULL),(97,161,128,13500,0,13500,'2023-08-16 12:02:45','정성스럽게 준비해주세요.','PICKUP_COMPLETE',NULL,NULL),(98,160,125,35000,0,35000,'2023-08-16 12:12:34','정성스럽게 준비해주세요.','PICKUP_COMPLETE',NULL,NULL),(99,160,125,35000,0,35000,'2023-08-16 12:13:06','정성스럽게 준비해주세요.','PICKUP_COMPLETE',NULL,NULL),(100,162,108,30000,0,30000,'2023-08-16 12:30:34','정성스럽게 준비해주세요.','PICKUP_COMPLETE',NULL,NULL),(101,162,92,13800,0,13800,'2023-08-16 12:31:54','정성스럽게 준비해주세요.','PAYMENT_FAILED',NULL,NULL),(102,162,142,5800,0,5800,'2023-08-16 12:38:30','정성스럽게 준비해주세요.','PICKUP_COMPLETE',NULL,NULL),(103,163,94,30500,0,30500,'2023-08-16 12:42:07','정성스럽게 준비해주세요.','PAYMENT_FAILED',NULL,NULL),(104,163,93,85000,0,85000,'2023-08-16 12:43:12','정성스럽게 준비해주세요.','PICKUP_COMPLETE',NULL,NULL),(105,163,138,7500,0,7500,'2023-08-16 12:45:20','정성스럽게 준비해주세요.','PICKUP_COMPLETE',NULL,NULL),(106,163,83,9500,0,9500,'2023-08-16 12:45:59','정성스럽게 준비해주세요.','PICKUP_COMPLETE',NULL,NULL),(107,164,84,53500,0,53500,'2023-08-16 12:49:11','정성스럽게 준비해주세요.','PICKUP_COMPLETE',NULL,NULL),(108,164,137,21200,0,21200,'2023-08-16 12:51:04','정성스럽게 준비해주세요.','PICKUP_COMPLETE',NULL,NULL),(109,165,105,39000,0,39000,'2023-08-16 13:20:53','정성스럽게 준비해주세요.','PICKUP_COMPLETE',NULL,NULL),(110,165,106,104000,0,104000,'2023-08-16 13:21:46','정성스럽게 준비해주세요.','PICKUP_COMPLETE',NULL,NULL),(111,166,139,18900,0,18900,'2023-08-16 13:25:13','정성스럽게 준비해주세요.','PICKUP_COMPLETE',NULL,NULL),(112,166,111,25000,0,25000,'2023-08-16 13:26:37','정성스럽게 준비해주세요.','PICKUP_COMPLETE',NULL,NULL),(113,166,53,10000,0,10000,'2023-08-16 13:27:22','정성스럽게 준비해주세요.','PICKUP_COMPLETE',NULL,NULL),(114,167,102,55500,0,55500,'2023-08-16 13:29:22','정성스럽게 준비해주세요.','PICKUP_COMPLETE',NULL,NULL),(115,167,119,58000,0,58000,'2023-08-16 13:30:16','정성스럽게 준비해주세요.','PICKUP_COMPLETE',NULL,NULL),(116,167,132,14000,0,14000,'2023-08-16 13:31:09','정성스럽게 준비해주세요.','PICKUP_COMPLETE',NULL,NULL),(117,168,120,28000,0,28000,'2023-08-16 13:36:19','정성스럽게 준비해주세요.','PICKUP_COMPLETE',NULL,NULL),(118,168,89,23000,0,23000,'2023-08-16 13:36:51','정성스럽게 준비해주세요.','PICKUP_COMPLETE',NULL,NULL),(119,168,99,26000,0,26000,'2023-08-16 13:37:37','정성스럽게 준비해주세요.','PICKUP_COMPLETE',NULL,NULL),(120,168,53,57000,0,57000,'2023-08-16 13:38:27','정성스럽게 준비해주세요.','PICKUP_COMPLETE',NULL,NULL),(121,23,139,38000,0,38000,'2023-08-16 13:40:12','정성스럽게 준비해주세요.','PICKUP_COMPLETE',NULL,NULL),(122,23,138,28500,0,28500,'2023-08-16 13:41:06','정성스럽게 준비해주세요.','PICKUP_COMPLETE',NULL,NULL),(123,23,111,49000,0,49000,'2023-08-16 13:42:15','정성스럽게 준비해주세요.','PICKUP_COMPLETE',NULL,NULL),(124,23,21,17000,0,17000,'2023-08-17 05:16:47','빨리갈게요 10분 걸릴것 같습니다!!!','PICKUP_COMPLETE','카카오페이',NULL),(125,150,111,98400,0,98400,'2023-08-17 11:27:51','정성스럽게 준비해주세요.','PAYMENT_FAILED',NULL,NULL),(126,150,138,27000,0,27000,'2023-08-17 11:28:54','정성스럽게 준비해주세요.','PAYMENT_FAILED',NULL,NULL),(127,150,142,13200,0,13200,'2023-08-17 11:29:26','정성스럽게 준비해주세요.','PICKUP_COMPLETE',NULL,NULL),(128,151,128,25500,0,25500,'2023-08-17 11:30:58','정성스럽게 준비해주세요.','PAYMENT_FAILED',NULL,NULL),(129,151,127,171500,0,171500,'2023-08-17 11:31:49','정성스럽게 준비해주세요.','PAYMENT_FAILED',NULL,NULL),(130,151,52,91500,0,91500,'2023-08-17 11:32:36','정성스럽게 준비해주세요.','PICKUP_COMPLETE',NULL,NULL),(131,152,122,162000,0,162000,'2023-08-17 11:35:05','정성스럽게 준비해주세요.','PICKUP_COMPLETE',NULL,NULL),(132,152,121,30500,0,30500,'2023-08-17 11:35:34','정성스럽게 준비해주세요.','PICKUP_COMPLETE',NULL,NULL),(133,152,112,12500,0,12500,'2023-08-17 11:37:10','정성스럽게 준비해주세요.','PICKUP_COMPLETE',NULL,NULL),(134,153,95,56000,0,56000,'2023-08-17 11:42:32','정성스럽게 준비해주세요.','PICKUP_COMPLETE',NULL,NULL),(135,153,83,30000,0,30000,'2023-08-17 11:43:10','정성스럽게 준비해주세요.','PICKUP_COMPLETE',NULL,NULL),(136,154,131,56000,0,56000,'2023-08-17 11:44:59','정성스럽게 준비해주세요.','PICKUP_COMPLETE',NULL,NULL),(137,154,136,23300,0,23300,'2023-08-17 11:45:47','정성스럽게 준비해주세요.','PICKUP_COMPLETE',NULL,NULL),(138,155,124,47500,0,47500,'2023-08-17 11:46:41','정성스럽게 준비해주세요.','PICKUP_COMPLETE',NULL,NULL),(139,155,124,47500,0,47500,'2023-08-17 11:46:55','정성스럽게 준비해주세요.','PICKUP_COMPLETE',NULL,NULL),(140,155,129,31000,0,31000,'2023-08-17 11:47:50','정성스럽게 준비해주세요.','PICKUP_COMPLETE',NULL,NULL),(141,155,83,52000,0,52000,'2023-08-17 11:48:45','정성스럽게 준비해주세요.','PICKUP_COMPLETE',NULL,NULL),(142,155,112,25500,0,25500,'2023-08-17 11:49:56','정성스럽게 준비해주세요.','PICKUP_COMPLETE',NULL,NULL),(143,155,112,25500,0,25500,'2023-08-17 11:50:23','정성스럽게 준비해주세요.','PICKUP_COMPLETE',NULL,NULL),(144,156,131,11000,0,11000,'2023-08-17 11:51:54','정성스럽게 준비해주세요.','PICKUP_COMPLETE',NULL,NULL),(145,156,131,11000,0,11000,'2023-08-17 12:58:43','정성스럽게 준비해주세요.','PICKUP_COMPLETE',NULL,NULL),(146,156,131,11000,0,11000,'2023-08-17 12:58:43','정성스럽게 준비해주세요.','PAYMENT_FAILED',NULL,NULL),(147,157,53,44900,0,44900,'2023-08-17 13:10:38','정성스럽게 준비해주세요.','PAYMENT_FAILED',NULL,NULL),(148,157,139,34500,0,34500,'2023-08-17 13:11:30','정성스럽게 준비해주세요.','PAYMENT_FAILED',NULL,NULL),(149,157,124,31500,0,31500,'2023-08-17 13:13:05','정성스럽게 준비해주세요.','PAYMENT_FAILED',NULL,NULL),(150,157,111,11300,0,11300,'2023-08-17 13:13:47','정성스럽게 준비해주세요.','PAYMENT_FAILED',NULL,NULL),(151,157,111,11300,0,11300,'2023-08-17 13:34:43','정성스럽게 준비해주세요.','PAYMENT_FAILED',NULL,NULL),(152,157,93,232000,0,232000,'2023-08-17 13:35:22','정성스럽게 준비해주세요.','PAYMENT_FAILED',NULL,NULL),(153,157,121,13000,0,13000,'2023-08-17 13:40:02','정성스럽게 준비해주세요.','PAYMENT_FAILED',NULL,NULL),(154,157,131,28500,0,28500,'2023-08-17 13:40:36','정성스럽게 준비해주세요.','PAYMENT_FAILED',NULL,NULL),(155,158,55,67400,0,67400,'2023-08-17 13:41:37','정성스럽게 준비해주세요.','PAYMENT_FAILED',NULL,NULL),(156,158,53,143500,0,143500,'2023-08-17 13:42:23','정성스럽게 준비해주세요.','PAYMENT_FAILED',NULL,NULL),(157,158,82,6300,0,6300,'2023-08-17 13:43:05','정성스럽게 준비해주세요.','PAYMENT_FAILED',NULL,NULL),(158,159,124,23500,0,23500,'2023-08-17 13:44:53','정성스럽게 준비해주세요.','PAYMENT_FAILED',NULL,NULL),(159,159,124,23500,0,23500,'2023-08-17 13:46:42','정성스럽게 준비해주세요.','PAYMENT_FAILED',NULL,NULL),(160,159,138,12500,0,12500,'2023-08-17 13:47:17','정성스럽게 준비해주세요.','PAYMENT_FAILED',NULL,NULL),(161,159,91,10500,0,10500,'2023-08-17 13:48:00','정성스럽게 준비해주세요.','PAYMENT_FAILED',NULL,NULL),(162,159,91,10500,0,10500,'2023-08-17 13:54:29','정성스럽게 준비해주세요.','PAYMENT_FAILED',NULL,NULL),(163,160,116,15000,0,15000,'2023-08-17 13:57:19','정성스럽게 준비해주세요.','PAYMENT_FAILED',NULL,NULL),(164,160,116,26000,0,26000,'2023-08-17 13:58:10','정성스럽게 준비해주세요.','PAYMENT_FAILED',NULL,NULL),(165,161,114,70000,0,70000,'2023-08-17 13:59:03','정성스럽게 준비해주세요.','PAYMENT_FAILED',NULL,NULL),(166,161,114,90000,0,90000,'2023-08-17 14:01:46','정성스럽게 준비해주세요.','PAYMENT_FAILED',NULL,NULL),(167,161,125,247000,0,247000,'2023-08-17 14:02:23','정성스럽게 준비해주세요.','PAYMENT_FAILED',NULL,NULL),(168,162,121,72000,0,72000,'2023-08-17 14:03:35','정성스럽게 준비해주세요.','PAYMENT_FAILED',NULL,NULL),(169,162,117,90000,0,90000,'2023-08-17 14:04:12','정성스럽게 준비해주세요.','PAYMENT_FAILED',NULL,NULL),(170,162,112,31200,0,31200,'2023-08-17 14:04:53','정성스럽게 준비해주세요.','PAYMENT_FAILED',NULL,NULL),(171,23,89,16000,0,16000,'2023-08-17 14:06:34','정성스럽게 준비해주세요.','PICKUP_COMPLETE',NULL,NULL),(172,163,143,47500,0,47500,'2023-08-17 14:30:57','정성스럽게 준비해주세요.','PAYMENT_FAILED',NULL,NULL),(173,163,52,83100,0,83100,'2023-08-17 14:33:56','정성스럽게 준비해주세요.','PAYMENT_FAILED',NULL,NULL),(174,163,82,7800,0,7800,'2023-08-17 14:34:38','정성스럽게 준비해주세요.','PAYMENT_FAILED',NULL,NULL),(175,163,92,36000,0,36000,'2023-08-17 14:35:51','정성스럽게 준비해주세요.','PAYMENT_FAILED',NULL,NULL),(176,163,54,63000,0,63000,'2023-08-17 14:37:08','정성스럽게 준비해주세요.','PAYMENT_FAILED',NULL,NULL),(177,164,113,53000,0,53000,'2023-08-17 14:37:54','정성스럽게 준비해주세요.','PAYMENT_FAILED',NULL,NULL),(178,164,91,68000,0,68000,'2023-08-17 14:39:08','정성스럽게 준비해주세요.','PAYMENT_FAILED',NULL,NULL),(179,164,118,90000,0,90000,'2023-08-17 14:40:17','정성스럽게 준비해주세요.','PAYMENT_FAILED',NULL,NULL),(180,164,85,149000,0,149000,'2023-08-17 14:41:07','정성스럽게 준비해주세요.','PAYMENT_FAILED',NULL,NULL),(181,164,89,85000,0,85000,'2023-08-17 14:41:40','정성스럽게 준비해주세요.','PAYMENT_FAILED',NULL,NULL),(182,164,94,80000,0,80000,'2023-08-17 14:42:12','정성스럽게 준비해주세요.','PAYMENT_FAILED',NULL,NULL),(183,165,50,87600,0,87600,'2023-08-17 14:43:00','정성스럽게 준비해주세요.','REGISTERED',NULL,NULL),(184,165,110,247000,0,247000,'2023-08-17 14:43:41','정성스럽게 준비해주세요.','PAYMENT_FAILED',NULL,NULL),(185,165,114,110000,0,110000,'2023-08-17 14:44:49','정성스럽게 준비해주세요.','PAYMENT_FAILED',NULL,NULL),(186,166,128,166500,0,166500,'2023-08-17 14:45:48','정성스럽게 준비해주세요.','PAYMENT_FAILED',NULL,NULL),(187,166,138,53000,0,53000,'2023-08-17 14:46:20','정성스럽게 준비해주세요.','PAYMENT_FAILED',NULL,NULL),(188,167,115,52000,0,52000,'2023-08-17 14:48:06','정성스럽게 준비해주세요.','PAYMENT_FAILED',NULL,NULL),(189,167,82,28000,0,28000,'2023-08-17 14:49:43','정성스럽게 준비해주세요.','PAYMENT_FAILED',NULL,NULL),(190,167,116,74000,0,74000,'2023-08-17 14:50:27','정성스럽게 준비해주세요.','PAYMENT_FAILED',NULL,NULL),(191,168,53,298400,0,298400,'2023-08-17 14:53:39','정성스럽게 준비해주세요.','PAYMENT_FAILED',NULL,NULL),(192,168,90,25200,0,25200,'2023-08-17 14:54:08','정성스럽게 준비해주세요.','PAYMENT_FAILED',NULL,NULL),(193,23,21,3000,0,3000,'2023-08-17 18:55:34','정성스럽게 준비해주세요.','PICKUP_COMPLETE','카카오머니',NULL),(194,23,21,3000,2900,100,'2023-08-17 23:13:49','정성스럽게 준비해주세요.','PICKUP_COMPLETE','카카오머니',NULL),(195,23,118,3000,689,2311,'2023-08-18 00:15:15','정성스럽게 준비해주세요.','PAYMENT_COMPLETE','카카오머니',NULL);
/*!40000 ALTER TABLE `orders` ENABLE KEYS */;
UNLOCK TABLES;

--
-- Table structure for table `payment`
--

DROP TABLE IF EXISTS `payment`;
/*!40101 SET @saved_cs_client     = @@character_set_client */;
/*!50503 SET character_set_client = utf8mb4 */;
CREATE TABLE `payment` (
  `orp_id` int NOT NULL AUTO_INCREMENT,
  `ord_id` int NOT NULL,
  `pay_at` timestamp NOT NULL,
  `type` varchar(5) NOT NULL,
  `payment_method` varchar(45) NOT NULL,
  PRIMARY KEY (`orp_id`)
) ENGINE=InnoDB DEFAULT CHARSET=utf8mb4 COLLATE=utf8mb4_0900_ai_ci;
/*!40101 SET character_set_client = @saved_cs_client */;

--
-- Dumping data for table `payment`
--

LOCK TABLES `payment` WRITE;
/*!40000 ALTER TABLE `payment` DISABLE KEYS */;
/*!40000 ALTER TABLE `payment` ENABLE KEYS */;
UNLOCK TABLES;

--
-- Table structure for table `point`
--

DROP TABLE IF EXISTS `point`;
/*!40101 SET @saved_cs_client     = @@character_set_client */;
/*!50503 SET character_set_client = utf8mb4 */;
CREATE TABLE `point` (
  `upo_id` int NOT NULL AUTO_INCREMENT,
  `usr_id` int NOT NULL,
  `ord_id` int NOT NULL,
  `amount` bigint NOT NULL,
  `created_at` timestamp NOT NULL,
  `type` tinyint NOT NULL DEFAULT '1',
  PRIMARY KEY (`upo_id`)
) ENGINE=InnoDB AUTO_INCREMENT=42 DEFAULT CHARSET=utf8mb4 COLLATE=utf8mb4_0900_ai_ci;
/*!40101 SET character_set_client = @saved_cs_client */;

--
-- Dumping data for table `point`
--

LOCK TABLES `point` WRITE;
/*!40000 ALTER TABLE `point` DISABLE KEYS */;
INSERT INTO `point` VALUES (34,23,62,3900,'2023-08-16 07:20:32',0),(35,23,124,170,'2023-08-17 05:21:28',1),(36,23,124,170,'2023-08-17 05:26:46',1),(37,23,62,1,'2023-08-17 08:51:48',1),(38,23,193,30,'2023-08-17 19:01:32',1),(39,23,194,2900,'2023-08-17 23:14:19',0),(40,23,195,689,'2023-08-18 00:15:40',0),(41,23,194,3,'2023-08-18 01:07:47',1);
/*!40000 ALTER TABLE `point` ENABLE KEYS */;
UNLOCK TABLES;

--
-- Table structure for table `post`
--

DROP TABLE IF EXISTS `post`;
/*!40101 SET @saved_cs_client     = @@character_set_client */;
/*!50503 SET character_set_client = utf8mb4 */;
CREATE TABLE `post` (
  `pos_id` int NOT NULL AUTO_INCREMENT,
  `pob_id` int NOT NULL,
  `aem_id` int NOT NULL,
  `usr_id` int NOT NULL,
  `view_cnt` int DEFAULT NULL,
  `title` varchar(255) DEFAULT NULL,
  `content` text,
  `created_at` timestamp NULL DEFAULT NULL,
  `modified_at` timestamp NULL DEFAULT NULL,
  `status` varchar(4) DEFAULT NULL,
  `latitude` double DEFAULT NULL,
  `longitude` double DEFAULT NULL,
  PRIMARY KEY (`pos_id`)
) ENGINE=InnoDB AUTO_INCREMENT=131 DEFAULT CHARSET=utf8mb4 COLLATE=utf8mb4_0900_ai_ci;
/*!40101 SET character_set_client = @saved_cs_client */;

--
-- Dumping data for table `post`
--

LOCK TABLES `post` WRITE;
/*!40000 ALTER TABLE `post` DISABLE KEYS */;
INSERT INTO `post` VALUES (1,1,1340,22,81,'수정된 게시글 제목1','수정된 게시글 내용9','2023-08-08 06:12:56','2023-08-08 08:05:35','S01',1212.1199951171875,2323.22998046875),(2,1,1340,22,7,'수정된 게시글 제목2','수정된 게시글 내용10','2023-08-08 06:12:56','2023-08-08 08:05:35','S01',1212.1199951171875,2323.22998046875),(3,1,1332,37,0,'수정된 게시글 제목3','수정된 게시글 내용1','2023-08-08 06:12:56','2023-08-08 08:05:35','S01',1212.1199951171875,2323.22998046875),(4,2,1333,38,0,'수정된 게시글 제목4','수정된 게시글 내용2','2023-08-08 06:12:56','2023-08-08 08:05:35','S01',1212.1199951171875,2323.22998046875),(5,2,1334,40,0,'수정된 게시글 제목5','수정된 게시글 내용3','2023-08-08 06:12:56','2023-08-08 08:05:35','S01',1212.1199951171875,2323.22998046875),(6,1,1343,41,0,'수정된 게시글 제목6','수정된 게시글 내용4','2023-08-08 06:12:56','2023-08-08 08:05:35','S01',1212.1199951171875,2323.22998046875),(7,1,1340,42,8,'수정된 게시글 제목7','수정된 게시글 내용5','2023-08-08 06:12:56','2023-08-08 08:05:35','S01',1212.1199951171875,2323.22998046875),(8,2,1300,44,0,'수정된 게시글 제목8','수정된 게시글 내용6','2023-08-08 06:12:56','2023-08-08 08:05:35','S01',1212.1199951171875,2323.22998046875),(9,1,1334,37,13,'초밥 맛집 어디 없나요?','이 근처 초밥 맛집 추천 좀 부탁드립니다!','2023-07-01 04:45:00','2023-07-01 04:45:00',NULL,36.31388473510742,127.28691101074219),(10,1,1334,38,23,'크루아상 맛집 추천해주세요','기똥찬 크루아상 어디 없나요?','2023-07-02 04:53:00','2023-07-02 04:53:00',NULL,36.309913635253906,127.28884887695312),(11,1,1334,39,32,'돈까스김밥 먹고싶다','우리 동네 김밥 맛집 없나요 바르다 킴선생같이 이색적인 김밥 많이 파는 곳 추천 받아요~','2023-07-03 05:01:00','2023-07-03 05:01:00',NULL,36.310062408447266,127.28942108154297),(12,1,1334,40,46,'날이 너무 더워요','더우니까 냉면 안땡기나요 냉면 먹고싶다 냉면 냉면 냉면','2023-07-04 05:09:00','2023-07-04 05:09:00',NULL,36.31106185913086,127.2885513305664),(13,1,1334,41,81,'얼른 여름 지나갔으면','요즘 너무 더워요 진짜 에어컨 없이는 못살아','2023-07-05 05:18:00','2023-07-05 05:18:00',NULL,36.31072235107422,127.28948974609375),(14,1,1335,42,60,'다들 태풍 피해 없나요','이번 태풍 피해 심각하던데, 다들 피해 없으셨으면 좋겠어요','2023-07-06 05:26:00','2023-07-06 05:26:00',NULL,36.314640045166016,127.26801300048828),(15,3,1335,43,70,'배달비 걱정 ..','배달비가 너무 올라서 주문량이 줄었어요ㅠㅠ','2023-07-07 05:34:00','2023-07-07 05:34:00',NULL,36.3091926574707,127.27140045166016),(16,3,1335,44,80,'알바생 뽑아야하는데…','요즘 사람 구하기도 너무 어렵지 않나요? 도망가는 알바생들이 너무 많아요','2023-07-08 05:42:00','2023-07-08 05:42:00',NULL,36.315555572509766,127.26982116699219),(17,3,1335,45,90,'가성비 좋은 중형 suv 차량 추천해주세요!','예산은 4천에서 5천 정도 생각하는데, 추천해주실만한 차량 없나요??','2023-07-09 05:50:00','2023-07-09 05:50:00',NULL,36.316246032714844,127.26866149902344),(18,3,1335,46,100,'세금 신고 다들 어떻게 하세요?','요즘 매출도 잘 안나오는데, 기장료도 너무 부담스럽네요ㅠ','2023-07-10 05:58:00','2023-07-10 05:58:00',NULL,36.31607437133789,127.27156066894531),(19,3,1337,47,110,'식자재 납품 업체 추천좀요','기존에 거래하던 곳 야채가 너무 싱싱하지 않네요….. 좋은 곳 있으면 공유 부탁드려요','2023-07-11 06:07:00','2023-07-11 06:07:00',NULL,36.27976608276367,127.29085540771484),(20,3,1337,48,120,'배달 오토바이 팝니다.','근거리는 자체적으로 배달을 해드렸는데, 이제 처분하려구요… 관심 있는 분들 쪽지주세요!','2023-07-12 06:15:00','2023-07-12 06:15:00',NULL,36.27931213378906,127.29310607910156),(21,1,1337,49,131,'기똥찬 아구찜 맛집 어디 없나요?','날도 덥고 이열치열로 몸보신 좀 하고 싶은데,,, 이 동네가 처음이라서요. 맛있는 곳 추천해주세요~','2023-07-13 06:23:00','2023-07-13 06:23:00',NULL,36.27777099609375,127.29283905029297),(22,3,1337,50,140,'다들 끼니 어떻게 해결하세요?','가게에서 해먹는 것도 질리고, 주변에 괜찮은 백반집 같은 곳 있으면 좋겠네요,, 다들 끼니 어떻게 해결하시나요???','2023-07-14 06:31:00','2023-07-14 06:31:00',NULL,36.278846740722656,127.29175567626953),(23,3,1337,51,150,'인스타 마케팅..','마케팅 업체 요즘 가격 너무 올랐어요… 한번 다시 게시물 올릴 때가 되었는데,,, ','2023-07-15 06:39:00','2023-07-15 06:39:00',NULL,36.27751541137695,127.29332733154297),(24,1,1328,52,160,'아 너무 더워요 인간적으로','이런 날 삼계탕에 소맥 먹으면 극락인데','2023-07-16 06:47:00','2023-07-16 06:47:00',NULL,36.29500961303711,127.31456756591797),(25,3,1328,53,170,'매장에서 사용하기 좋은 스피커 추천 받아요!','하만카돈 제품 사용했는데, 소리가 조금 작은 것 같아서요.. 좀더 빵빵하게 들렸으면 좋겠는데, JBL ? 괜찮아보이던데 어떤가요','2023-07-17 06:56:00','2023-07-17 06:56:00',NULL,36.29340744018555,127.31525421142578),(26,3,1328,54,180,'컴퓨터 고장','와이파이까지 안나오네요 하;;;;;','2023-07-18 07:04:00','2023-07-18 07:04:00',NULL,36.29519271850586,127.3162841796875),(27,3,1328,55,190,'요즘 포스기 왜이렇게 말썽인가요','포스기 렌탈 비용도 아깝고,,, 그냥 페이히얼로 바꿀까봐요 미관상으로도 좋아보이고','2023-07-19 07:12:00','2023-07-19 07:12:00',NULL,36.29508590698242,127.31432342529297),(28,1,1328,56,200,'다들 휴가 안가세요?','요즘 해외여행 진짜 많이 가던데 부러워요','2023-07-20 07:20:00','2023-07-20 07:20:00',NULL,36.296146392822266,127.31441497802734),(29,3,1329,82,440,'성수기 매출','저희 동네는 휴가 성수기 때 매출은 좋은데, 비수기 때는 죽어나요...','2023-07-21 07:28:00','2023-08-17 19:48:50',NULL,36.30552291870117,127.30536651611328),(30,2,1329,83,220,'바다 가고 싶네요','해수욕 하고 생맥주 한잔 하면 좋으려만…','2023-07-22 07:36:00','2023-07-22 07:36:00',NULL,36.304542541503906,127.30860137939453),(31,3,1329,84,230,'진상 손님들 이해가 안가요','분명 연어초밥 시켰으면서, 왜 참치 초밥 아니냐고 생떼를 부리는데 진짜 이해가 안되네요 왜그러지','2023-07-23 07:45:00','2023-07-23 07:45:00',NULL,36.30654525756836,127.31045532226562),(32,3,1329,85,240,'에어컨 고장','하 이 날씨에 에어컨 고장나서 멘붕이네요','2023-07-24 07:53:00','2023-07-24 07:53:00',NULL,36.305110931396484,127.31105041503906),(33,3,1329,86,250,'핸드워시 가져가는 손님들 뭐죠','비싼 것도 아닌데,, 이걸 왜 가져가지','2023-07-25 08:01:00','2023-07-25 08:01:00',NULL,36.308223724365234,127.30919647216797),(34,3,1330,87,260,'다들 시급 어떻게 주시나요','시급 너무 올라서 인건비 부담인데, 다들 직원 급여 어떻게 주세요?','2023-07-26 08:09:00','2023-07-26 08:09:00',NULL,36.31627655029297,127.30302429199219),(35,3,1330,88,270,'업종 변경 고민중이에요ㅠ','요즘 남는게 너무 없어서,, 재료 부담 적은 카페로 업종 변경 생각중이에요 ㅠㅠ','2023-07-27 08:17:00','2023-07-27 08:17:00',NULL,36.31601333618164,127.30419921875),(36,3,1330,89,280,'식재료 값이 너무 올랐어요','야채며 고기며 밀가루며 뭐 죄다 오르네요','2023-07-28 08:25:00','2023-07-28 08:25:00',NULL,36.316898345947266,127.30315399169922),(37,3,1330,90,290,'예쁘고 가성비 좋은 접시 추천 받아요~','직원들이 자주 깨먹어서 조금 더 저렴한 것으로 바꿀 생각이에요','2023-07-29 08:34:00','2023-07-29 08:34:00',NULL,36.31684112548828,127.30384063720703),(38,3,1330,91,300,'요즘 저렴하고 예쁜 가구 어디서 파나요?','가게 좀 확장해야할 것 같아서 가구 알아보는 중인데, 좋은 데 없나요?','2023-07-30 08:42:00','2023-07-30 08:42:00',NULL,36.316734313964844,127.3023681640625),(39,3,1333,92,311,'신메뉴 고민이에요','3년차 정도 되니까 이제 좀 식상한 것 같기도 하고,, 신메뉴 짤 때 보통 어떻게들 하시나요?','2023-07-31 08:50:00','2023-07-31 08:50:00',NULL,36.33505630493164,127.2944107055664),(40,3,1333,93,320,'메뉴판 디자인 업체 추천좀요','이번에 메뉴 개편하면서 메뉴판도 다시 만들려고 하는데, 디자인 잘하는 업체 어디 없나요??','2023-08-01 08:58:00','2023-08-01 08:58:00',NULL,36.332847595214844,127.29756164550781),(41,3,1333,94,330,'플레이리스트 맛집 추천좀요~','신나는 음악 잘 뽑는 플레이리스트 알려주세요~','2023-08-02 09:06:00','2023-08-02 09:06:00',NULL,36.33612060546875,127.2939224243164),(42,3,1333,95,340,'대학가 상권에서 인기 많은 메뉴 뭐에요?','2호점 대학가에 오픈하려고 하는데, 꿀팁 전수좀 해주세요~~','2023-08-03 09:14:00','2023-08-03 09:14:00',NULL,36.33771514892578,127.2978515625),(43,3,1333,96,350,'생맥주 기계 관리 어떻게 하세요???','방문 손님이 오락가락하니까 애매하게 남는 맥주 처리하기가 어렵네요 ㅠㅠ','2023-08-04 09:23:00','2023-08-04 09:23:00',NULL,36.33946990966797,127.29467010498047),(44,1,1340,97,362,'퇴근하고 싶다…','직장 다닐 때도 그렇게 집에 가고 싶었는데,, 가게를 해도 똑같네요 어쩔 수 없나봐요','2023-08-05 09:31:00','2023-08-05 09:31:00',NULL,36.351226806640625,127.29212951660156),(45,1,1340,98,373,'괜찮은 락볼링장 없나요','볼링 마렵다….','2023-08-06 09:39:00','2023-08-06 09:39:00',NULL,36.351200103759766,127.29199981689453),(46,1,1340,99,386,'그라운드커피 왜 이렇게 사람이 많아요?','엄청 특별해 보이지는 않던데,,, 비결이 뭘까 궁금하네요 부러워요','2023-08-07 09:47:00','2023-08-07 09:47:00',NULL,36.35409927368164,127.29399871826172),(47,1,1340,100,562,'하하케이크 진짜 맛있네요;;;','확실히 이영자님이 운영하시다 보니 그런가 엄청 맛있어요 꼭 가보세요!!','2023-08-08 09:55:00','2023-08-08 09:55:00',NULL,36.349700927734375,127.29399871826172),(48,3,1340,101,400,'튀김기 당근합니다~','이번에 가게 정리하면서 튀김기 저렴하게 양도해드려요 관심 있으신 분 쪽지 주세요!','2023-08-09 10:03:00','2023-08-09 10:03:00',NULL,36.34954071044922,127.29496765136719),(49,3,1339,102,410,'헬스장….','기구 괜찮은 헬스장 어디 없나요,,,, 이렇게 헬스장 없는 동네 처음이라 당황스럽네요','2023-08-10 10:12:00','2023-08-10 10:12:00',NULL,36.35641098022461,127.31573486328125),(50,3,1339,103,420,'싱크대에서 계속 물세는데','수리 기사님을 불러도 고쳐지질 않네요,,, 도와주세요 ㅠㅠ','2023-08-11 10:20:00','2023-08-11 10:20:00',NULL,36.354713439941406,127.31671142578125),(51,3,1339,104,430,'화구 청소','탄 음식물이 화구에 껴서 화구가 잘 안나오는데,,, 이거 청소법 좀 알려주세요','2023-08-12 10:28:00','2023-08-12 10:28:00',NULL,36.3567008972168,127.31509399414062),(52,2,1339,105,440,'뉴스 보셨나요','지하철 테러라뇨 ㅠㅠㅠㅠㅠㅠ','2023-08-13 10:36:00','2023-08-13 10:36:00',NULL,36.35639190673828,127.31649017333984),(53,1,1339,106,450,'장마 진짜 싫다','얼른 이 더위가 끝났으면 좋겠어요 진짜;;;;;','2023-08-14 10:44:00','2023-08-14 10:44:00',NULL,36.35704803466797,127.31401824951172),(54,3,1344,107,460,'음식물 쓰레기 처리','왜 이 동네에 쓰레기차가 안돌아다니죠','2023-08-15 10:52:00','2023-08-15 10:52:00',NULL,36.36244201660156,127.32930755615234),(55,3,1344,108,470,'주방화 뭐가 좋나요','제가 오래 서있으면 발이랑 허리가 너무 아파서 그런데,,, 주방화에 정착을 못하겠네요 좋은 제품 어디 없나요?','2023-08-16 11:01:00','2023-08-16 11:01:00',NULL,36.36241149902344,127.32996368408203),(56,1,1344,109,480,'상품권 저렴히 판매합니다.','온누리 상품권 100만원 있는데, 15퍼센트 할인해서 판매할게요!','2023-08-17 11:09:00','2023-08-17 11:09:00',NULL,36.36301040649414,127.32959747314453),(57,1,1344,110,490,'농구 시즌 언제 오나','농구 경기 없으니까 지루해죽겠네요..','2023-07-19 11:25:00','2023-07-19 11:25:00',NULL,36.36146545410156,127.32870483398438),(58,3,1344,111,500,'이번에 매출 기록 경신했어요!','4년만에 처음이에요! 축하해주세요!!!!!!!!','2023-07-19 11:25:00','2023-07-19 11:25:00',NULL,36.36338424682617,127.32869720458984),(59,3,1346,112,510,'셰프나이프 추천받습니다!','진짜 오래간만에 교체하려고 하는데, 어떤 제품이 좋나요?','2023-07-20 11:33:00','2023-07-20 11:33:00',NULL,36.36832046508789,127.32250213623047),(60,3,1346,113,520,'배고프다','으어아ㅓ아ㅓㅏㅏㅏ일하기 싫고 배는 고프고','2023-07-21 11:41:00','2023-07-21 11:41:00',NULL,36.36594772338867,127.31661987304688),(61,3,1346,114,530,'단골손님 관리','운영 1년 넘어가니까 슬슬 단골손님 관리를 더 체계적으로 해야될 것 같은데, 다들 비결이 있나요?','2023-07-22 11:50:00','2023-07-22 11:50:00',NULL,36.365028381347656,127.3172836303711),(62,3,1346,115,540,'모델커피','모델커피 가보셨나요? 여기 사장님이랑 알바생 비쥬얼이;;','2023-07-23 11:58:00','2023-07-23 11:58:00',NULL,36.36627197265625,127.31832122802734),(63,3,1346,116,550,'알바생들 때문에 죽겠어요','이제 연락도 안받네요 하 어떡하면 좋을까요..','2023-07-24 12:06:00','2023-07-24 12:06:00',NULL,36.367401123046875,127.31644439697266),(64,3,1346,117,560,'요즘 대출 금리 때문에..','허리 휩니다','2023-07-25 12:14:00','2023-07-25 12:14:00',NULL,36.36894989013672,127.31698608398438),(65,3,1346,118,570,'다들 지원금 신청하셨나요??','이번 소상공인 대상으로 지원금 나온다는데 2년거치 3년 분할상환이래요~ 금리 엄청 좋구요','2023-07-26 12:22:00','2023-07-26 12:22:00',NULL,36.368961334228516,127.3166275024414),(66,2,1346,119,580,'카메라 추천 받아요~','풀프레임 말고 크롭바디 정도에서 가성비 좋은거 뭐 없을까요??','2023-07-27 12:30:00','2023-07-27 12:30:00',NULL,36.36821365356445,127.31745910644531),(67,3,1346,120,590,'오늘 손님이 너무 없어요','이럴 때 너무 힘든 듯','2023-07-28 12:39:00','2023-07-28 12:39:00',NULL,36.36907196044922,127.317626953125),(68,3,1332,121,600,'피곤해 죽겠다..','졸려 죽겠고 심심하고~','2023-07-29 12:47:00','2023-07-29 12:47:00',NULL,36.337894439697266,127.31177520751953),(69,2,1332,122,610,'떡볶이마을 진짜 맛나지 않아요?','저 진짜 일주일에 한번은 사먹는 것 같은데','2023-07-30 12:55:00','2023-07-30 12:55:00',NULL,36.33829879760742,127.31222534179688),(70,3,1332,123,620,'다들 첫 창업이신가요?','전 사업이 처음이라서 조금은 떨리네요..','2023-07-31 13:03:00','2023-07-31 13:03:00',NULL,36.33898162841797,127.31077575683594),(71,2,1332,124,630,'요즘 밤에 날씨 진짜 구우웃','산책하기 딱 좋아요!','2023-08-01 13:11:00','2023-08-01 13:11:00',NULL,36.339256286621094,127.31105041503906),(72,1,1332,125,641,'오늘 회에다가 소주 한잔 해야겠는데, 횟집 어디가 괜찮나요?','오늘 같은 날은 진짜 마셔야돼;;','2023-08-02 13:19:00','2023-08-02 13:19:00',NULL,36.33869934082031,127.31046295166016),(73,3,1332,126,650,'중고차 플랫폼 추천좀 해주세요','어디가 제일 좋나요??? 이번에 트럭 하나 구매하려는데;','2023-08-03 13:28:00','2023-08-03 13:28:00',NULL,36.337554931640625,127.30943298339844),(74,3,1332,127,662,'가게 홍보 어떻게 하시나요 다들','홍보가 사업하면서 제일 어렵던데 저는','2023-08-04 13:36:00','2023-08-04 13:36:00',NULL,36.33609390258789,127.30977630615234),(75,1,1332,128,670,'풋살 하고 싶다','스트레스!!!!!!!!!!!','2023-08-05 13:44:00','2023-08-05 13:44:00',NULL,36.33733367919922,127.3105697631836),(76,2,1332,129,680,'로또 1등 되게 해주세요','진심 한번 당첨될 때 되지 않았냐','2023-08-06 13:52:00','2023-08-06 13:52:00',NULL,36.3378791809082,127.30891418457031),(77,2,1332,130,690,'냉면 맛집 추천좀','거기에 수육을 곁들인','2023-08-07 14:00:00','2023-08-07 14:00:00',NULL,36.33839797973633,127.31043243408203),(78,1,1345,131,700,'무슨 노래 들으세요??','뉴진스 하입보이 말고요','2023-08-08 14:08:00','2023-08-08 14:08:00',NULL,36.36420440673828,127.28807830810547),(79,3,1345,132,710,'유튜브나 한번 해볼까…','홍보에 많이 도움되는 것 같더라구요','2023-08-09 14:17:00','2023-08-09 14:17:00',NULL,36.36537551879883,127.2868423461914),(80,3,1345,133,721,'gv70 어떤가요?','큰 맘 먹고 차 한번 바꾸려고하는데 좋아보이더라구요','2023-08-10 14:25:00','2023-08-10 14:25:00',NULL,36.365482330322266,127.28831481933594),(81,1,1345,134,730,'감성욱 알아요?','완전 감성 그 잡채','2023-08-11 14:33:00','2023-08-11 14:33:00',NULL,36.36574935913086,127.28646087646484),(82,3,1345,135,740,'99대장 나선욱 알아요??','진짜 멋지더라구요','2023-08-12 14:41:00','2023-08-12 14:41:00',NULL,36.36611557006836,127.28767395019531),(83,3,1347,136,750,'야구장 가고싶다','야구장에서 치맥하면서 스트레스 풀고싶다…','2023-08-13 14:49:00','2023-08-13 14:49:00',NULL,36.38764572143555,127.31360626220703),(84,3,1347,137,760,'카메라 렌즈 중고로 구합니다!','메뉴 사진좀 찍으려는데 새건 너무 비싸네요…. 당근하실 분?','2023-08-14 14:57:00','2023-08-15 15:06:00',NULL,36.38670349121094,127.31259155273438),(85,3,1347,138,770,'노동요 추천 받습니다..','장르 무관!','2023-08-15 15:06:00','2023-08-15 15:06:00',NULL,36.3878059387207,127.3134765625),(86,3,1347,139,780,'다들 손님 없을 땐 뭐하시나요?','멘탈도 나가고,,, 핸드폰만 보고 있자니 또 한심하구요.. 책이라도 읽어야할까요','2023-08-16 15:14:00','2023-08-16 15:14:00',NULL,36.386085510253906,127.31324768066406),(87,3,1347,140,790,'여름 다갔다….','여름이었다…','2023-07-17 15:22:00','2023-07-17 15:22:00',NULL,36.37785720825195,127.30977630615234),(88,3,1347,141,800,'올해도 휴가가기는 글렀네요','8월 지나면 계곡이라도 한번 스윽 가야할 듯요','2023-07-18 15:30:00','2023-07-18 15:30:00',NULL,36.37938690185547,127.31140899658203),(89,3,1347,142,810,'요즘 소울푸드는 뭐에요 다들','저는 막국수','2023-07-19 15:38:00','2023-07-19 15:38:00',NULL,36.380916595458984,127.30810546875),(90,3,1347,143,820,'적성에 맞는 일이란 뭘까요','지금 하는 일은 너무 맞지 않는 것 같아요ㅠㅠㅠㅠ정답을 알려줘어어엉ㅇ','2023-07-20 15:46:00','2023-07-20 15:46:00',NULL,36.38153839111328,127.3121109008789),(91,2,1338,144,830,'오늘은 치킨 시켜야겠다','치킨 참는거 아니라고 배웠습니다','2023-07-21 15:55:00','2023-07-21 15:55:00',NULL,36.356082916259766,127.3460693359375),(92,3,1338,145,840,'최애 치킨 브랜드 뭐에요????','솔직히 굽네 고추바사삭 월클 ㅇㅈ ','2023-06-22 16:03:00','2023-06-22 16:03:00',NULL,36.352134704589844,127.3465805053711),(93,3,1338,146,850,'다이어트 너무 빡세다….','요식업하면서 다이어트 이거 말안돼;;','2023-06-23 16:11:00','2023-06-23 16:11:00',NULL,36.355987548828125,127.34907531738281),(94,2,1338,17,860,'왈왈주먹밥 왜케 불친절함??','진짜 한마디 하려다가 여기다가 쓰는게 낫겠다 싶음','2023-06-24 16:19:00','2023-06-24 16:19:00',NULL,36.35654067993164,127.34461212158203),(95,2,1338,20,870,'악어샐러드에서 악어맛나요','닉값 제대로ㅠ;','2023-06-25 16:27:00','2023-06-25 16:27:00',NULL,36.35626983642578,127.34390258789062),(96,2,1338,22,880,'만찐두빵 ㅋㅋㅋㅋㅋ','갔는데 알바생 기영이 기철이 닮았어욬ㅋㅋㅋㅋ','2023-06-26 16:35:00','2023-06-26 16:35:00',NULL,36.35219955444336,127.34532928466797),(97,1,1338,23,892,'도널도넛 존맛…','여기 맥도널드 창업주의 아는 동생의 친척의 아는 형님이 차린거래요..','2023-06-27 16:44:00','2023-06-27 16:44:00',NULL,36.35380172729492,127.34590911865234),(98,2,1338,24,900,'달동네 떡볶이 토끼 없던데요','토끼가 직접 만들어준다길래 가봤더니 ㅋㅋㅋ','2023-06-28 16:52:00','2023-06-28 16:52:00',NULL,36.354042053222656,127.34414672851562),(99,2,1338,25,910,'전갈횟집에서 전갈나옴;','아니 전갈 말고 회를 달라고요;;','2023-06-29 17:00:00','2023-06-29 17:00:00',NULL,36.35114669799805,127.34503936767578),(100,2,1338,26,920,'서울주스 진심 노맛','아니 착즙한다면서 델몬트 쓰던데요?','2023-07-31 17:08:00','2023-07-31 17:08:00',NULL,36.354148864746094,127.34435272216797),(101,2,1331,27,930,'도깨비분식 절대 가지마세요;','불친절에 맛도 없고 위생상태도 진짜 답이 없네요','2023-08-01 17:16:00','2023-08-01 17:16:00',NULL,36.323665618896484,127.3278579711914),(102,1,1331,28,940,'고삼김밥 갔더니 고삼이라고 서비스 엄청 주셨어요..','사장님 적게 일하시고 많이 버세요…. 심지어 다 존맛입니다','2023-08-02 17:24:00','2023-08-02 17:24:00',NULL,36.326271057128906,127.32766723632812),(103,1,1331,62,950,'샐러드개론 사장님 이제훈 닮았던데요','진심 존잘','2023-08-03 17:33:00','2023-08-03 17:33:00',NULL,36.32595443725586,127.33209991455078),(104,1,1331,66,960,'동네에 레드벨벳 맛있는 빵집 없나요…','왜 베이커리도 없지 이동네는…','2023-08-04 17:41:00','2023-08-04 17:41:00',NULL,36.32643508911133,127.32781219482422),(105,1,1331,68,970,'루이도넛 존맛탱','진짜 강아지도 냄새 맡더니 계속 달라고 하더라구요;;','2023-08-05 17:49:00','2023-08-05 17:49:00',NULL,36.328277587890625,127.32917785644531),(106,1,1343,77,981,'국진횟집 미쳤어요','사장님이 미쳤어요.. 진짜 회에 진심인가 양도 엄청 많고…가서 돈쭐 내주세요','2023-08-06 17:57:00','2023-08-06 17:57:00',NULL,36.34224319458008,127.32316589355469),(107,1,1343,78,991,'렌터카 업체 추천 좀 해주세요','놀러가려는데,,, 렌터카 믿을 수가 있어야죠ㅠ','2023-08-07 18:05:00','2023-08-07 18:05:00',NULL,36.3423957824707,127.32328033447266),(108,1,1343,79,1001,'어디 냉면 맛집 없나','여름 끝나가는데 냉면 한번을 못먹은거 실화입니까','2023-08-08 18:13:00','2023-08-08 18:13:00',NULL,36.344181060791016,127.31999206542969),(109,1,1343,81,1012,'국내 여행지 어디 없나요','사람 너무 많은 곳 말고 조용한 곳 추천 좀 부탁드려요..','2023-08-09 18:22:00','2023-08-09 18:22:00',NULL,36.34217071533203,127.32367706298828),(110,1,1343,147,1028,'퇴근쏭 추천 좀….','하 드뎌 끝….다들 고생하셨습니다..','2023-08-10 18:30:00','2023-08-10 18:30:00',NULL,36.342891693115234,127.31912994384766),(111,1,1340,23,3,'글제목','글내용','2023-08-16 11:48:12','2023-08-16 11:48:12','S01',1212.1212158203125,2323.232421875),(112,1,1340,23,8,'글제목','글내용','2023-08-16 11:52:29','2023-08-16 11:52:29','S01',1212.1212,2323.2323),(113,1,1340,23,29,'안녕하세요','안녕하세요','2023-08-16 11:54:35','2023-08-17 23:10:21','S01',1212.1212,2323.2323),(114,1,1340,23,14,'fddfd','hdafsdhasfh','2023-08-16 12:24:19','2023-08-16 12:24:19','S01',36.3481000221941,127.29858777113043),(115,1,1340,23,149,'수정된 게시글 제목','수정된 게시글 내용','2023-08-16 12:24:26','2023-08-16 13:31:01','S01',36.3481000221941,127.29858777113043),(118,1,1340,23,44,'gggg','sgsgfs','2023-08-16 15:09:45','2023-08-16 15:09:45','S01',36.3481000221941,127.29858777113043),(120,3,1340,93,0,'sd','sdg','2023-08-16 16:34:34','2023-08-16 16:34:34','S01',36.3481000221941,127.29858777113043),(121,3,1340,93,8,'sadg','sdgsa','2023-08-16 16:35:04','2023-08-16 16:35:04','S01',36.3481000221941,127.29858777113043),(125,1,1340,23,214,'ㅋㅋㅋㅋㅋㅋㅋㅋㅋㅋㅋㅋㅋㅋㅋㅋㅋㅋㅋㅋㅋㅋㅋㅋㅋㅋㅋㅋㅋㅋㅋㅋㅋㅋㅋㅋㅋㅋㅋ','ㅇㄶㅇ','2023-08-17 02:13:37','2023-08-17 02:13:37','S01',36.3481000221941,127.29858777113043),(126,1,1340,172,79,'에요 파이널리~','요마 하아아트ㅡㅂ레이커','2023-08-17 06:11:52','2023-08-17 06:11:52','S01',36.3481000221941,127.29858777113043),(127,1,1340,23,4,'sdf','sfdsdfsd','2023-08-17 11:17:03','2023-08-17 11:17:03','S01',36.3481000221941,127.29858777113043),(128,1,1340,23,8,'','','2023-08-17 11:17:03','2023-08-17 11:17:03','S01',36.3481000221941,127.29858777113043),(129,1,1340,23,17,'fsd','sfd','2023-08-17 11:26:06','2023-08-17 11:26:06','S01',36.3481000221941,127.29858777113043),(130,1,1340,23,102,'ㅋㅋㅋㅋㅋ','맛있내ㅔ여','2023-08-17 11:27:41','2023-08-17 11:27:41','S01',36.3481000221941,127.29858777113043);
/*!40000 ALTER TABLE `post` ENABLE KEYS */;
UNLOCK TABLES;

--
-- Table structure for table `post_comment`
--

DROP TABLE IF EXISTS `post_comment`;
/*!40101 SET @saved_cs_client     = @@character_set_client */;
/*!50503 SET character_set_client = utf8mb4 */;
CREATE TABLE `post_comment` (
  `poc_id` int NOT NULL AUTO_INCREMENT,
  `usr_id` int NOT NULL,
  `re_poc_id` int DEFAULT NULL,
  `pos_id` int DEFAULT NULL,
  `comment` text NOT NULL,
  `created_at` timestamp NOT NULL,
  `modified_at` timestamp NOT NULL,
  `depth` int DEFAULT NULL,
  `state` varchar(4) DEFAULT NULL,
  PRIMARY KEY (`poc_id`)
) ENGINE=InnoDB AUTO_INCREMENT=87 DEFAULT CHARSET=utf8mb4 COLLATE=utf8mb4_0900_ai_ci;
/*!40101 SET character_set_client = @saved_cs_client */;

--
-- Dumping data for table `post_comment`
--

LOCK TABLES `post_comment` WRITE;
/*!40000 ALTER TABLE `post_comment` DISABLE KEYS */;
INSERT INTO `post_comment` VALUES (1,22,2,1,'내 첫 수정 댓글','2023-08-08 16:02:04','2023-08-08 16:10:22',1,'S02'),(2,22,1,1,'내 첫 대댓글','2023-08-08 16:20:27','2023-08-08 16:20:27',2,'S01'),(3,22,1,1,'내 첫 대댓글','2023-08-08 16:20:52','2023-08-08 16:20:52',2,'S01'),(19,23,NULL,47,'ㅇㅇ','2023-08-16 04:12:28','2023-08-16 04:12:28',1,'S01'),(20,23,NULL,47,'ㅋㅋㅋㅋㅋㅋ','2023-08-16 04:12:30','2023-08-16 04:42:49',1,'S01'),(21,23,NULL,47,'sfd','2023-08-16 04:13:52','2023-08-16 07:29:23',1,'S02'),(22,23,20,47,'ㄴㅇㄹ','2023-08-16 04:13:54','2023-08-16 04:13:54',2,'S01'),(23,23,20,47,'ㄴㅇㄹ','2023-08-16 04:13:58','2023-08-16 04:13:58',2,'S01'),(25,23,NULL,47,'ㅁㄻㅇ','2023-08-16 04:14:46','2023-08-16 04:17:04',1,'S02'),(26,23,21,47,'ㄴㅇㄹ','2023-08-16 04:14:48','2023-08-16 04:14:48',2,'S01'),(27,23,25,47,'ㄴㄹ','2023-08-16 04:16:57','2023-08-16 04:16:57',2,'S01'),(29,23,NULL,47,'ㅎㅎㅎ','2023-08-16 04:25:16','2023-08-16 04:25:18',1,'S01'),(30,23,29,47,'ㅎㅎ','2023-08-16 04:25:19','2023-08-16 04:42:52',2,'S01'),(31,23,21,47,'sd','2023-08-16 07:29:25','2023-08-16 07:29:27',2,'S01'),(33,23,NULL,115,'asgd','2023-08-16 12:28:37','2023-08-16 12:28:37',1,'S01'),(34,23,NULL,115,'ashg','2023-08-16 12:28:38','2023-08-16 12:28:38',1,'S01'),(35,23,NULL,115,'fsd','2023-08-16 12:28:51','2023-08-16 12:28:51',1,'S01'),(36,23,NULL,113,'fds','2023-08-16 12:29:06','2023-08-16 12:29:06',1,'S01'),(38,23,NULL,117,'ㄴㄹㅇ','2023-08-16 13:42:57','2023-08-16 13:42:57',1,'S01'),(40,82,NULL,47,'sdf','2023-08-16 16:30:16','2023-08-16 16:30:16',1,'S01'),(41,93,NULL,119,'cv','2023-08-16 16:33:46','2023-08-16 16:33:46',1,'S01'),(42,93,NULL,119,'sh','2023-08-16 16:33:47','2023-08-16 16:33:47',1,'S01'),(45,92,NULL,119,'dsf','2023-08-16 16:37:06','2023-08-16 16:37:06',1,'S01'),(46,92,NULL,74,'ㅇㄹ','2023-08-16 16:53:18','2023-08-16 16:53:18',1,'S01'),(47,148,NULL,113,'ㅋㅋ ㅈㄹ ㄴ','2023-08-17 00:11:30','2023-08-17 00:11:30',1,'S01'),(48,148,47,113,'ㅋㅋ ㅈㄹ ㄴ','2023-08-17 00:11:39','2023-08-17 00:11:39',2,'S01'),(52,23,NULL,2,'ㅇㅇ','2023-08-17 05:45:36','2023-08-17 05:45:36',1,'S01'),(54,23,NULL,119,'ㅇㄴㄹㄴㅇㄹ','2023-08-17 06:57:30','2023-08-17 06:57:30',1,'S01'),(55,23,NULL,119,'ㅋㅋㅋㅋㅋㅋㅋㅋㅋㅋㅋㅋㅋㅋㅋㅋㅋㅋㅋㅋㅋㅋㅋㅋㅋㅋㅋㅋㅋㅋㅋㅋㅋㅋㅋㅋㅋㅋㅋㅋㅋㅋㅋㅋㅋㅋㅋㅋㅋㅋㅋㅋㅋㅋㅋㅋㅋㅋㅋㅋㅋㅋㅋ\nㅋㅋㅋㅋㅋㅋㅋㅋㅋㅋㅋㅋㅋㅋㅋㅋㅋㅋㅋㅋㅋㅋㅋㅋㅋㅋㅋㅋㅋㅋㅋㅋㅋㅋㅋㅋㅋㅋㅋㅋㅋㅋㅋㅋㅋㅋㅋㅋㅋㅋㅋㅋㅋㅋㅋㅋㅋㅋㅋㅋㅋㅋㅋㅋㅋㅋㅋㅋㅋㅋㅋㅋㅋㅋㅋㅋㅋㅋㅋㅋㅋㅋㅋㅋㅋㅋㅋㅋㅋㅋㅋㅋㅋㅋㅋㅋㅋ\n','2023-08-17 06:57:50','2023-08-17 06:57:50',1,'S01'),(56,23,NULL,125,'ㄴㅇㄹㅇ','2023-08-17 07:00:27','2023-08-17 07:00:27',1,'S01'),(58,23,56,125,'ㅇㄹㄴ','2023-08-17 07:04:01','2023-08-17 07:29:02',2,'S01'),(66,23,33,115,'fsdfsdfsd','2023-08-17 08:04:05','2023-08-17 08:04:09',2,'S01'),(67,23,NULL,115,'sdfsdfsdfasdf','2023-08-17 08:04:17','2023-08-17 08:04:17',1,'S01'),(68,23,NULL,110,'sdfsd','2023-08-17 11:15:22','2023-08-17 11:15:22',1,'S01'),(80,82,NULL,29,'댓글 써줘요','2023-08-17 20:27:43','2023-08-17 20:27:43',1,'S01'),(81,82,80,29,'대댓글입니다.','2023-08-17 20:27:50','2023-08-17 20:27:50',2,'S01'),(83,82,NULL,130,'ㅇㅁㄹㅇㄴ','2023-08-17 20:48:07','2023-08-17 20:48:07',1,'S01'),(84,23,NULL,130,'dsfd','2023-08-17 23:43:00','2023-08-17 23:43:00',1,'S01'),(85,23,84,130,'sfds','2023-08-17 23:43:03','2023-08-17 23:43:03',2,'S01'),(86,23,33,115,'xdfbfxsb','2023-08-18 01:13:15','2023-08-18 01:13:15',2,'S01');
/*!40000 ALTER TABLE `post_comment` ENABLE KEYS */;
UNLOCK TABLES;

--
-- Table structure for table `post_dibs`
--

DROP TABLE IF EXISTS `post_dibs`;
/*!40101 SET @saved_cs_client     = @@character_set_client */;
/*!50503 SET character_set_client = utf8mb4 */;
CREATE TABLE `post_dibs` (
  `pod_id` int NOT NULL AUTO_INCREMENT,
  `usr_id` int NOT NULL,
  `pos_id` int NOT NULL,
  `created_at` timestamp NOT NULL,
  PRIMARY KEY (`pod_id`)
) ENGINE=InnoDB AUTO_INCREMENT=3 DEFAULT CHARSET=utf8mb4 COLLATE=utf8mb4_0900_ai_ci;
/*!40101 SET character_set_client = @saved_cs_client */;

--
-- Dumping data for table `post_dibs`
--

LOCK TABLES `post_dibs` WRITE;
/*!40000 ALTER TABLE `post_dibs` DISABLE KEYS */;
/*!40000 ALTER TABLE `post_dibs` ENABLE KEYS */;
UNLOCK TABLES;

--
-- Table structure for table `post_image`
--

DROP TABLE IF EXISTS `post_image`;
/*!40101 SET @saved_cs_client     = @@character_set_client */;
/*!50503 SET character_set_client = utf8mb4 */;
CREATE TABLE `post_image` (
  `poi_id` int NOT NULL AUTO_INCREMENT,
  `pos_id` varchar(15) NOT NULL,
  `url` text,
  `thumb` text,
  `orders` int DEFAULT NULL,
  PRIMARY KEY (`poi_id`)
) ENGINE=InnoDB AUTO_INCREMENT=22 DEFAULT CHARSET=utf8mb4 COLLATE=utf8mb4_0900_ai_ci;
/*!40101 SET character_set_client = @saved_cs_client */;

--
-- Dumping data for table `post_image`
--

LOCK TABLES `post_image` WRITE;
/*!40000 ALTER TABLE `post_image` DISABLE KEYS */;
INSERT INTO `post_image` VALUES (7,'1','수정된 게시글 사진 url1','수정된 게시글 사진 thumb1',1),(8,'1','수정된 게시글 사진 url2','수정된 게시글 사진 thumb2',2),(9,'1','수정된 게시글 사진 url3','수정된 게시글 사진 thumb3',3),(10,'111','1번 글 url1','1번 글 thumb1',1),(11,'111','1번 글 url2','1번 글 thumb2',2),(12,'111','1번 글 url3','1번 글 thumb3',3),(13,'112','1번 글 url1','1번 글 thumb1',1),(14,'112','1번 글 url2','1번 글 thumb2',2),(15,'112','1번 글 url3','1번 글 thumb3',3),(19,'115','수정된 게시글 사진 url1','수정된 게시글 사진 thumb1',1),(20,'115','수정된 게시글 사진 url2','수정된 게시글 사진 thumb2',2),(21,'115','수정된 게시글 사진 url3','수정된 게시글 사진 thumb3',3);
/*!40000 ALTER TABLE `post_image` ENABLE KEYS */;
UNLOCK TABLES;

--
-- Table structure for table `report`
--

DROP TABLE IF EXISTS `report`;
/*!40101 SET @saved_cs_client     = @@character_set_client */;
/*!50503 SET character_set_client = utf8mb4 */;
CREATE TABLE `report` (
  `rep_id` int NOT NULL AUTO_INCREMENT,
  `type` varchar(4) NOT NULL,
  `to_id` int NOT NULL,
  `from_id` int NOT NULL,
  `created_at` timestamp NOT NULL,
  PRIMARY KEY (`rep_id`)
) ENGINE=InnoDB DEFAULT CHARSET=utf8mb4 COLLATE=utf8mb4_0900_ai_ci;
/*!40101 SET character_set_client = @saved_cs_client */;

--
-- Dumping data for table `report`
--

LOCK TABLES `report` WRITE;
/*!40000 ALTER TABLE `report` DISABLE KEYS */;
/*!40000 ALTER TABLE `report` ENABLE KEYS */;
UNLOCK TABLES;

--
-- Table structure for table `review`
--

DROP TABLE IF EXISTS `review`;
/*!40101 SET @saved_cs_client     = @@character_set_client */;
/*!50503 SET character_set_client = utf8mb4 */;
CREATE TABLE `review` (
  `orr_id` int NOT NULL AUTO_INCREMENT,
  `sto_id` int NOT NULL,
  `ord_id` int NOT NULL,
  `usr_id` int NOT NULL,
  `rating` int NOT NULL,
  `content` text,
  `created_at` timestamp NOT NULL,
  `modified_at` timestamp NOT NULL,
  `status` varchar(10) NOT NULL,
  PRIMARY KEY (`orr_id`)
) ENGINE=InnoDB AUTO_INCREMENT=18 DEFAULT CHARSET=utf8mb4 COLLATE=utf8mb4_0900_ai_ci;
/*!40101 SET character_set_client = @saved_cs_client */;

--
-- Dumping data for table `review`
--

LOCK TABLES `review` WRITE;
/*!40000 ALTER TABLE `review` DISABLE KEYS */;
INSERT INTO `review` VALUES (7,21,124,23,1,'맛잇어요','2023-08-17 12:49:17','2023-08-17 12:49:17','PUBLIC'),(13,89,171,23,4,'ㅎㅎㅎㅎㅎㅎㅎㅎㅎㅎㅎㅎㅎㅎㅎㅎㅎㅎㅎㅎㅎㅎㅎㅎㅎㅎㅎㅎㅎㅎㅎㅎㅎㅎㅎㅎㅎㅎㅎㅎㅎㅎㅎㅎㅎㅎㅎㅎㅎㅎㅎㅎㅎㅎㅎㅎㅎㅎㅎㅎㅎㅎㅎㅎㅎㅎㅎㅎㅎㅎㅎㅎㅎㅎㅎㅎㅎㅎㅎㅎㅎㅎㅎㅎㅎㅎㅎㅎㅎㅎㅎㅎㅎㅎㅎㅎㅎㅎㅎㅎㅎㅎㅎㅎㅎㅎㅎㅎㅎㅎㅎㅎㅎㅎㅎㅎㅎㅎㅎㅎㅎㅎㅎㅎㅎㅎㅎㅎㅎㅎㅎㅎㅎㅎㅎㅎㅎㅎㅎㅎㅎㅎㅎㅎㅎㅎㅎㅎㅎㅎㅎㅎㅎㅎㅎㅎㅎㅎㅎㅎㅎㅎㅎㅎㅎㅎㅎㅎㅎㅎㅎㅎㅎㅎㅎㅎㅎㅎㅎㅎㅎㅎㅎㅎㅎㅎㅎㅎㅎㅎㅎㅎㅎㅎㅎㅎㅎㅎㅎㅎㅎㅎㅎㅎㅎㅎㅎㅎㅎㅎㅎㅎㅎㅎㅎㅎㅎㅎㅎㅎㅎㅎㅎㅎㅎㅎㅎㅎㅎㅎㅎㅎㅎㅎㅎㅎㅎㅎㅎㅎㅎㅎㅎㅎㅎㅎㅎㅎㅎㅎㅎㅎㅎㅎㅎㅎㅎㅎㅎㅎㅎㅎㅎㅎㅎㅎㅎㅎㅎㅎㅎㅎㅎㅎㅎㅎㅎㅎㅎㅎㅎㅎㅎㅎㅎㅎㅎㅎㅎㅎㅎㅎㅎㅎㅎㅎㅎㅎㅎㅎㅎㅎㅎㅎㅎㅎㅎㅎㅎㅎㅎㅎㅎㅎㅎㅎㅎㅎㅎㅎㅎㅎㅎㅎㅎㅎㅎㅎㅎㅎㅎㅎㅎㅎㅎㅎㅎㅎㅎㅎㅎㅎㅎㅎㅎㅎㅎㅎㅎㅎㅎㅎㅎㅎㅎㅎㅎㅎㅎㅎㅎㅎㅎㅎㅎㅎㅎㅎㅎㅎㅎㅎㅎㅎㅎㅎㅎㅎㅎㅎㅎㅎㅎㅎㅎㅎㅎㅎㅎㅎㅎㅎㅎㅎㅎㅎㅎㅎㅎㅎㅎㅎㅎㅎㅎㅎㅎㅎㅎㅎㅎㅎㅎㅎㅎㅎㅎㅎㅎㅎㅎㅎㅎㅎ','2023-08-17 16:08:06','2023-08-17 16:08:06','PUBLIC'),(14,138,82,23,2,'dfafas','2023-08-17 17:18:39','2023-08-17 17:18:39','PUBLIC'),(16,21,193,23,5,'식빵 존맛!!','2023-08-18 00:43:09','2023-08-18 00:43:09','PUBLIC'),(17,21,194,23,4,'최고입니다.','2023-08-18 01:08:55','2023-08-18 01:08:55','PUBLIC');
/*!40000 ALTER TABLE `review` ENABLE KEYS */;
UNLOCK TABLES;

--
-- Table structure for table `sale`
--

DROP TABLE IF EXISTS `sale`;
/*!40101 SET @saved_cs_client     = @@character_set_client */;
/*!50503 SET character_set_client = utf8mb4 */;
CREATE TABLE `sale` (
  `sal_id` int NOT NULL AUTO_INCREMENT,
  `name` varchar(255) DEFAULT NULL,
  `usr_id` int NOT NULL,
  `started_at` timestamp NOT NULL,
  `finished_at` timestamp NOT NULL,
  `real_finished_at` timestamp NOT NULL,
  `created_at` timestamp NOT NULL,
  `modified_at` timestamp NOT NULL,
  `price` int NOT NULL,
  `status` varchar(10) NOT NULL,
  PRIMARY KEY (`sal_id`)
) ENGINE=InnoDB AUTO_INCREMENT=4 DEFAULT CHARSET=utf8mb4 COLLATE=utf8mb4_0900_ai_ci;
/*!40101 SET character_set_client = @saved_cs_client */;

--
-- Dumping data for table `sale`
--

LOCK TABLES `sale` WRITE;
/*!40000 ALTER TABLE `sale` DISABLE KEYS */;
INSERT INTO `sale` VALUES (1,'깜짝 세일',21,'2023-08-04 02:11:11','2023-08-15 07:00:00','2023-08-14 07:00:00','2023-08-09 06:48:55','2023-08-07 06:48:55',2000,'S01'),(2,'깜짝 세일',19,'2023-08-04 02:11:11','2023-08-09 07:00:00','2023-08-08 07:00:00','2023-08-09 06:48:55','2023-08-07 06:48:55',2000,'S01'),(3,'깜짝 세일',21,'2023-08-04 02:11:11','2023-08-04 07:00:00','2023-08-04 07:00:00','2023-08-07 11:17:26','2023-08-07 11:17:26',2000,'S01');
/*!40000 ALTER TABLE `sale` ENABLE KEYS */;
UNLOCK TABLES;

--
-- Table structure for table `sale_menu`
--

DROP TABLE IF EXISTS `sale_menu`;
/*!40101 SET @saved_cs_client     = @@character_set_client */;
/*!50503 SET character_set_client = utf8mb4 */;
CREATE TABLE `sale_menu` (
  `ssm_id` int NOT NULL AUTO_INCREMENT,
  `sal_id` int NOT NULL,
  `men_id` int NOT NULL,
  `quantity` int NOT NULL,
  PRIMARY KEY (`ssm_id`)
) ENGINE=InnoDB AUTO_INCREMENT=9 DEFAULT CHARSET=utf8mb4 COLLATE=utf8mb4_0900_ai_ci;
/*!40101 SET character_set_client = @saved_cs_client */;

--
-- Dumping data for table `sale_menu`
--

LOCK TABLES `sale_menu` WRITE;
/*!40000 ALTER TABLE `sale_menu` DISABLE KEYS */;
INSERT INTO `sale_menu` VALUES (1,1,1,1),(2,1,2,2),(3,1,3,3),(4,1,4,4),(5,3,1,1),(6,3,2,2),(7,3,3,3),(8,3,4,4);
/*!40000 ALTER TABLE `sale_menu` ENABLE KEYS */;
UNLOCK TABLES;

--
-- Table structure for table `sido_address`
--

DROP TABLE IF EXISTS `sido_address`;
/*!40101 SET @saved_cs_client     = @@character_set_client */;
/*!50503 SET character_set_client = utf8mb4 */;
CREATE TABLE `sido_address` (
  `asd_id` int NOT NULL AUTO_INCREMENT,
  `adm_code` bigint NOT NULL,
  `name` varchar(50) NOT NULL,
  PRIMARY KEY (`asd_id`)
) ENGINE=InnoDB AUTO_INCREMENT=18 DEFAULT CHARSET=utf8mb4 COLLATE=utf8mb4_0900_ai_ci;
/*!40101 SET character_set_client = @saved_cs_client */;

--
-- Dumping data for table `sido_address`
--

LOCK TABLES `sido_address` WRITE;
/*!40000 ALTER TABLE `sido_address` DISABLE KEYS */;
INSERT INTO `sido_address` VALUES (1,1100000000,'서울특별시'),(2,2600000000,'부산광역시'),(3,2700000000,'대구광역시'),(4,2800000000,'인천광역시'),(5,2900000000,'광주광역시'),(6,3000000000,'대전광역시'),(7,3100000000,'울산광역시'),(8,3600000000,'세종특별자치시'),(9,4100000000,'경기도'),(10,4300000000,'충청북도'),(11,4400000000,'충청남도'),(12,4500000000,'전라북도'),(13,4600000000,'전라남도'),(14,4700000000,'경상북도'),(15,4800000000,'경상남도'),(16,5000000000,'제주특별자치도'),(17,5100000000,'강원특별자치도');
/*!40000 ALTER TABLE `sido_address` ENABLE KEYS */;
UNLOCK TABLES;

--
-- Table structure for table `sigg_address`
--

DROP TABLE IF EXISTS `sigg_address`;
/*!40101 SET @saved_cs_client     = @@character_set_client */;
/*!50503 SET character_set_client = utf8mb4 */;
CREATE TABLE `sigg_address` (
  `asi_id` int NOT NULL AUTO_INCREMENT,
  `asd_id` int NOT NULL,
  `adm_code` bigint NOT NULL,
  `name` varchar(50) NOT NULL,
  `asd_name` varchar(45) NOT NULL,
  PRIMARY KEY (`asi_id`)
) ENGINE=InnoDB AUTO_INCREMENT=262 DEFAULT CHARSET=utf8mb4 COLLATE=utf8mb4_0900_ai_ci;
/*!40101 SET character_set_client = @saved_cs_client */;

--
-- Dumping data for table `sigg_address`
--

LOCK TABLES `sigg_address` WRITE;
/*!40000 ALTER TABLE `sigg_address` DISABLE KEYS */;
INSERT INTO `sigg_address` VALUES (1,1,1111000000,'종로구','서울특별시'),(2,1,1114000000,'중구','서울특별시'),(3,1,1117000000,'용산구','서울특별시'),(4,1,1120000000,'성동구','서울특별시'),(5,1,1121500000,'광진구','서울특별시'),(6,1,1123000000,'동대문구','서울특별시'),(7,1,1126000000,'중랑구','서울특별시'),(8,1,1129000000,'성북구','서울특별시'),(9,1,1130500000,'강북구','서울특별시'),(10,1,1132000000,'도봉구','서울특별시'),(11,1,1135000000,'노원구','서울특별시'),(12,1,1138000000,'은평구','서울특별시'),(13,1,1141000000,'서대문구','서울특별시'),(14,1,1144000000,'마포구','서울특별시'),(15,1,1147000000,'양천구','서울특별시'),(16,1,1150000000,'강서구','서울특별시'),(17,1,1153000000,'구로구','서울특별시'),(18,1,1154500000,'금천구','서울특별시'),(19,1,1156000000,'영등포구','서울특별시'),(20,1,1159000000,'동작구','서울특별시'),(21,1,1162000000,'관악구','서울특별시'),(22,1,1165000000,'서초구','서울특별시'),(23,1,1168000000,'강남구','서울특별시'),(24,1,1171000000,'송파구','서울특별시'),(25,1,1174000000,'강동구','서울특별시'),(26,2,2611000000,'중구','부산광역시'),(27,2,2614000000,'서구','부산광역시'),(28,2,2617000000,'동구','부산광역시'),(29,2,2620000000,'영도구','부산광역시'),(30,2,2623000000,'부산진구','부산광역시'),(31,2,2626000000,'동래구','부산광역시'),(32,2,2629000000,'남구','부산광역시'),(33,2,2632000000,'북구','부산광역시'),(34,2,2635000000,'해운대구','부산광역시'),(35,2,2638000000,'사하구','부산광역시'),(36,2,2641000000,'금정구','부산광역시'),(37,2,2644000000,'강서구','부산광역시'),(38,2,2647000000,'연제구','부산광역시'),(39,2,2650000000,'수영구','부산광역시'),(40,2,2653000000,'사상구','부산광역시'),(41,2,2671000000,'기장군','부산광역시'),(42,3,2711000000,'중구','대구광역시'),(43,3,2714000000,'동구','대구광역시'),(44,3,2717000000,'서구','대구광역시'),(45,3,2720000000,'남구','대구광역시'),(46,3,2723000000,'북구','대구광역시'),(47,3,2726000000,'수성구','대구광역시'),(48,3,2729000000,'달서구','대구광역시'),(49,3,2771000000,'달성군','대구광역시'),(50,3,2772000000,'군위군','대구광역시'),(51,4,2811000000,'중구','인천광역시'),(52,4,2814000000,'동구','인천광역시'),(53,4,2817700000,'미추홀구','인천광역시'),(54,4,2818500000,'연수구','인천광역시'),(55,4,2820000000,'남동구','인천광역시'),(56,4,2823700000,'부평구','인천광역시'),(57,4,2824500000,'계양구','인천광역시'),(58,4,2826000000,'서구','인천광역시'),(59,4,2871000000,'강화군','인천광역시'),(60,4,2872000000,'옹진군','인천광역시'),(61,5,2911000000,'동구','광주광역시'),(62,5,2914000000,'서구','광주광역시'),(63,5,2915500000,'남구','광주광역시'),(64,5,2917000000,'북구','광주광역시'),(65,5,2920000000,'광산구','광주광역시'),(66,6,3011000000,'동구','대전광역시'),(67,6,3014000000,'중구','대전광역시'),(68,6,3017000000,'서구','대전광역시'),(69,6,3020000000,'유성구','대전광역시'),(70,6,3023000000,'대덕구','대전광역시'),(71,7,3111000000,'중구','울산광역시'),(72,7,3114000000,'남구','울산광역시'),(73,7,3117000000,'동구','울산광역시'),(74,7,3120000000,'북구','울산광역시'),(75,7,3171000000,'울주군','울산광역시'),(76,8,3611000000,'세종시','세종특별자치시'),(77,9,4111000000,'수원시','경기도'),(78,9,4111100000,'수원시 장안구','경기도'),(79,9,4111300000,'수원시 권선구','경기도'),(80,9,4111500000,'수원시 팔달구','경기도'),(81,9,4111700000,'수원시 영통구','경기도'),(82,9,4113000000,'성남시','경기도'),(83,9,4113100000,'성남시 수정구','경기도'),(84,9,4113300000,'성남시 중원구','경기도'),(85,9,4113500000,'성남시 분당구','경기도'),(86,9,4115000000,'의정부시','경기도'),(87,9,4117000000,'안양시','경기도'),(88,9,4117100000,'안양시 만안구','경기도'),(89,9,4117300000,'안양시 동안구','경기도'),(90,9,4119000000,'부천시','경기도'),(91,9,4121000000,'광명시','경기도'),(92,9,4122000000,'평택시','경기도'),(93,9,4125000000,'동두천시','경기도'),(94,9,4127000000,'안산시','경기도'),(95,9,4127100000,'안산시 상록구','경기도'),(96,9,4127300000,'안산시 단원구','경기도'),(97,9,4128000000,'고양시','경기도'),(98,9,4128100000,'고양시 덕양구','경기도'),(99,9,4128500000,'고양시 일산동구','경기도'),(100,9,4128700000,'고양시 일산서구','경기도'),(101,9,4129000000,'과천시','경기도'),(102,9,4131000000,'구리시','경기도'),(103,9,4136000000,'남양주시','경기도'),(104,9,4137000000,'오산시','경기도'),(105,9,4139000000,'시흥시','경기도'),(106,9,4141000000,'군포시','경기도'),(107,9,4143000000,'의왕시','경기도'),(108,9,4145000000,'하남시','경기도'),(109,9,4146000000,'용인시','경기도'),(110,9,4146100000,'용인시 처인구','경기도'),(111,9,4146300000,'용인시 기흥구','경기도'),(112,9,4146500000,'용인시 수지구','경기도'),(113,9,4148000000,'파주시','경기도'),(114,9,4150000000,'이천시','경기도'),(115,9,4155000000,'안성시','경기도'),(116,9,4157000000,'김포시','경기도'),(117,9,4159000000,'화성시','경기도'),(118,9,4161000000,'광주시','경기도'),(119,9,4163000000,'양주시','경기도'),(120,9,4165000000,'포천시','경기도'),(121,9,4167000000,'여주시','경기도'),(122,9,4180000000,'연천군','경기도'),(123,9,4182000000,'가평군','경기도'),(124,9,4183000000,'양평군','경기도'),(125,10,4311000000,'청주시','충청북도'),(126,10,4311100000,'청주시 상당구','충청북도'),(127,10,4311200000,'청주시 서원구','충청북도'),(128,10,4311300000,'청주시 흥덕구','충청북도'),(129,10,4311400000,'청주시 청원구','충청북도'),(130,10,4313000000,'충주시','충청북도'),(131,10,4315000000,'제천시','충청북도'),(132,10,4372000000,'보은군','충청북도'),(133,10,4373000000,'옥천군','충청북도'),(134,10,4374000000,'영동군','충청북도'),(135,10,4374500000,'증평군','충청북도'),(136,10,4375000000,'진천군','충청북도'),(137,10,4376000000,'괴산군','충청북도'),(138,10,4377000000,'음성군','충청북도'),(139,10,4380000000,'단양군','충청북도'),(140,11,4413000000,'천안시','충청남도'),(141,11,4413100000,'천안시 동남구','충청남도'),(142,11,4413300000,'천안시 서북구','충청남도'),(143,11,4415000000,'공주시','충청남도'),(144,11,4418000000,'보령시','충청남도'),(145,11,4420000000,'아산시','충청남도'),(146,11,4421000000,'서산시','충청남도'),(147,11,4423000000,'논산시','충청남도'),(148,11,4425000000,'계룡시','충청남도'),(149,11,4427000000,'당진시','충청남도'),(150,11,4471000000,'금산군','충청남도'),(151,11,4476000000,'부여군','충청남도'),(152,11,4477000000,'서천군','충청남도'),(153,11,4479000000,'청양군','충청남도'),(154,11,4480000000,'홍성군','충청남도'),(155,11,4481000000,'예산군','충청남도'),(156,11,4482500000,'태안군','충청남도'),(157,12,4511000000,'전주시','전라북도'),(158,12,4511100000,'전주시 완산구','전라북도'),(159,12,4511300000,'전주시 덕진구','전라북도'),(160,12,4513000000,'군산시','전라북도'),(161,12,4514000000,'익산시','전라북도'),(162,12,4518000000,'정읍시','전라북도'),(163,12,4519000000,'남원시','전라북도'),(164,12,4521000000,'김제시','전라북도'),(165,12,4571000000,'완주군','전라북도'),(166,12,4572000000,'진안군','전라북도'),(167,12,4573000000,'무주군','전라북도'),(168,12,4574000000,'장수군','전라북도'),(169,12,4575000000,'임실군','전라북도'),(170,12,4577000000,'순창군','전라북도'),(171,12,4579000000,'고창군','전라북도'),(172,12,4580000000,'부안군','전라북도'),(173,13,4611000000,'목포시','전라남도'),(174,13,4613000000,'여수시','전라남도'),(175,13,4615000000,'순천시','전라남도'),(176,13,4617000000,'나주시','전라남도'),(177,13,4623000000,'광양시','전라남도'),(178,13,4671000000,'담양군','전라남도'),(179,13,4672000000,'곡성군','전라남도'),(180,13,4673000000,'구례군','전라남도'),(181,13,4677000000,'고흥군','전라남도'),(182,13,4678000000,'보성군','전라남도'),(183,13,4679000000,'화순군','전라남도'),(184,13,4680000000,'장흥군','전라남도'),(185,13,4681000000,'강진군','전라남도'),(186,13,4682000000,'해남군','전라남도'),(187,13,4683000000,'영암군','전라남도'),(188,13,4684000000,'무안군','전라남도'),(189,13,4686000000,'함평군','전라남도'),(190,13,4687000000,'영광군','전라남도'),(191,13,4688000000,'장성군','전라남도'),(192,13,4689000000,'완도군','전라남도'),(193,13,4690000000,'진도군','전라남도'),(194,13,4691000000,'신안군','전라남도'),(195,14,4711000000,'포항시','경상북도'),(196,14,4711100000,'포항시 남구','경상북도'),(197,14,4711300000,'포항시 북구','경상북도'),(198,14,4713000000,'경주시','경상북도'),(199,14,4715000000,'김천시','경상북도'),(200,14,4717000000,'안동시','경상북도'),(201,14,4719000000,'구미시','경상북도'),(202,14,4721000000,'영주시','경상북도'),(203,14,4723000000,'영천시','경상북도'),(204,14,4725000000,'상주시','경상북도'),(205,14,4728000000,'문경시','경상북도'),(206,14,4729000000,'경산시','경상북도'),(207,14,4773000000,'의성군','경상북도'),(208,14,4775000000,'청송군','경상북도'),(209,14,4776000000,'영양군','경상북도'),(210,14,4777000000,'영덕군','경상북도'),(211,14,4782000000,'청도군','경상북도'),(212,14,4783000000,'고령군','경상북도'),(213,14,4784000000,'성주군','경상북도'),(214,14,4785000000,'칠곡군','경상북도'),(215,14,4790000000,'예천군','경상북도'),(216,14,4792000000,'봉화군','경상북도'),(217,14,4793000000,'울진군','경상북도'),(218,14,4794000000,'울릉군','경상북도'),(219,15,4812000000,'창원시','경상남도'),(220,15,4812100000,'창원시 의창구','경상남도'),(221,15,4812300000,'창원시 성산구','경상남도'),(222,15,4812500000,'창원시 마산합포구','경상남도'),(223,15,4812700000,'창원시 마산회원구','경상남도'),(224,15,4812900000,'창원시 진해구','경상남도'),(225,15,4817000000,'진주시','경상남도'),(226,15,4822000000,'통영시','경상남도'),(227,15,4824000000,'사천시','경상남도'),(228,15,4825000000,'김해시','경상남도'),(229,15,4827000000,'밀양시','경상남도'),(230,15,4831000000,'거제시','경상남도'),(231,15,4833000000,'양산시','경상남도'),(232,15,4872000000,'의령군','경상남도'),(233,15,4873000000,'함안군','경상남도'),(234,15,4874000000,'창녕군','경상남도'),(235,15,4882000000,'고성군','경상남도'),(236,15,4884000000,'남해군','경상남도'),(237,15,4885000000,'하동군','경상남도'),(238,15,4886000000,'산청군','경상남도'),(239,15,4887000000,'함양군','경상남도'),(240,15,4888000000,'거창군','경상남도'),(241,15,4889000000,'합천군','경상남도'),(242,16,5011000000,'제주시','제주특별자치도'),(243,16,5013000000,'서귀포시','제주특별자치도'),(244,17,5111000000,'춘천시','강원특별자치도'),(245,17,5113000000,'원주시','강원특별자치도'),(246,17,5115000000,'강릉시','강원특별자치도'),(247,17,5117000000,'동해시','강원특별자치도'),(248,17,5119000000,'태백시','강원특별자치도'),(249,17,5121000000,'속초시','강원특별자치도'),(250,17,5123000000,'삼척시','강원특별자치도'),(251,17,5172000000,'홍천군','강원특별자치도'),(252,17,5173000000,'횡성군','강원특별자치도'),(253,17,5175000000,'영월군','강원특별자치도'),(254,17,5176000000,'평창군','강원특별자치도'),(255,17,5177000000,'정선군','강원특별자치도'),(256,17,5178000000,'철원군','강원특별자치도'),(257,17,5179000000,'화천군','강원특별자치도'),(258,17,5180000000,'양구군','강원특별자치도'),(259,17,5181000000,'인제군','강원특별자치도'),(260,17,5182000000,'고성군','강원특별자치도'),(261,17,5183000000,'양양군','강원특별자치도');
/*!40000 ALTER TABLE `sigg_address` ENABLE KEYS */;
UNLOCK TABLES;

--
-- Table structure for table `store`
--

DROP TABLE IF EXISTS `store`;
/*!40101 SET @saved_cs_client     = @@character_set_client */;
/*!50503 SET character_set_client = utf8mb4 */;
CREATE TABLE `store` (
  `usr_id` int NOT NULL,
  `aem_id` int NOT NULL,
  `address` varchar(255) NOT NULL,
  `store_name` varchar(100) NOT NULL,
  `store_phone` varchar(11) NOT NULL,
  `content` text,
  `bank` varchar(4) NOT NULL,
  `account` varchar(20) NOT NULL,
  `latitude` double NOT NULL,
  `longitude` double NOT NULL,
  `logo` text,
  `is_opened` tinyint DEFAULT '0',
  `hashtags` text,
  `open_time` varchar(255) DEFAULT NULL,
  `banner` text,
  PRIMARY KEY (`usr_id`)
) ENGINE=InnoDB DEFAULT CHARSET=utf8mb4 COLLATE=utf8mb4_0900_ai_ci;
/*!40101 SET character_set_client = @saved_cs_client */;

--
-- Dumping data for table `store`
--

LOCK TABLES `store` WRITE;
/*!40000 ALTER TABLE `store` DISABLE KEYS */;
INSERT INTO `store` VALUES (19,1314,'어딘가','탕탕 탕후루 2호점','01029347857','탕탕탕 탕후루 2호점입니다.','BT03','34258792354',36.33184107,127.3405094,NULL,0,'딸기 과일 탕후루',NULL,NULL),(21,1231,'싸피','펭소네 가게','01098555432','수정 테스트','BT02','34258792354',36.32184,127.29732,NULL,0,'ㅋㅋㅋㅋ 맛있어요 커피 설탕 참치 메가커피',NULL,'https://s3.ap-northeast-2.amazonaws.com/ssafy-square-bucket/static/2023-08-18/banner/3bc7e766-dd99-4009-bfad-076876b25810'),(37,1314,'덕명일거리','그린브라우니 한밭대점','01052487534','카공하기 좋은 카페','BT01','012345678901',36.33187329,127.338683,NULL,0,'굿 맛있는곳 추천맛집 카공 카페공부',NULL,NULL),(38,1311,'추운곳','펭소 베이커리','01037529823','펭귄이 운영중임다','BT01','012345678901',36.35109206184097,127.38725504755125,NULL,1,'도넛 샐러드 커피 샌드위치',NULL,NULL),(39,1311,'포탈','동현 하우스','01046872354','최고의 맛집 동현하우스로 순간이동하는 포탈','BT01','012345678901',36.34931398150539,127.38741334481165,NULL,1,'도넛 주스 샐러드 커피 빵 케이크 간편음식 분식 김밥 회/초밥',NULL,NULL),(40,1311,'길가','곤듀님네 탕후루','01065348734','공주는 과일만 먹고살아요','BT01','012345678901',36.3554089675897,127.38085917391513,NULL,1,'탕후루',NULL,NULL),(41,1311,'좋은곳','오다 커피','01064384634','가다 커피는 없냐는 질문 금지 노잼임','BT01','012345678901',36.359572922351,127.3918428561144,NULL,1,'커피 빵 케이크',NULL,NULL),(42,1311,'골목길','연짜이 초밥','01045673548','신선한 생선 추구합니다','BT01','012345678901',36.349314227355634,127.39559025117823,NULL,1,'회/초밥',NULL,NULL),(43,1310,'어딘가','펭소 베이커리 2호점','01053735983','여러분 덕분에 2호점 냇슴다 감삼다','BT01','012345678901',36.344915898837584,127.3733668321292,NULL,1,'도넛 주스 빵',NULL,NULL),(44,1306,'골목길','세훈이네 분식점','01088925664','분식 회계로 이익 창출중','BT01','012345678901',36.34601,127.38994,'https://s3.ap-northeast-2.amazonaws.com/ssafy-square-bucket/static/2023-08-14/logo/5114b38e-8df0-4836-be2f-f5a2de7681ed',1,'분식',NULL,'https://s3.ap-northeast-2.amazonaws.com/ssafy-square-bucket/static/2023-08-14/banner/14fc20ed-f8aa-4079-81f3-9ada8d9fec94'),(45,1312,'어딘가','테이 드 모아젤','01035847693','양식 팝니다','BT01','012345678901',36.359163717079134,127.37687763048085,NULL,1,'간편음식 샐러드 샌드위치',NULL,NULL),(46,1327,'어딘가','다이다이 김밥','01058536739','맛없다 하면 죽여버릴거에요','BT01','012345678901',36.367176227592765,127.38710909706204,NULL,1,'김밥',NULL,NULL),(47,1382,'어딘가','제경이의 근본카페','01009478365','근본없는 음식은 팔지 않습니다','BT01','012345678901',36.36786558041124,127.415947390659,NULL,1,'커피 빵',NULL,NULL),(48,1381,'어딘가','지희네 반찬가게','01008903482','수업 끝나고 매일 만드는 신선한 반찬가게','BT01','012345678901',36.34909899311252,127.41520420158331,NULL,1,'간편음식',NULL,NULL),(49,1339,'사거리','제경이의 근본토스트','01047489236','다양한 토스트와 샌드위치를 만나봐요','BT01','012345678901',36.36069434,127.3073265,NULL,0,'샌드위치 토스트 식빵 마카롱 흰우유',NULL,NULL),(50,1339,'삼거리','반달곰커피','01053495473','커피 맛집','BT01','012345678901',36.360004,127.30587,'https://s3.ap-northeast-2.amazonaws.com/ssafy-square-bucket/static/2023-08-14/logo/606b4636-3c49-41fa-a3f0-b664e3fd0a03',0,'커피 카페 아메리카노 아아메 곰',NULL,NULL),(51,1339,'교차로','사거리에서 맛나','01027294655','맛나분식입니다','BT01','012345678901',36.35003553,127.3301836,NULL,0,'떡볶이 튀김 순대 떡튀순 어묵 떡볶이맛집 밀떡볶이',NULL,NULL),(52,1339,'사거리','세훈이네 분식점 2호점','01095785622','세훈이네 분식점 2호점이에요 ~','BT01','012345678901',36.35485706,127.3176313,NULL,0,'고구마 깻잎 오징어 새우 주먹밥',NULL,NULL),(53,1340,'삼거리','튀김공방','01069437295','튀김 전문점 ! 항상 바삭한 튀김을 만나보세요','BT01','012345678901',36.3465401497156,127.302503037259,NULL,0,'고구마 깻잎 오징어 새우 주먹밥',NULL,NULL),(54,1343,'교차로','맛나분식','01059237129','맛나분식입니다','BT01','012345678901',36.34388546,127.3106886,NULL,0,'떡볶이 튀김 순대 떡튀순 어묵 ',NULL,NULL),(55,1346,'초등학교 앞','만나 베이커리','01045957823','빵 맛집이에요','BT01','012345678901',36.36732776,127.3290309,NULL,0,'베이커리 크로플 크루와상 식빵맛집',NULL,NULL),(56,1346,'도서관 앞','데일리 샐러드','01039348735','매일 공수하는 야채들로 만든 신선한 샐러드를 만나보세요','BT01','012345678901',36.36745539,127.3185154,NULL,0,'건강 건강한음식 샐러드 우리동네샐러드 샌드위치',NULL,NULL),(80,1332,'포탈','행복다방','01038457325','맥심 스타일 커피 ~','BT01','012345678901',36.33488823,127.3094193,NULL,1,'커피 맛집 우리동네맛집 카페',NULL,NULL),(82,1337,'어딘가','곰베이커리','01029383425','곰발바닥 쿠키 새로 나왔어요','BT01','3102650304',36.27327,127.28863,NULL,0,'곰발바닥 베이커리 곰베이커리 반달곰',NULL,NULL),(83,1337,'1층 101호','고양이커피점','01029348421','루왁커피 맛있는거 아시죠 ?','BT02','3102650305',36.27637819,127.2926883,NULL,0,'고양이 커피 베이커리 루왁커피',NULL,NULL),(84,1337,'큰 길가','달동네떡볶이','01019284743','토끼가 직접 만든 떡으로 만들었어요','BT03','3102650306',36.27819118,127.2957002,NULL,0,'떡볶이 달 달떡볶이 떡뽁기',NULL,NULL),(85,1347,'주택가','병아리샐러드','01029324784','노오란 병아리콩이 듬뿍 담긴 샐러드 !','BT04','3102650307',36.38657178,127.3037085,NULL,0,'병아리콩 샐러드 찹샐러드',NULL,NULL),(86,1347,'빨간지붕','세훈이네 튀김맛집','01039458673','오늘은 쉬어가요','BT01','3102650308',36.38622909,127.3038047,NULL,0,'튀김 떡볶이 순대 맛집 우리동네맛집',NULL,NULL),(87,1347,'초록지붕','가다샌드위치','01039585786','수박 맛있어요','BT02','3102650309',36.38604183,127.3039098,NULL,0,'오다커피 가다샌드위치 2호점',NULL,NULL),(88,1347,'노란지붕','오이김밥','01029478929','피클화 12%만 취급','BT03','3102650310',36.3868154,127.3044729,NULL,0,'오이 피클 오이사랑 오이김밥',NULL,NULL),(89,1340,'세련된 건물 1층','크로플러스','01093845929','크로 +','BT04','3102650311',36.34899536,127.2973156,NULL,0,'크로플 크로플맛집 생크림크로플',NULL,NULL),(90,1340,'광장','탕탕탕 탕후루','01028263985','샤인머스캣','BT01','3102650312',36.34877356,127.2995261,NULL,0,'탕후루 샤인머스캣 탕후루맛집 맛집 블랙사파이어',NULL,NULL),(91,1340,'행운로 12','테라커피','01029476423','대표메뉴 : 테라커피, 메가리카노','BT02','3102650313',36.3487433,127.2990136,NULL,0,'메가커피 테라커피 커피 카페 검정커피',NULL,NULL),(92,1340,'빨간벽돌','달다방','01029278494','오늘도 달달한 커피드시고 가세요','BT03','3102650314',36.34893602,127.2994265,NULL,0,'달다방 맛있어요 맛집 커피맛집',NULL,NULL),(93,1332,'갈색벽돌집','세끼 떡볶이','01028923474','무한리필 떡볶이 !','BT04','3102650315',36.33949136,127.3092788,NULL,0,'떡볶이 세끼떡볶이 떡볶이맛집',NULL,NULL),(94,1332,'민트색 건물','훈이네 주먹밥','01032943753','주먹밥머리 2호점 개점했습니다','BT01','3102650316',36.3398797,127.3089573,NULL,0,'훈이 훈이네 주먹밥 참치주먹밥 스팸주먹밥',NULL,NULL),(95,1332,'분홍생 담벼락 2호','만찐두빵','01023947652','김치만두 맛집','BT02','3102650317',36.33954594,127.3108218,NULL,0,'김치만두 고기만두 만두맛집 만찐두빵 찐만두빵',NULL,NULL),(96,1345,'노란색 담벼락 3호','찐만빵두','01029475233','팥찐빵 맛집','BT03','3102650318',36.3614296,127.288012,NULL,0,'찐빵 만두 찐만빵두 팥',NULL,NULL),(97,1345,'대로변','생생주스','01029234752','직접 착즙한 주스','BT04','3102650319',36.36210011,127.2864992,NULL,0,'주스 착즙주스 수제주스',NULL,NULL),(98,1345,'학교앞','도널도넛','01023934272','DONALDONUT','BT01','3102650320',36.36214182,127.2878921,NULL,0,'도넛 도너츠 도넛맛집',NULL,NULL),(99,1339,'초등학교앞','까만커피','01029243872','직접 볶은 원두로 만들어요','BT02','3102650321',36.35969809,127.305746,NULL,0,'커피 카페 아메리카노맛집 커피맛집',NULL,NULL),(100,1339,'빨간지붕','악어 샐러드','01029393832','오늘은 쉬어갑니다','BT03','3102650322',36.36096321,127.3079014,NULL,0,'샐러드 연어샐러드 참치샐러드 닭가슴살 다이어트',NULL,NULL),(101,1339,'초록지붕','빵야 빵야','01019283723','빵 맛집','BT04','3102650323',36.36066634,127.3076997,NULL,0,'빵 빵맛집 베이커리',NULL,NULL),(102,1339,'노란지붕','주먹밥머리','01011912942','오픈 기념으로 10000원이상 구매시 쿠키드려요','BT01','3102650324',36.3605221,127.3077214,NULL,0,'주먹밥 참치주먹밥 스팸주먹밥 주먹밥머리',NULL,NULL),(103,1346,'세련된 건물 1층','고구마 떡볶이','01090945967','고구마와 떡볶이가 만났다 !','BT02','3102650325',36.36794642,127.3168599,NULL,0,'고구마 떡볶이 고구마떡볶이 떡볶이맛집',NULL,NULL),(104,1346,'광장','주스 텐','01018375232','10가지 재료가 들어간 주스 !!','BT03','3102650326',36.36798741,127.3166957,NULL,0,'주스 착즙주스 수제주스',NULL,NULL),(105,1346,'행운로 12','별빛케이크','01039568263','우리동네 케이크 맛집 !','BT04','3102650327',36.3674691,127.3167466,NULL,0,'케이크 수제케이크 레터링케이크 레터링 수제',NULL,NULL),(106,1346,'빨간벽돌','싱싱 초밥','01028324752','연어초밥, 광어초밥 할인헤요','BT01','3102650328',36.36745207,127.3172201,NULL,0,'초밥 연어 광어 연어초밥 광어초밥',NULL,NULL),(107,1330,'어딘가','여기 오세훈','01029345872','신메뉴: 저리 가세훈','BT02','3102650329',36.31854843,127.3243909,NULL,0,'샌드위치 토스트 빵 ',NULL,NULL),(108,1330,'골목길','존박 분식','01019238528','떡볶이세트 + 냉면 맛집','BT03','3102650330',36.31309841,127.3202595,NULL,0,'떡볶이 순대 튀김 만두 냉면',NULL,NULL),(109,1330,'골목길 어귀','챱챱 샐러드','01092395822','건강한 하루 보내세요','BT04','3102650331',36.31332621,127.3210065,NULL,0,'샐러드 챱샐러드 스위트콘',NULL,NULL),(110,1330,'바로 거기','떡볶이마을','01029235233','리뷰이벤트 진행중 ~','BT01','3102650332',36.31301061,127.3210776,NULL,0,'떡볶이 순대 튀김 만두 떡튀순',NULL,NULL),(111,1343,'어딘가','팡빵','01096793833','Pang Pang','BT02','3102650333',36.33962243,127.3260823,NULL,0,'빵 빵맛집 베이커리',NULL,NULL),(112,1343,'초등학교앞','단팥팥빵','01092372532','단팥빵 맛집','BT02','3102650334',36.34213331,127.3155996,NULL,0,'단팥빵',NULL,NULL),(113,1343,'어딘가','마이슈크림','01099783492','슈크림빵 맛집','BT01','3102650335',36.3427976,127.3148727,NULL,0,'슈크림빵 맛집',NULL,NULL),(114,1344,'학교앞','하하 케이크','01005321968','케이크 세젤맛집','BT04','3102650336',36.35812928,127.3330031,NULL,0,'케이크 수제케이크 인스타 맛집',NULL,NULL),(115,1344,'골목길','고수팡','01093471241','고수맛 빵','BT03','3102650337',36.35724983,127.3349045,NULL,0,'고수 고수맛 고수맛빵 고수맛빵맛집',NULL,NULL),(116,1344,'골목길 어귀','최강주스','01023498637','강력한 주스 맛집','BT04','3102650338',36.35694221,127.3353377,NULL,0,'최강주스 주스맛집 최강주스맛집',NULL,NULL),(117,1344,'바로 거기','상민이네김밥','01082475283','사장님이 연예인 김밥집','BT03','3102650339',36.35701227,127.3360622,NULL,0,'김밥 맛집 상민이네깁밥',NULL,NULL),(118,1333,'어딘가','전지연씨도넛','01092347862','별에서 나온 도넛','BT04','3102650340',36.33724276,127.3005095,NULL,0,'베이커리 도넛 전지연씨도넛',NULL,NULL),(119,1333,'초등학교앞','올인샐러드','01093287562','샐러드에 전 재산 올인하게 만드는 곳','BT01','3102650341',36.33634002,127.3011298,NULL,0,'올인 올인샐러드 샐러드 샐러드맛집 인스타샐러드',NULL,NULL),(120,1333,'어딘가','같은분식','01094784792','같은 배게 아니고 같은 분식','BT02','3102650342',36.33582896,127.3000919,NULL,0,'같은배게 같은도넛 맛은달라 사딸라',NULL,NULL),(121,1333,'학교앞','이주스마시면','01019286268','손예진도 반한 주스 맛집','BT03','3102650343',36.33544868,127.3008033,NULL,0,'손예진맛집 세젤맛주스 주스맛집 생과일주스',NULL,NULL),(122,1333,'골목길','내가초밥의왕이될상','01019237372','관상부터 초밥 맛집','BT04','3102650344',36.33690241,127.3032482,NULL,0,'초밥왕 초밥맛집 연어초밥 참치초밥 새우초밥',NULL,NULL),(123,1329,'골목길 어귀','샐러드개론','01019328743','첫사랑과 헤어지고 생각나는 샐러드 맛집','BT01','3102650345',36.31095688,127.3147836,NULL,0,'시저샐러드 닭가슴살샐러드 스테이크샐러드 샐러드맛집',NULL,NULL),(124,1329,'바로 거기','알아들었으면케이크사먹어','01029283472','고개를 끄덕이게 만드는 케이크 맛집','BT02','3102650346',36.30960936,127.3131636,NULL,0,'레드벨벳케이크 치즈케이크 쉬폰케이크 초코케이크',NULL,NULL),(125,1329,'어딘가','왈왈주먹밥','01091239992','강아지들도 좋아하는 주먹밥 세젤 맛집','BT02','3102650347',36.30930616,127.3119376,NULL,0,'김치볶음주먹밥 참치주먹밥 연어주먹밥 ',NULL,NULL),(126,1329,'초등학교앞','루이도넛','01019238471','루이14세도 즐겨먹은 도넛','BT01','3102650348',36.3109852,127.3142938,NULL,0,'도넛 도넛맛집 도넛츠 도너츠 ',NULL,NULL),(127,1329,'어딘가','멋지다케이크','01092834729','케이크가 멋있고 사장님이 맛있어요','BT04','3102650349',36.30782478,127.3062978,NULL,0,'레터링케이크 얼그레이쉬폰케이크 말차케이크',NULL,NULL),(128,1342,'학교앞','미스터초밥왕','01019237482','미스터 초밥왕 주인공의 가게','BT03','3102650350',36.3466887,127.3346699,NULL,0,'광어초밥 도미초밥 고등어봉초밥',NULL,NULL),(129,1342,'골목길','구동매카스테라','01019272346','천하제일 구동매도 반한 카스텔라 맛집','BT04','3102650351',36.34756602,127.3367457,NULL,0,'카스텔라 무지개카스테라 카스테라맛집',NULL,NULL),(130,1312,'골목길 어귀','희성이네카페','01010019248','반갑소 김희성이요','BT03','3102650352',36.34692892,127.3529738,NULL,0,'아메리카노 커피 카페라떼 스무디 원두맛집 커피맛집',NULL,NULL),(131,1342,'바로 거기','서울주스','01029375472','서울 일대 모든 사람들이 가지 않을 수 없는 주스집','BT04','3102650353',36.34223325,127.3359653,NULL,0,'생과일주스 주스 주스맛집 토마토주스 오렌지주스 오이주스',NULL,NULL),(132,1331,'어딘가','도깨비분식','01029378546','리뷰이벤트 진행중입니다!!','BT01','3102650354',36.32216024,127.3209341,NULL,0,'김밥 튀김 순대 떡볶이 분식맛집 떡볶이맛집',NULL,NULL),(133,1331,'초등학교앞','저승이네샐러드','01019373953','치킨샐러드 특가 진행중!','BT02','3102650355',36.32240078,127.3219652,NULL,0,'치킨샐러드 치킨샐러드맛집 다이어트샐러드',NULL,NULL),(134,1331,'어딘가','고삼김밥','01032957389','고삼에게 특별히 김밥 천원이에요~','BT03','3102650356',36.32174543,127.3210327,NULL,0,'참치김밥 참치김밥맛집 돈까스김밥 돈까스김밥맛집',NULL,NULL),(135,1331,'학교앞','모델커피','01039474923','모델 알바생들이 서빙해드려요~','BT04','3102650357',36.32139764,127.321343,NULL,0,'아메리카노 카페모카 프라푸치노맛집',NULL,NULL),(136,1331,'용두동','리즈너블도넛','01093987883','저희 도넛 참 저렴하고 맛있답니다','BT01','3102650358',36.322834,127.31695,NULL,0,'도넛 가성비도넛 인스타도넛 도넛맛집',NULL,'https://s3.ap-northeast-2.amazonaws.com/ssafy-square-bucket/static/2023-08-14/banner/6932a431-36ea-404a-8287-017efa84fc83'),(137,1334,'어딘가','그라운드커피','01029348593','인스타 핫플! 그라운드커피를 맛보세요!','BT02','3102650359',36.30403448,127.2931451,NULL,0,'카페 인스타핫플 인스타카페 아메리카노맛집',NULL,NULL),(138,1334,'초등학교앞','후루룩탕후루','01093474791','대세 디저트 탕후루 원조는 여기!','BT02','3102650360',36.30423704,127.2932293,NULL,0,'탕후루 탕후루맛집 딸기탕후루 샤인머스캣탕후루',NULL,NULL),(139,1334,'어딘가','프리티김밥','01038934573','인스타에서 보던 예쁜김밥이에요 맛도 좋아요~','BT01','3102650361',36.30435115,127.2907859,NULL,0,'김밥맛집 프리티김밥 오이김밥 당근김밥',NULL,NULL),(140,1335,'학교앞','샐러디샐러더','01018234746','다이어트에 진심인 사장님이 직접 만듭니다!','BT04','3102650362',36.29350493,127.2738023,NULL,0,'다이어트샐러드 목살샐러드 콥샐러드 샐러드맛집',NULL,NULL),(141,1335,'골목길','국진횟집','01039474723','횟길 인생 25년, 도톰한 방어 그냥 지나칠 수 없죠~','BT03','3102650363',36.29298237,127.2737448,NULL,0,'방어회 방어회포장 방어회맛집 ',NULL,NULL),(142,1335,'골목길 어귀','무브도넛','01029484723','우리 가게 진짜 도넛 찐 맛집!!','BT04','3102650364',36.29347782,127.2738356,NULL,0,'도넛 도넛맛집 도넛츠 도너츠 ',NULL,NULL),(143,1338,'바로 거기','컴포터블커피','01012928426','직접 원두 로스팅하는 아메리카노 맛집','BT01','3102650365',36.35523921,127.3408341,NULL,0,'로스팅카페 아메리카노맛집',NULL,NULL),(144,1338,'어딘가','스트롱샐러드','01029324745','맛있게 다이어트하세요~','BT02','3102650366',36.35532174,127.3403331,NULL,0,'샐러드 닭가슴살샐러드 스테이크샐러드 샐러드맛집',NULL,NULL),(145,1338,'초등학교앞','신호등 주스','01029437452','흥이나는 신호등 주스입니다!','BT02','3102650367',36.35533216,127.3406312,NULL,0,'수박주스맛집 오렌지주스맛집 사과주스맛집',NULL,NULL),(146,1338,'어딘가','스카이베이커리','01083456734','식빵 할인 중!!','BT01','3102650368',36.35536843,127.3397623,NULL,0,'크루아상맛집 단팥빵맛집 머핀맛집',NULL,NULL),(173,21,'덕명일거리','가나다라마바사','01023456789','맛있어요','BT01','012345678901',12.12212,34.32434,NULL,NULL,NULL,NULL,NULL),(174,1604,'내정로','ㅋㅋㅋㅋ','01001000100','스퀘어입니다','BT01','000000000',37.363846,127.11616,NULL,NULL,NULL,NULL,NULL);
/*!40000 ALTER TABLE `store` ENABLE KEYS */;
UNLOCK TABLES;

--
-- Table structure for table `store_category_big`
--

DROP TABLE IF EXISTS `store_category_big`;
/*!40101 SET @saved_cs_client     = @@character_set_client */;
/*!50503 SET character_set_client = utf8mb4 */;
CREATE TABLE `store_category_big` (
  `scb_id` int NOT NULL AUTO_INCREMENT,
  `name` varchar(100) DEFAULT NULL,
  `created_at` timestamp NULL DEFAULT NULL,
  PRIMARY KEY (`scb_id`)
) ENGINE=InnoDB AUTO_INCREMENT=101 DEFAULT CHARSET=utf8mb4 COLLATE=utf8mb4_0900_ai_ci;
/*!40101 SET character_set_client = @saved_cs_client */;

--
-- Dumping data for table `store_category_big`
--

LOCK TABLES `store_category_big` WRITE;
/*!40000 ALTER TABLE `store_category_big` DISABLE KEYS */;
INSERT INTO `store_category_big` VALUES (1,'카페/음료','2023-08-06 11:02:45'),(2,'베이커리','2023-08-06 11:02:58'),(3,'분식/간식','2023-08-06 11:03:04'),(4,'샐러드','2023-08-06 11:03:11');
/*!40000 ALTER TABLE `store_category_big` ENABLE KEYS */;
UNLOCK TABLES;

--
-- Table structure for table `store_category_menu`
--

DROP TABLE IF EXISTS `store_category_menu`;
/*!40101 SET @saved_cs_client     = @@character_set_client */;
/*!50503 SET character_set_client = utf8mb4 */;
CREATE TABLE `store_category_menu` (
  `scm_id` int NOT NULL AUTO_INCREMENT,
  `scb_id` int NOT NULL,
  `name` varchar(30) NOT NULL,
  `created_at` timestamp NOT NULL,
  PRIMARY KEY (`scm_id`)
) ENGINE=InnoDB DEFAULT CHARSET=utf8mb4 COLLATE=utf8mb4_0900_ai_ci;
/*!40101 SET character_set_client = @saved_cs_client */;

--
-- Dumping data for table `store_category_menu`
--

LOCK TABLES `store_category_menu` WRITE;
/*!40000 ALTER TABLE `store_category_menu` DISABLE KEYS */;
/*!40000 ALTER TABLE `store_category_menu` ENABLE KEYS */;
UNLOCK TABLES;

--
-- Table structure for table `store_category_selected`
--

DROP TABLE IF EXISTS `store_category_selected`;
/*!40101 SET @saved_cs_client     = @@character_set_client */;
/*!50503 SET character_set_client = utf8mb4 */;
CREATE TABLE `store_category_selected` (
  `scs_id` int NOT NULL AUTO_INCREMENT,
  `scb_id` int NOT NULL,
  `usr_id` int NOT NULL,
  PRIMARY KEY (`scs_id`)
) ENGINE=InnoDB AUTO_INCREMENT=141 DEFAULT CHARSET=utf8mb4 COLLATE=utf8mb4_0900_ai_ci;
/*!40101 SET character_set_client = @saved_cs_client */;

--
-- Dumping data for table `store_category_selected`
--

LOCK TABLES `store_category_selected` WRITE;
/*!40000 ALTER TABLE `store_category_selected` DISABLE KEYS */;
INSERT INTO `store_category_selected` VALUES (1,1,21),(2,2,21),(3,1,38),(4,2,38),(5,1,39),(6,3,39),(7,3,40),(8,1,41),(9,4,42),(10,2,43),(11,3,44),(12,3,45),(13,1,46),(14,3,46),(15,1,47),(16,3,48),(17,4,48),(18,1,82),(19,2,82),(20,1,83),(21,2,83),(22,2,84),(23,4,85),(24,3,86),(25,1,87),(26,2,87),(27,4,87),(28,3,88),(29,1,89),(30,2,89),(31,3,90),(32,1,91),(33,2,91),(34,1,92),(35,2,92),(36,3,93),(37,3,94),(38,3,95),(39,3,96),(40,1,97),(41,2,98),(42,3,98),(43,1,99),(44,2,99),(45,2,100),(46,4,100),(47,2,101),(48,3,102),(49,3,103),(50,1,104),(51,3,104),(52,2,105),(53,3,105),(54,3,106),(55,2,107),(56,4,107),(57,3,108),(58,4,109),(59,3,110),(60,1,111),(61,2,111),(62,1,112),(63,2,112),(64,1,113),(65,2,113),(66,1,114),(67,2,114),(68,3,115),(69,4,115),(70,1,116),(71,3,116),(72,3,117),(73,1,118),(74,2,118),(75,3,119),(76,4,119),(77,3,120),(78,4,120),(79,1,121),(80,2,121),(81,3,122),(82,2,123),(83,4,123),(84,2,124),(85,3,125),(86,4,125),(87,1,126),(88,2,126),(89,1,127),(90,2,127),(91,3,128),(92,4,128),(93,2,129),(94,3,129),(95,1,130),(96,2,130),(97,1,131),(98,3,131),(99,3,132),(100,2,133),(101,4,133),(102,3,134),(103,1,135),(104,2,135),(105,2,136),(106,4,136),(107,1,137),(108,2,137),(109,3,138),(110,3,139),(111,3,140),(112,4,140),(113,3,141),(114,2,142),(115,3,142),(116,1,143),(117,2,143),(118,3,144),(119,4,144),(120,1,145),(121,2,145),(122,2,146),(123,4,146),(124,3,19),(125,1,37),(126,2,37),(127,2,49),(128,3,49),(129,1,50),(130,2,50),(131,3,51),(132,4,51),(133,3,52),(134,3,53),(135,3,54),(136,1,55),(137,2,55),(139,4,56),(140,3,56);
/*!40000 ALTER TABLE `store_category_selected` ENABLE KEYS */;
UNLOCK TABLES;

--
-- Table structure for table `user`
--

DROP TABLE IF EXISTS `user`;
/*!40101 SET @saved_cs_client     = @@character_set_client */;
/*!50503 SET character_set_client = utf8mb4 */;
CREATE TABLE `user` (
  `usr_id` int NOT NULL AUTO_INCREMENT,
  `uid` varchar(30) NOT NULL,
  `password` varchar(255) DEFAULT NULL,
  `phone` varchar(20) DEFAULT NULL,
  `nickname` varchar(30) NOT NULL,
  `name` varchar(100) NOT NULL,
  `email` varchar(100) DEFAULT NULL,
  `authenticate` varchar(4) NOT NULL DEFAULT 'UA01',
  `created_at` timestamp NOT NULL,
  `modified_at` timestamp NOT NULL,
  `last_login` timestamp NOT NULL,
  `status` varchar(4) NOT NULL DEFAULT 'US01',
  `marketing_agree` tinyint DEFAULT '0',
  `refresh_token` varchar(500) DEFAULT NULL,
  `profile` text,
  `profile_thumb` text,
  `main_address` int DEFAULT '1332',
  PRIMARY KEY (`usr_id`),
  UNIQUE KEY `uid_UNIQUE` (`uid`),
  UNIQUE KEY `nickname_UNIQUE` (`nickname`)
) ENGINE=InnoDB AUTO_INCREMENT=176 DEFAULT CHARSET=utf8mb4 COLLATE=utf8mb4_0900_ai_ci;
/*!40101 SET character_set_client = @saved_cs_client */;

--
-- Dumping data for table `user`
--

LOCK TABLES `user` WRITE;
/*!40000 ALTER TABLE `user` DISABLE KEYS */;
INSERT INTO `user` VALUES (17,'hong5523','$2a$10$gJEAUp1g7muND3ozgNxRHeG.6dN04YsJEMbE/K4rg5G/LEMPZnjlq','01023456789','네모펭귄','홍길동','hong5523@naver.com','UA01','2023-07-30 19:15:08','2023-07-30 19:15:08','2023-07-30 19:15:08','ST01',0,'eyJ0eXAiOiJKV1QiLCJhbGciOiJIUzUxMiJ9.eyJzdWIiOiJSZWZyZXNoVG9rZW4iLCJ1aWQiOiJob25nNTUyMyIsImV4cCI6MTY5MjAxMzQwMH0._StY2d16Xd3RTmaEfe7kuPPdrj2V9kYcUKzZqUhQIWDPbVgRO_T7mNkV6KmjbXiJQUP6QnbXB7D1xWiYqsXhwQ',NULL,NULL,1332),(19,'hong55234','$2a$10$sD7kxrihahAFmCypkqjf7.XJp1UBO6pM49oSc8pPCToo1En.672Ca','01012345678','탕탕 탕후루 2호점','윤세준','hongd1234@naver.com','UA01','2023-07-30 19:20:03','2023-07-30 19:20:03','2023-08-14 01:06:07','ST02',1,'eyJ0eXAiOiJKV1QiLCJhbGciOiJIUzUxMiJ9.eyJzdWIiOiJSZWZyZXNoVG9rZW4iLCJ1aWQiOiJob25nNTUyMzQiLCJleHAiOjE2OTMxODQ3Njd9.20979RdpAgyxzEu46SSRk463tcfckyKtLBgOTfBAbjkjEdvVAiNOCPvqBsCmc7KmSVmofMFUQhQlCTFWoe7z9A',NULL,NULL,1332),(20,'hong55dd23','$2a$10$hrrXofcrQSp2LEtvVvVlEO1hyciQMfeRXrtQNosPK1T06Z28.5Yp2','01012345678','hoddng','홍길동','dd@naver.com','UA01','2023-07-30 19:20:41','2023-07-30 19:20:41','2023-07-30 19:20:41','ST01',0,NULL,NULL,NULL,1332),(21,'store1','$2a$10$sD7kxrihahAFmCypkqjf7.XJp1UBO6pM49oSc8pPCToo1En.672Ca','01012345678','커피맛집','김유현','store10@naver.com','UA02','2023-08-06 08:12:05','2023-08-06 08:12:05','2023-08-18 00:53:39','ST02',1,'eyJ0eXAiOiJKV1QiLCJhbGciOiJIUzUxMiJ9.eyJzdWIiOiJSZWZyZXNoVG9rZW4iLCJ1aWQiOiJzdG9yZTEiLCJleHAiOjE2OTM1Mjk2MTh9.hmE6e1pqI0Jl1DWRMXekEE-Ztsz6gbT1URkcP7-bHEdKT_yfm8ezlSIv8XC82T9JiV4x39wrE70OHfeCufiQRQ','https://s3.ap-northeast-2.amazonaws.com/ssafy-square-bucket/static/user/21/profile/2d444fb0-b123-4392-8c22-b7a9110a360b','https://s3.ap-northeast-2.amazonaws.com/ssafy-square-bucket/static/user/21/profile/thumb/c3fbeca5-f97b-4555-8c1f-da5b6f8ee691',1332),(22,'customer','$2a$10$9PTjFxcna28qfHp1rt6jW.YXeT08XePRLD0jsMgxb0pIGEP27aRhK','01012345678','customer111','구매자','customer111@naver.com','UA01','2023-08-06 08:12:14','2023-08-06 08:12:14','2023-08-09 10:44:04','ST01',0,'eyJ0eXAiOiJKV1QiLCJhbGciOiJIUzUxMiJ9.eyJzdWIiOiJSZWZyZXNoVG9rZW4iLCJ1aWQiOiJjdXN0b21lciIsImV4cCI6MTY5Mjc4NzQ0M30.T3zjKqJsZV8Kn9BBFYVaGyzK2frtoVU0iYwcjCTsyUN8R19MxwT6rS5szcxn8ytE6vjsHCVWtxbwCO1x9-UX2Q',NULL,NULL,1332),(23,'customer12','$2a$10$zkMYZ3UkEu4olgmdb2H.Hef9y7acYq25AA0Dvxw.LbFWzSQ.IHGMm','01023456789','헤헤DFasfh','구매자','lalalalal@naver.com','UA01','2023-08-07 04:26:46','2023-08-07 04:26:46','2023-08-18 03:09:53','ST01',0,'eyJ0eXAiOiJKV1QiLCJhbGciOiJIUzUxMiJ9.eyJzdWIiOiJSZWZyZXNoVG9rZW4iLCJ1aWQiOiJjdXN0b21lcjEyIiwiZXhwIjoxNjkzNTM3NzkyfQ.vWol7kvzhNC777VVeRA6xqf1XdAKbKbp9AQuoaQtdE8NfPqmgDZ_S94bmrOVW3kIvxh4YZ-m_o1rPofHOczGxA','https://s3.ap-northeast-2.amazonaws.com/ssafy-square-bucket/static/user/2023-08-08/profile/8226902b-2640-47b8-a4e6-254089adf601','https://s3.ap-northeast-2.amazonaws.com/ssafy-square-bucket/static/user/2023-08-08/profile/thumb/accbca5f-6676-4c12-803e-4083c7762b5e',1345),(24,'hohohoho','$2a$10$kx0.1kXBOakrf/nPiYMV3O9nDKmfvMkflIVdFblf7bfDcfv/af/NC','01012345678','호호호','홍길동','hohoho@naver.com','UA01','2023-08-07 06:18:17','2023-08-07 06:18:17','2023-08-07 06:18:17','ST01',1,NULL,NULL,NULL,1332),(25,'heyhey','$2a$10$OgAKbdKk2Z2knFZrQP01tOVjAYm9a/ZCkcQQ1tVjO9bDVYfF8aO3a','01022223333','히히히','홍길동','heyhey@naver.com','UA01','2023-08-07 06:35:46','2023-08-07 06:35:46','2023-08-07 06:35:46','ST01',1,NULL,NULL,NULL,1332),(26,'gildong','$2a$10$Oc07dV6vzpwcrljt9/yhruN5ozA/P.oAP.eSPLryCOf0aC7WwWYNa','01044445555','길동길동','이길동','gildong@naver.com','UA01','2023-08-07 06:37:46','2023-08-07 06:37:46','2023-08-07 06:37:46','ST01',1,'eyJ0eXAiOiJKV1QiLCJhbGciOiJIUzUxMiJ9.eyJzdWIiOiJSZWZyZXNoVG9rZW4iLCJ1aWQiOiJnaWxkb25nIiwiZXhwIjoxNjkyNjAwMjE0fQ.9kZev8urqZmoPxH9Wg2xPwnr8fFNv8cF7acU3vBmtHDpJf9FBnhnFB682lLRl3eMcXSsMVSwfa3qRJig5GQXlg',NULL,NULL,1332),(27,'wowwow','$2a$10$XaogzxkHbZaUHByzYvvQOesx2zNsEgB95CHULMg6H.d6QXjVP1KUy','01055554444','와우우우','와우','wow@naver.com','UA01','2023-08-07 06:47:13','2023-08-07 06:47:13','2023-08-07 06:47:13','ST01',1,'eyJ0eXAiOiJKV1QiLCJhbGciOiJIUzUxMiJ9.eyJzdWIiOiJSZWZyZXNoVG9rZW4iLCJ1aWQiOiJ3b3d3b3ciLCJleHAiOjE2OTI2MDA0NDV9.eUEx9t27Y4SFPPvuQxqWPBfK_0y_7Q1k6t9hQeKpMEIbT2TeaEDZh9CRg93yV6hKStL-FkQ6aiEmuATfyePSLQ',NULL,NULL,1332),(28,'hellohi','$2a$10$hJq/pQotP07xCuljpUa3KuqcG28xKXjXE9GKiqRbF93viOCxiydkm','01022554477','하이하이','하이','hellohi@naver.com','UA01','2023-08-07 07:28:26','2023-08-07 07:28:26','2023-08-07 07:28:26','ST01',1,'eyJ0eXAiOiJKV1QiLCJhbGciOiJIUzUxMiJ9.eyJzdWIiOiJSZWZyZXNoVG9rZW4iLCJ1aWQiOiJoZWxsb2hpIiwiZXhwIjoxNjkyNjAyOTE5fQ.QhjRBxdRj6nHFI8GN4yppwInr0VE9T_geLrLScnfwcUUxia_41Rjxr4HIUEVm-Fbiux1BhC4AmqoRPJdR1jF-g',NULL,NULL,1332),(37,'store2','$2a$10$sD7kxrihahAFmCypkqjf7.XJp1UBO6pM49oSc8pPCToo1En.672Ca','01012345678','그브','오민규','store2@naver.com','UA01','2023-08-07 12:06:53','2023-08-07 12:06:53','2023-08-17 03:49:11','ST02',1,'eyJ0eXAiOiJKV1QiLCJhbGciOiJIUzUxMiJ9.eyJzdWIiOiJSZWZyZXNoVG9rZW4iLCJ1aWQiOiJzdG9yZTIiLCJleHAiOjE2OTM0NTM3NTF9.vz5dtE0_GQ4mm8bIhP3yWspcl4-1tGXr1DgHC7VQrEPC_Jcm8CX5ar1f2_KT-KA3azQM0APIqGWqOOJCZIUHIg',NULL,NULL,1332),(38,'store12','$2a$10$sD7kxrihahAFmCypkqjf7.XJp1UBO6pM49oSc8pPCToo1En.672Ca','01012345678','펭소','윤정식','store130@naver.com','UA01','2023-08-08 05:03:31','2023-08-08 05:03:31','2023-08-16 00:23:17','ST02',1,'eyJ0eXAiOiJKV1QiLCJhbGciOiJIUzUxMiJ9.eyJzdWIiOiJSZWZyZXNoVG9rZW4iLCJ1aWQiOiJzdG9yZTEyIiwiZXhwIjoxNjkzMzU0OTk2fQ.h5OzWWJ50zrWQdDZwgx59g_6cvNYPmYrK-UYia5DiN7j44ypScKFkW7TsCUZuFM96dUeCANfib1_fwMgiS4txQ',NULL,NULL,1332),(39,'store122','$2a$10$sD7kxrihahAFmCypkqjf7.XJp1UBO6pM49oSc8pPCToo1En.672Ca','01012345678','동현','신나길','store1320@naver.com','UA01','2023-08-08 05:15:49','2023-08-08 05:15:49','2023-08-14 01:28:57','ST02',1,'eyJ0eXAiOiJKV1QiLCJhbGciOiJIUzUxMiJ9.eyJzdWIiOiJSZWZyZXNoVG9rZW4iLCJ1aWQiOiJzdG9yZTEyMiIsImV4cCI6MTY5MzE4NjEzNn0.Ha9HFQP-9ZhZjgFcmEihcEQ7XAGU57NdvQlORO4_4wGvy6fJAmULGSiiHM7ZEZDzcRdxUOdJvOu399vCHm5VDA',NULL,NULL,1332),(40,'store3','$2a$10$sD7kxrihahAFmCypkqjf7.XJp1UBO6pM49oSc8pPCToo1En.672Ca','01012345678','곤듀','장믿음','store3@naver.com','UA01','2023-08-08 05:43:40','2023-08-08 05:43:40','2023-08-14 01:34:36','ST02',1,'eyJ0eXAiOiJKV1QiLCJhbGciOiJIUzUxMiJ9.eyJzdWIiOiJSZWZyZXNoVG9rZW4iLCJ1aWQiOiJzdG9yZTMiLCJleHAiOjE2OTMxODY0NzZ9.83TK__xuuovrbT7f1GRz6iHXWA_7kmT2GV2TQhPiZ9sVLhAuxEUZb2vCPjvyWebrcW3LSO1UuB4UMhMGQQ5hYQ',NULL,NULL,1332),(41,'store4','$2a$10$sD7kxrihahAFmCypkqjf7.XJp1UBO6pM49oSc8pPCToo1En.672Ca','01012345678','오다','최버들','store4@naver.com','UA01','2023-08-08 05:44:01','2023-08-08 05:44:01','2023-08-16 07:23:30','ST02',1,'eyJ0eXAiOiJKV1QiLCJhbGciOiJIUzUxMiJ9.eyJzdWIiOiJSZWZyZXNoVG9rZW4iLCJ1aWQiOiJzdG9yZTQiLCJleHAiOjE2OTMzODAyMDl9.ULGI_rq6wIlvQ1Zn5VwEvo27_07rL3XDHBWwG3ZW7cEEpC9xf46hW2LD7XSWSoVPLH_zg6H2KOyyEe-ipzFTgA',NULL,NULL,1332),(42,'store5','$2a$10$sD7kxrihahAFmCypkqjf7.XJp1UBO6pM49oSc8pPCToo1En.672Ca','01012345678','연짜이','안한결','store5@naver.com','UA01','2023-08-08 05:44:25','2023-08-08 05:44:25','2023-08-08 05:44:25','ST02',1,NULL,NULL,NULL,1332),(43,'store6','$2a$10$sD7kxrihahAFmCypkqjf7.XJp1UBO6pM49oSc8pPCToo1En.672Ca','01012345678','펭소2','김소','store6@naver.com','UA01','2023-08-08 05:44:32','2023-08-08 05:44:32','2023-08-08 05:44:32','ST02',1,NULL,NULL,NULL,1332),(44,'store7','$2a$10$sD7kxrihahAFmCypkqjf7.XJp1UBO6pM49oSc8pPCToo1En.672Ca','01012345678','세훈','김아라','store7@naver.com','UA01','2023-08-08 05:44:40','2023-08-08 05:44:40','2023-08-14 07:05:15','ST02',1,'eyJ0eXAiOiJKV1QiLCJhbGciOiJIUzUxMiJ9.eyJzdWIiOiJSZWZyZXNoVG9rZW4iLCJ1aWQiOiJzdG9yZTciLCJleHAiOjE2OTMyMDYzMTV9.uf4L6bVXcBePj4e1xTlR7bfMXV-AY1KAf-gXcIh1xL0s3UEBAwfkEoHQOSHCF7fBb_cj0yIKiYaJG4ywX62sJg',NULL,NULL,1332),(45,'store888','$2a$10$sD7kxrihahAFmCypkqjf7.XJp1UBO6pM49oSc8pPCToo1En.672Ca','01012345678','테이','이테이','store888@naver.com','UA01','2023-08-08 05:45:02','2023-08-08 05:45:02','2023-08-14 05:36:32','ST02',1,'eyJ0eXAiOiJKV1QiLCJhbGciOiJIUzUxMiJ9.eyJzdWIiOiJSZWZyZXNoVG9rZW4iLCJ1aWQiOiJzdG9yZTg4OCIsImV4cCI6MTY5MzIwMDk5MX0.e9Ac6SdSK20YBkhkASocyb1XjBlL77-g1ye9Sko3QmzSrwRn-H3rriJg-oYMrXJCaZ7z05gjuhTmqsBbaTSSTA',NULL,NULL,1332),(46,'store999','$2a$10$sD7kxrihahAFmCypkqjf7.XJp1UBO6pM49oSc8pPCToo1En.672Ca','01012345678','다이다이','심보름','store999@naver.com','UA01','2023-08-08 05:45:12','2023-08-08 05:45:12','2023-08-14 05:36:48','ST02',1,'eyJ0eXAiOiJKV1QiLCJhbGciOiJIUzUxMiJ9.eyJzdWIiOiJSZWZyZXNoVG9rZW4iLCJ1aWQiOiJzdG9yZTk5OSIsImV4cCI6MTY5MzIwMTAwN30.lJitSXmuEWmv2lmIH-vldqvitxBfG2E54gPnQNdoNJ6NAiOfzG2lTfj_3Wo57lmmLPfwACLJ3gy4SEVXDusnDQ',NULL,NULL,1332),(47,'store1010','$2a$10$sD7kxrihahAFmCypkqjf7.XJp1UBO6pM49oSc8pPCToo1En.672Ca','01012345678','근본','황보혁','store1010@naver.com','UA01','2023-08-08 05:45:25','2023-08-08 05:45:25','2023-08-14 06:11:34','ST02',1,'eyJ0eXAiOiJKV1QiLCJhbGciOiJIUzUxMiJ9.eyJzdWIiOiJSZWZyZXNoVG9rZW4iLCJ1aWQiOiJzdG9yZTEwMTAiLCJleHAiOjE2OTMyMDMwOTN9.hp4JpUNmSYUsUz-tpIOJoh3YZYWsGAIf7ktkuDfhw6jMU9-pFAcjPX8eJcH_HyPGhk65msVdolluc_Lz8D8mHw',NULL,NULL,1332),(48,'store1111','$2a$10$sD7kxrihahAFmCypkqjf7.XJp1UBO6pM49oSc8pPCToo1En.672Ca','01012345678','지히','송철','store1111@naver.com','UA01','2023-08-08 05:45:37','2023-08-08 05:45:37','2023-08-14 06:20:10','ST02',1,'eyJ0eXAiOiJKV1QiLCJhbGciOiJIUzUxMiJ9.eyJzdWIiOiJSZWZyZXNoVG9rZW4iLCJ1aWQiOiJzdG9yZTExMTEiLCJleHAiOjE2OTMyMDM2MDl9.w2O05cirTe6N8ogBhs7FNv5f8-AEF0-0M6-FgRVX5mt88vwN7gRJz2q_MOupGYGBSgJTgPbeuXC7YGdVDpQ2_w',NULL,NULL,1332),(49,'store1313','$2a$10$sD7kxrihahAFmCypkqjf7.XJp1UBO6pM49oSc8pPCToo1En.672Ca','01012345678','근본토스트','배광','store1313@naver.com','UA01','2023-08-08 05:46:22','2023-08-08 05:46:22','2023-08-14 06:27:12','ST02',1,'eyJ0eXAiOiJKV1QiLCJhbGciOiJIUzUxMiJ9.eyJzdWIiOiJSZWZyZXNoVG9rZW4iLCJ1aWQiOiJzdG9yZTEzMTMiLCJleHAiOjE2OTMyMDQwMzJ9.yykmhtyFx_z4sU0d3GRK2H4dxn4nRtbOlKywZL-FglFH1hmOZsIYRcBlW5HK4EG7ADROvcNryNfxYwwhu-Tbzw',NULL,NULL,1332),(50,'store1414','$2a$10$sD7kxrihahAFmCypkqjf7.XJp1UBO6pM49oSc8pPCToo1En.672Ca','01012345678','반달곰','정훈','store1414@naver.com','UA01','2023-08-08 05:46:33','2023-08-08 05:46:33','2023-08-14 07:19:00','ST02',1,'eyJ0eXAiOiJKV1QiLCJhbGciOiJIUzUxMiJ9.eyJzdWIiOiJSZWZyZXNoVG9rZW4iLCJ1aWQiOiJzdG9yZTE0MTQiLCJleHAiOjE2OTMyMDcxNDB9.2TvlAnLZazyxO_sKFxqf8t9ds96_qAAD-RVHhEN_3NKkkJf5vBv0oyfFWkMX5V_7N3YPuzuP77HoHmi-9kHwog',NULL,NULL,1332),(51,'store1515','$2a$10$sD7kxrihahAFmCypkqjf7.XJp1UBO6pM49oSc8pPCToo1En.672Ca','01012345678','맛나맛나','권나비','store1515@naver.com','UA01','2023-08-08 05:46:42','2023-08-08 05:46:42','2023-08-14 07:28:16','ST02',1,'eyJ0eXAiOiJKV1QiLCJhbGciOiJIUzUxMiJ9.eyJzdWIiOiJSZWZyZXNoVG9rZW4iLCJ1aWQiOiJzdG9yZTE1MTUiLCJleHAiOjE2OTMyMDc2OTZ9.KDw2adsBggarufncpNxhfC4cuttn3xLtQduk2o3r3V40IE8uxyXiwcuLqw2jj5LVxMeCLx5TVC2X530f8SJx6Q',NULL,NULL,1332),(52,'store1616','$2a$10$sD7kxrihahAFmCypkqjf7.XJp1UBO6pM49oSc8pPCToo1En.672Ca','01012345678','세분','심보름','store1616@naver.com','UA01','2023-08-08 05:46:55','2023-08-08 05:46:55','2023-08-14 08:04:05','ST02',1,'eyJ0eXAiOiJKV1QiLCJhbGciOiJIUzUxMiJ9.eyJzdWIiOiJSZWZyZXNoVG9rZW4iLCJ1aWQiOiJzdG9yZTE2MTYiLCJleHAiOjE2OTMyMDk4NDV9.m6UAcdyjwjDpGDMYqfhj7dF8zJf264jKZUdoQcJ-C8GbYpUSS5EE9mxbjruI1QdyeKgEx9FLWRLIs0LqKxF9Lg',NULL,NULL,1332),(53,'store1717','$2a$10$sD7kxrihahAFmCypkqjf7.XJp1UBO6pM49oSc8pPCToo1En.672Ca','01012345678','튀공','홍유진','store1717@naver.com','UA01','2023-08-08 05:47:06','2023-08-08 05:47:06','2023-08-14 08:04:18','ST02',1,'eyJ0eXAiOiJKV1QiLCJhbGciOiJIUzUxMiJ9.eyJzdWIiOiJSZWZyZXNoVG9rZW4iLCJ1aWQiOiJzdG9yZTE3MTciLCJleHAiOjE2OTMyMDk4NTh9.7HtRzXfVQ6m3u3G_ZtKe7UpJ3bnNF5Q_0T2S27m1punRgQkCdhVUwY_YT4t_6uZ3ytTNiI82O1PoLIh-2LI7Dw',NULL,NULL,1332),(54,'store1818','$2a$10$sD7kxrihahAFmCypkqjf7.XJp1UBO6pM49oSc8pPCToo1En.672Ca','01012345678','맛분','정승수','store1818@naver.com','UA01','2023-08-08 05:47:16','2023-08-08 05:47:16','2023-08-14 08:33:41','ST02',1,'eyJ0eXAiOiJKV1QiLCJhbGciOiJIUzUxMiJ9.eyJzdWIiOiJSZWZyZXNoVG9rZW4iLCJ1aWQiOiJzdG9yZTE4MTgiLCJleHAiOjE2OTMyMTE2MjF9.O8V3fXRfx0hj6sMH7clawoaAMZsnS5uMLAJDvhyUOvAD5hNOv4wjJ0nFtEQX-ivBRdhCLiTB5mtZ8fid5zAk7A',NULL,NULL,1332),(55,'store1919','$2a$10$sD7kxrihahAFmCypkqjf7.XJp1UBO6pM49oSc8pPCToo1En.672Ca','01012345678','만나베이커리','성도영','store1919@naver.com','UA01','2023-08-08 05:47:28','2023-08-08 05:47:28','2023-08-14 08:47:46','ST02',1,'eyJ0eXAiOiJKV1QiLCJhbGciOiJIUzUxMiJ9.eyJzdWIiOiJSZWZyZXNoVG9rZW4iLCJ1aWQiOiJzdG9yZTE5MTkiLCJleHAiOjE2OTMyMTI0NjZ9.JBSV1f7m-7-jMKzS2Xji1UrSAt8Q64U1-gz_i2VHspZ_jaRxyXib4t1pAniZctb1j_x-quGvLm6WVx_YfFS3Pw',NULL,NULL,1332),(56,'store2020','$2a$10$sD7kxrihahAFmCypkqjf7.XJp1UBO6pM49oSc8pPCToo1En.672Ca','01012345678','데일리 샐러드','정설아','store2020@naver.com','UA01','2023-08-08 05:47:40','2023-08-08 05:47:40','2023-08-14 11:09:42','ST02',1,'eyJ0eXAiOiJKV1QiLCJhbGciOiJIUzUxMiJ9.eyJzdWIiOiJSZWZyZXNoVG9rZW4iLCJ1aWQiOiJzdG9yZTIwMjAiLCJleHAiOjE2OTMyMjA5ODF9.TOOIT6GIIObvAsLdzizJOhc1kSHVouqZyx4eKDWnSoUTL7JDYcWEMoi92H8YNKZ1A44zu07zvBQCSXBlzlBw0g',NULL,NULL,1332),(62,'customer0000','$2a$10$ruUpLeWgEEB42BgEs7fWOu6dXzYFbksU1l/LxkkePA05QDaLa1ZW2','01012345678','customer12340','구매자','customer10111@naver.com','UA01','2023-08-10 08:13:23','2023-08-10 08:13:23','2023-08-14 11:25:22','ST01',0,'eyJ0eXAiOiJKV1QiLCJhbGciOiJIUzUxMiJ9.eyJzdWIiOiJSZWZyZXNoVG9rZW4iLCJ1aWQiOiJjdXN0b21lcjAwMDAiLCJleHAiOjE2OTMyMjE5MjF9.5JYgypVqTw7q5gWV5GL7cJy31-1eubK8xS9x8Pc4OivGKSUV7a-Wdg0H_KhS2SlVsJrOPzKVkKxhz7N2mSA5Bg',NULL,NULL,1332),(66,'NfBOsLzt0Q2SLyLxmDl4r3O_mrbu7',NULL,'01037294199','김소연','김소연','la28s5d@naver.com','UA01','2023-08-11 03:40:33','2023-08-11 03:40:34','2023-08-11 03:40:34','ST01',0,'eyJ0eXAiOiJKV1QiLCJhbGciOiJIUzUxMiJ9.eyJzdWIiOiJSZWZyZXNoVG9rZW4iLCJ1aWQiOiJOZkJPc0x6dDBRMlNMeUx4bURsNHIzT19tcmJ1NyIsImV4cCI6MTY5MzUxNTA5M30.0XKAn5vp2qOCRSsIVN01xfbqYR5djQJ_SR3n-EyuFbgLVZU7o4HwPzGTydA2hSLcmviKRSRqaUigP0eesfOrCA',NULL,NULL,1340),(68,'K2957803477',NULL,NULL,'K2957803477','연제경','yllh325@gmail.com','UA01','2023-08-11 04:50:35','2023-08-11 04:50:35','2023-08-11 04:50:35','ST01',0,'eyJ0eXAiOiJKV1QiLCJhbGciOiJIUzUxMiJ9.eyJzdWIiOiJSZWZyZXNoVG9rZW4iLCJ1aWQiOiJLMjk1NzgwMzQ3NyIsImV4cCI6MTY5MzUxNTEyOX0.GiE1LpDTTnp052i2aVPh41SH3RwamcFNcNDh1KrNsKSKYWQBulfjy1tAtSgNBY9aTzJ1qKoYwwatf5fk9mTU3A',NULL,NULL,1340),(77,'N7pLRsBBnCefGFkON5vx5r0iuGX5P',NULL,'01072082824','연제경','연제경','ananrud@naver.com','UA01','2023-08-11 06:54:22','2023-08-11 06:54:22','2023-08-11 06:54:22','ST01',0,'eyJ0eXAiOiJKV1QiLCJhbGciOiJIUzUxMiJ9.eyJzdWIiOiJSZWZyZXNoVG9rZW4iLCJ1aWQiOiJON3BMUnNCQm5DZWZHRmtPTjV2eDVyMGl1R1g1UCIsImV4cCI6MTY5MzUxNTEyNX0.4nEL4Af4XOlW_q9En_Q90xuGsk7Ln9k4KyG646Aq89XbmsfK3LlQ95J1dENVndZ5CxrA_dudabknxJJ5qg--Fg',NULL,NULL,1340),(78,'G105108433657732802299',NULL,NULL,'G105108433657732802299','김소연[대전_2반_B208]팀원','la28s5d@gmail.com','UA01','2023-08-11 12:08:32','2023-08-11 12:08:32','2023-08-11 12:08:33','ST01',0,'eyJ0eXAiOiJKV1QiLCJhbGciOiJIUzUxMiJ9.eyJzdWIiOiJSZWZyZXNoVG9rZW4iLCJ1aWQiOiJHMTA1MTA4NDMzNjU3NzMyODAyMjk5IiwiZXhwIjoxNjkyOTY4NjYwfQ.cBA_ScIoMOsc5bF1UXZlNm24y0YhIZHS3qnZu4WPCT6nHBbGqNLxFLwtbzP_hUrUtZscPiUYf21ZbrasHZsXGw','https://lh3.googleusercontent.com/a/AAcHTtfXus4xX3TczaPG_Ot-8Sa90ueI79WTvTG6c1Bm5WI4iw=s96-c',NULL,1332),(79,'G114470477945561883630',NULL,NULL,'G114470477945561883630','연제경','yllh325@gmail.com','UA01','2023-08-11 13:25:26','2023-08-11 13:25:26','2023-08-11 13:25:26','ST01',0,'eyJ0eXAiOiJKV1QiLCJhbGciOiJIUzUxMiJ9.eyJzdWIiOiJSZWZyZXNoVG9rZW4iLCJ1aWQiOiJHMTE0NDcwNDc3OTQ1NTYxODgzNjMwIiwiZXhwIjoxNjkyOTY5OTI2fQ.9hd2Oyj0XIda3586gm7ih-HwNR9jXHi_60r58rhKEskEfIQtTx5KWDG9FNlCTsy0sR-ZxdECV5LUHdysNynuAQ','https://lh3.googleusercontent.com/a/AAcHTtd0lF20bRJRYPLq55psbBodebvJ1e1FQx23rzw9-Tbr=s96-c',NULL,1332),(80,'store11','$2a$10$SCNA.aOVKeOA0JrAbOltEORbaWWiK7AHmB2OunxEcXnWcEzXvkD1m','01012345678','행복다방','권주호','store11@naver.com','UA01','2023-08-13 03:41:05','2023-08-13 03:41:05','2023-08-13 04:32:50','ST02',1,'eyJ0eXAiOiJKV1QiLCJhbGciOiJIUzUxMiJ9.eyJzdWIiOiJSZWZyZXNoVG9rZW4iLCJ1aWQiOiJzdG9yZTExIiwiZXhwIjoxNjkzMTEwNzcwfQ.r_S56TtCY5wLV5fzSA-XsjUvSchNsRsCnVdTWji8tkyYBtIXM3cefR5eMYSrUVvqEZKDZaHd17xBGmmOxjaT3Q',NULL,NULL,1332),(81,'Nr74wRGdMGA_zjoxYW4ZoDhh_IGhb',NULL,'01071647434','이세훈','이세훈','asdskylee@gmail.com','UA01','2023-08-13 06:03:16','2023-08-13 06:03:16','2023-08-13 06:03:16','ST01',0,'eyJ0eXAiOiJKV1QiLCJhbGciOiJIUzUxMiJ9.eyJzdWIiOiJSZWZyZXNoVG9rZW4iLCJ1aWQiOiJOcjc0d1JHZE1HQV96am94WVc0Wm9EaGhfSUdoYiIsImV4cCI6MTY5MzExNjE5Nn0.RrPLpkqgWgCNuA4Inbdywv_f1tTGYz1nuYnIwc-fgfBHd1XlenwuGxdQcsqKMdgdQgSLUJUuUsZ6P9FnoQSDWA',NULL,NULL,1332),(82,'store0001','$2a$10$sD7kxrihahAFmCypkqjf7.XJp1UBO6pM49oSc8pPCToo1En.672Ca','01000000000','곰베이커리','김곰','gom@naver.com','UA01','2023-07-11 14:00:00','2023-07-11 14:00:00','2023-08-18 00:46:38','ST02',1,'eyJ0eXAiOiJKV1QiLCJhbGciOiJIUzUxMiJ9.eyJzdWIiOiJSZWZyZXNoVG9rZW4iLCJ1aWQiOiJzdG9yZTAwMDEiLCJleHAiOjE2OTM1MjkxOTh9.oqpujZ3sqEEtq74-vauc-v3c7hDPSAFfrrhKZeu9N0qqahPN3rUChIdWYbNGU0csUShQAITQ1N-gGTDjV2VhLw',NULL,NULL,1332),(83,'store0002','$2a$10$sD7kxrihahAFmCypkqjf7.XJp1UBO6pM49oSc8pPCToo1En.672Ca','01000000001','고양이커피점','이고양','goyang@naver.com','UA01','2023-07-12 14:00:00','2023-07-12 14:00:00','2023-08-14 11:05:56','ST02',1,'eyJ0eXAiOiJKV1QiLCJhbGciOiJIUzUxMiJ9.eyJzdWIiOiJSZWZyZXNoVG9rZW4iLCJ1aWQiOiJzdG9yZTAwMDIiLCJleHAiOjE2OTMyMjA3NTV9.Qun36AeaNLe5Pwie-yNpL2mqIqZCCPmGVaSHmooGyp6V9o954qBDOLxnTKFHnmvpj9OlgU3O75RAUaEOxpgEPQ',NULL,NULL,1332),(84,'store0003','$2a$10$sD7kxrihahAFmCypkqjf7.XJp1UBO6pM49oSc8pPCToo1En.672Ca','01000000002','달동네떡볶이','삼달','moon3@naver.com','UA01','2023-07-13 14:00:00','2023-07-13 14:00:00','2023-08-14 11:06:09','ST02',0,'eyJ0eXAiOiJKV1QiLCJhbGciOiJIUzUxMiJ9.eyJzdWIiOiJSZWZyZXNoVG9rZW4iLCJ1aWQiOiJzdG9yZTAwMDMiLCJleHAiOjE2OTMyMjA3Njl9.kWSX7I0Y7ViF5ukhs5pzp6m4MPQc3qUlXSl6VfbRyulPVUL0TlpZKS1ua8Pkn5GKe-QfGmfCytZQhLlvv3T6zQ',NULL,NULL,1332),(85,'store0004','$2a$10$sD7kxrihahAFmCypkqjf7.XJp1UBO6pM49oSc8pPCToo1En.672Ca','01000000003','병아리샐러드','최병알','babychicken@naver.com','UA01','2023-07-14 14:00:00','2023-07-14 14:00:00','2023-08-14 11:06:23','ST02',1,'eyJ0eXAiOiJKV1QiLCJhbGciOiJIUzUxMiJ9.eyJzdWIiOiJSZWZyZXNoVG9rZW4iLCJ1aWQiOiJzdG9yZTAwMDQiLCJleHAiOjE2OTMyMjA3ODJ9.l0aodro5nPReJdKJDKiFYWvwTAzrZIeqQ18y4sS7bUZNpndl3KN8USikFuI_ed0T8V6uIS91zihAAGrriYjzSw',NULL,NULL,1332),(86,'store0005','$2a$10$sD7kxrihahAFmCypkqjf7.XJp1UBO6pM49oSc8pPCToo1En.672Ca','01000000004','세훈이네 튀김맛집','김세훈','3huni@gmail.com','UA01','2023-07-15 14:00:00','2023-07-15 14:00:00','2023-08-14 11:06:47','ST02',1,'eyJ0eXAiOiJKV1QiLCJhbGciOiJIUzUxMiJ9.eyJzdWIiOiJSZWZyZXNoVG9rZW4iLCJ1aWQiOiJzdG9yZTAwMDUiLCJleHAiOjE2OTMyMjA4MDd9.MPfDXkMvkflZKgFOFXMsWOgSuE1Zh6qCdxKCuZWB8pjW7jDrP8AxDA1YPhmKIOhYxlu5qrVYVl3MdYuqoMwuwA',NULL,NULL,1332),(87,'store0006','$2a$10$sD7kxrihahAFmCypkqjf7.XJp1UBO6pM49oSc8pPCToo1En.672Ca','01000000005','가다샌드위치','오가다','goandcom@naver.com','UA01','2023-07-16 14:00:00','2023-07-16 14:00:00','2023-08-14 11:07:01','ST02',0,'eyJ0eXAiOiJKV1QiLCJhbGciOiJIUzUxMiJ9.eyJzdWIiOiJSZWZyZXNoVG9rZW4iLCJ1aWQiOiJzdG9yZTAwMDYiLCJleHAiOjE2OTMyMjA4MjF9.xq-1dq6qFwBjnVYrwTEz1fZ_7lL9v9NNxv2jREDP4zzJbCivno1VJuF1eOi3lUnmxAMWKK6zyH4d2RhRNo1zjg',NULL,NULL,1332),(88,'store0007','$2a$10$sD7kxrihahAFmCypkqjf7.XJp1UBO6pM49oSc8pPCToo1En.672Ca','01000000006','오이김밥','연오이','cucumber_y@gmail.com','UA01','2023-07-17 14:00:00','2023-07-17 14:00:00','2023-08-14 04:22:27','ST02',1,'eyJ0eXAiOiJKV1QiLCJhbGciOiJIUzUxMiJ9.eyJzdWIiOiJSZWZyZXNoVG9rZW4iLCJ1aWQiOiJzdG9yZTAwMDciLCJleHAiOjE2OTMxOTY1NDZ9.HhWVD_eIjREN_Glv5_3fNK16vdOWT1Ne6Tn5d9Re8y_t-4vk-WAIlCgzQAUuggRXD368jW1CC6eNOH2Z-zs7yA',NULL,NULL,1332),(89,'store0008','$2a$10$sD7kxrihahAFmCypkqjf7.XJp1UBO6pM49oSc8pPCToo1En.672Ca','01000000007','크로플러스','표보리','boriborissal@naver.com','UA01','2023-07-18 14:00:00','2023-07-18 14:00:00','2023-08-14 04:43:31','ST02',1,'eyJ0eXAiOiJKV1QiLCJhbGciOiJIUzUxMiJ9.eyJzdWIiOiJSZWZyZXNoVG9rZW4iLCJ1aWQiOiJzdG9yZTAwMDgiLCJleHAiOjE2OTMxOTc4MTB9.2IQNOMEQMxKMbNNWeLd1Y4wgTD_H4VzqUgIf-NXq-4leCP2JZJ6RQqVBj23BXpMDJcvvoAAJN8_k51F9Z9tCJw',NULL,NULL,1332),(90,'store0009','$2a$10$sD7kxrihahAFmCypkqjf7.XJp1UBO6pM49oSc8pPCToo1En.672Ca','01000000008','탕탕탕 탕후루','탕재훈','takk@gmail.com','UA01','2023-07-19 14:00:00','2023-07-19 14:00:00','2023-08-14 05:04:36','ST02',0,'eyJ0eXAiOiJKV1QiLCJhbGciOiJIUzUxMiJ9.eyJzdWIiOiJSZWZyZXNoVG9rZW4iLCJ1aWQiOiJzdG9yZTAwMDkiLCJleHAiOjE2OTMxOTkwNzV9.bK9oWcdIDh6m8IR2qqWM8ecj32HoeoBblM4nFFCldvVdW5OIkl-emskgMWYLqcYgWvNljnXJmBevbvIXb4506g',NULL,NULL,1332),(91,'store0010','$2a$10$sD7kxrihahAFmCypkqjf7.XJp1UBO6pM49oSc8pPCToo1En.672Ca','01000000009','테라커피','김메가','megabyte@gmail.com','UA01','2023-07-20 14:00:00','2023-07-20 14:00:00','2023-08-14 05:12:09','ST02',1,'eyJ0eXAiOiJKV1QiLCJhbGciOiJIUzUxMiJ9.eyJzdWIiOiJSZWZyZXNoVG9rZW4iLCJ1aWQiOiJzdG9yZTAwMTAiLCJleHAiOjE2OTMxOTk1Mjl9.rbRRbNUVgStEotQNkbW4qOxbGAHDxqqwuEgXXxVQrDDfHDpWEns_GfhgbkoLJ3Y3RTq5tIcxhVOsmUzJFZkskA',NULL,NULL,1332),(92,'store0011','$2a$10$sD7kxrihahAFmCypkqjf7.XJp1UBO6pM49oSc8pPCToo1En.672Ca','01000000010','달다방','문문','moondal@naver.com','UA01','2023-07-21 14:00:00','2023-07-21 14:00:00','2023-08-16 16:35:27','ST02',1,'eyJ0eXAiOiJKV1QiLCJhbGciOiJIUzUxMiJ9.eyJzdWIiOiJSZWZyZXNoVG9rZW4iLCJ1aWQiOiJzdG9yZTAwMTEiLCJleHAiOjE2OTM0MTMzMjd9.JrMWY3VAjgbLLkIL2u7GttEJFu-WFUK9NfB4_U_U2i2Jxpy5QMEEGBwhtmj_clh1xjhHW-seHsaZyXSk9-14tQ',NULL,NULL,1332),(93,'store0012','$2a$10$sD7kxrihahAFmCypkqjf7.XJp1UBO6pM49oSc8pPCToo1En.672Ca','01000000011','세끼 떡볶이','이세끼','this3seki@naver.com','UA01','2023-07-22 14:00:00','2023-07-22 14:00:00','2023-08-16 16:33:39','ST02',0,'eyJ0eXAiOiJKV1QiLCJhbGciOiJIUzUxMiJ9.eyJzdWIiOiJSZWZyZXNoVG9rZW4iLCJ1aWQiOiJzdG9yZTAwMTIiLCJleHAiOjE2OTM0MTMyMTh9.Xz6SRacJJlJ0eZmp_-K47qNwRWLuxhlqY2nBZurzWJO2Dsk9flbCgY0EM4BCbIHf9UIEBpJRr23UWLnq8B-zSw',NULL,NULL,1332),(94,'store0013','$2a$10$sD7kxrihahAFmCypkqjf7.XJp1UBO6pM49oSc8pPCToo1En.672Ca','01000000012','훈이네 주먹밥','김훈','kimhun@gmail.com','UA01','2023-07-23 14:00:00','2023-07-23 14:00:00','2023-08-14 05:40:06','ST02',1,'eyJ0eXAiOiJKV1QiLCJhbGciOiJIUzUxMiJ9.eyJzdWIiOiJSZWZyZXNoVG9rZW4iLCJ1aWQiOiJzdG9yZTAwMTMiLCJleHAiOjE2OTMyMDEyMDV9.7CM12TC6MEROFIPIB6sdV863IUiXbeffdJvXkPCU_FNTMfC1q4aRZjQB7bDR8jCeCWAjp8ta1IcG51lFFM9xJg',NULL,NULL,1332),(95,'store0014','$2a$10$sD7kxrihahAFmCypkqjf7.XJp1UBO6pM49oSc8pPCToo1En.672Ca','01000000013','만찐두빵','이기영','leejandi@naver.com','UA01','2023-07-24 14:00:00','2023-07-24 14:00:00','2023-08-14 05:59:34','ST02',1,'eyJ0eXAiOiJKV1QiLCJhbGciOiJIUzUxMiJ9.eyJzdWIiOiJSZWZyZXNoVG9rZW4iLCJ1aWQiOiJzdG9yZTAwMTQiLCJleHAiOjE2OTMyMDIzNzN9.u_MkhRxWrmsYFb1jVW_A3W5J8PReutTJfz5ibQDLmhBCBwp7z4Pc8gi9--fQKd1_T3LBBuVE6jXyalfxCk9yYQ',NULL,NULL,1332),(96,'store0015','$2a$10$sD7kxrihahAFmCypkqjf7.XJp1UBO6pM49oSc8pPCToo1En.672Ca','01000000014','찐만빵두','이기철','turtle@naver.com','UA01','2023-07-25 14:00:00','2023-07-25 14:00:00','2023-08-14 06:06:52','ST02',0,'eyJ0eXAiOiJKV1QiLCJhbGciOiJIUzUxMiJ9.eyJzdWIiOiJSZWZyZXNoVG9rZW4iLCJ1aWQiOiJzdG9yZTAwMTUiLCJleHAiOjE2OTMyMDI4MTJ9.b0z60aHmB4qyz3170OplB_rUYuV38EctSr5jL8Sj8y9nZKG5-r9ubyiYJN5VTEtYe-0clF_adXbNPlsKT9SD5g',NULL,NULL,1332),(97,'store0016','$2a$10$sD7kxrihahAFmCypkqjf7.XJp1UBO6pM49oSc8pPCToo1En.672Ca','01000000015','생생주스','김주생','sangsang@gmail.com','UA01','2023-07-26 14:00:00','2023-07-26 14:00:00','2023-08-14 06:31:10','ST02',1,'eyJ0eXAiOiJKV1QiLCJhbGciOiJIUzUxMiJ9.eyJzdWIiOiJSZWZyZXNoVG9rZW4iLCJ1aWQiOiJzdG9yZTAwMTYiLCJleHAiOjE2OTMyMDQyNjl9.un3ouIUoaEd3IzwO9vLMqDhD8ndeEKs_4advtbIctBJ7ci2smLfRA_ncxIs4nE_lS6y9fiOo1vQQwfuB4zANCA',NULL,NULL,1332),(98,'store0017','$2a$10$sD7kxrihahAFmCypkqjf7.XJp1UBO6pM49oSc8pPCToo1En.672Ca','01000000016','도널도넛','도날드','donaldduck@gmail.com','UA01','2023-07-27 14:00:00','2023-07-27 14:00:00','2023-08-14 11:46:13','ST02',1,'eyJ0eXAiOiJKV1QiLCJhbGciOiJIUzUxMiJ9.eyJzdWIiOiJSZWZyZXNoVG9rZW4iLCJ1aWQiOiJzdG9yZTAwMTciLCJleHAiOjE2OTMyMjMxNzN9.GoSHdPVDXNbt0syxpMTSCm3wa2M0HpeoHrGEPRhyTOz64xZhy1x9KdmPcwzsxDTsUnFP4djFEgMfWBLTdeHwtg',NULL,NULL,1332),(99,'store0018','$2a$10$sD7kxrihahAFmCypkqjf7.XJp1UBO6pM49oSc8pPCToo1En.672Ca','01000000017','까만커피','김검정','blackman32@gmail.com','UA01','2023-07-28 14:00:00','2023-07-28 14:00:00','2023-08-14 06:56:55','ST02',0,'eyJ0eXAiOiJKV1QiLCJhbGciOiJIUzUxMiJ9.eyJzdWIiOiJSZWZyZXNoVG9rZW4iLCJ1aWQiOiJzdG9yZTAwMTgiLCJleHAiOjE2OTMyMDU4MTV9.DJWwzyLxkaMh44htJ58QDFVqICyCwD_NYByDROvy_8aueEX_NkvqP5w00LcYdgNe8MbmrvPKp9abOj_c8KLKrw',NULL,NULL,1332),(100,'store0019','$2a$10$sD7kxrihahAFmCypkqjf7.XJp1UBO6pM49oSc8pPCToo1En.672Ca','01000000018','악어 샐러드','연초록','yellow_green22@naver.com','UA01','2023-07-29 14:00:00','2023-07-29 14:00:00','2023-08-14 06:57:09','ST02',1,'eyJ0eXAiOiJKV1QiLCJhbGciOiJIUzUxMiJ9.eyJzdWIiOiJSZWZyZXNoVG9rZW4iLCJ1aWQiOiJzdG9yZTAwMTkiLCJleHAiOjE2OTMyMDU4Mjl9.3l74unPR95Xm_QASSXEeyeKto_ASf0hWacMhN487F1nWhNnlJyGiXXRMYDrn-Yov9qLXhMOrsVkXUCq450iLow',NULL,NULL,1332),(101,'store0020','$2a$10$sD7kxrihahAFmCypkqjf7.XJp1UBO6pM49oSc8pPCToo1En.672Ca','01000000019','빵야 빵야','신태양','new_sum@naver.com','UA01','2023-07-30 14:00:00','2023-07-30 14:00:00','2023-08-14 07:10:22','ST02',1,'eyJ0eXAiOiJKV1QiLCJhbGciOiJIUzUxMiJ9.eyJzdWIiOiJSZWZyZXNoVG9rZW4iLCJ1aWQiOiJzdG9yZTAwMjAiLCJleHAiOjE2OTMyMDY2MjF9.mN4cEy3dkBx_3lGWO9zY7zErOx_2-p6SO01vIDCYzl1XCJqoq4svxwDT9VNDdKJnk5nnTU3OWPrrt1aspqd4-A',NULL,NULL,1332),(102,'store0021','$2a$10$sD7kxrihahAFmCypkqjf7.XJp1UBO6pM49oSc8pPCToo1En.672Ca','01000000020','주먹밥머리','이훈이','im_hun@gmail.com','UA01','2023-07-31 14:00:00','2023-07-31 14:00:00','2023-08-14 07:14:51','ST02',0,'eyJ0eXAiOiJKV1QiLCJhbGciOiJIUzUxMiJ9.eyJzdWIiOiJSZWZyZXNoVG9rZW4iLCJ1aWQiOiJzdG9yZTAwMjEiLCJleHAiOjE2OTMyMDY4OTF9.6gg8UCaWBNp-tmDBc8vfb-UTerhoIqVDQQ87XjYnYfnyzWsV5IfZQnTeYE88B_IoZGDA_asPNI9Jm-wseg9HBg',NULL,NULL,1332),(103,'store0022','$2a$10$sD7kxrihahAFmCypkqjf7.XJp1UBO6pM49oSc8pPCToo1En.672Ca','01000000021','고구마 떡볶이','최고','bestman12@gmail.com','UA01','2023-08-01 14:00:00','2023-08-01 14:00:00','2023-08-14 07:19:47','ST02',1,'eyJ0eXAiOiJKV1QiLCJhbGciOiJIUzUxMiJ9.eyJzdWIiOiJSZWZyZXNoVG9rZW4iLCJ1aWQiOiJzdG9yZTAwMjIiLCJleHAiOjE2OTMyMDcxODZ9.8X4X250bCYBUQJCwFq6YkGvoZnqOZK9JxFc2_RMUNTNJkRQvdRxfJCSEBvdKN-gB2yVDd9iHlMmoXgnZva14FQ',NULL,NULL,1332),(104,'store0023','$2a$10$sD7kxrihahAFmCypkqjf7.XJp1UBO6pM49oSc8pPCToo1En.672Ca','01000000022','주스 텐','박효열','tenten@naver.com','UA01','2023-08-02 14:00:00','2023-08-02 14:00:00','2023-08-14 07:36:56','ST02',1,'eyJ0eXAiOiJKV1QiLCJhbGciOiJIUzUxMiJ9.eyJzdWIiOiJSZWZyZXNoVG9rZW4iLCJ1aWQiOiJzdG9yZTAwMjMiLCJleHAiOjE2OTMyMDgyMTZ9.OOfzCuo_lCAmMByuAxxRsg8nBs4sROtB2u95wK0tbQPQvBk8OnC1jW1uKab0UXoUXpYLUXfJK3CAiDSYweJSlg',NULL,NULL,1332),(105,'store0024','$2a$10$sD7kxrihahAFmCypkqjf7.XJp1UBO6pM49oSc8pPCToo1En.672Ca','01000000023','별빛케이크','한별','star1@gmail.com','UA01','2023-08-03 14:00:00','2023-08-03 14:00:00','2023-08-14 07:41:27','ST02',0,'eyJ0eXAiOiJKV1QiLCJhbGciOiJIUzUxMiJ9.eyJzdWIiOiJSZWZyZXNoVG9rZW4iLCJ1aWQiOiJzdG9yZTAwMjQiLCJleHAiOjE2OTMyMDg0ODZ9.ROSEsHx8n5Zxn-_sEcB4u1zreCZVuTbB_bsdKFp_3Qg83wqal4kKrIJwqoXxUf8QVNEG5d2r2P239krjeic3Qw',NULL,NULL,1332),(106,'store0025','$2a$10$sD7kxrihahAFmCypkqjf7.XJp1UBO6pM49oSc8pPCToo1En.672Ca','01000000024','싱싱 초밥','이씽씽','singsing@gmail.com','UA01','2023-08-04 14:00:00','2023-08-04 14:00:00','2023-08-14 07:47:04','ST02',1,'eyJ0eXAiOiJKV1QiLCJhbGciOiJIUzUxMiJ9.eyJzdWIiOiJSZWZyZXNoVG9rZW4iLCJ1aWQiOiJzdG9yZTAwMjUiLCJleHAiOjE2OTMyMDg4MjN9.50NAqX6WA_zW4oT_HKhqwxRB6a1YXFzvRRuWcioeX3eeVHCa5oXPfGG003aIRAQOG4kEnofST2TSQZd0tLU43w',NULL,NULL,1332),(107,'store0026','$2a$10$sD7kxrihahAFmCypkqjf7.XJp1UBO6pM49oSc8pPCToo1En.672Ca','01000000025','여기 오세훈','오세훈','ohsehun_94@naver.com','UA01','2023-08-05 14:00:00','2023-08-05 14:00:00','2023-08-14 08:09:58','ST02',1,'eyJ0eXAiOiJKV1QiLCJhbGciOiJIUzUxMiJ9.eyJzdWIiOiJSZWZyZXNoVG9rZW4iLCJ1aWQiOiJzdG9yZTAwMjYiLCJleHAiOjE2OTMyMTAxOTd9.RBqLQvYYSdnywZTtqpnVnExAQzGg7uS3sw5m2ixW6Qt0o5ZVpS5p_AJ3x7w-ls0GsS377RgxYwIMEKD74QsdCw',NULL,NULL,1332),(108,'store0027','$2a$10$sD7kxrihahAFmCypkqjf7.XJp1UBO6pM49oSc8pPCToo1En.672Ca','01000000026','존박 분식','오존박','john_park@naver.com','UA01','2023-08-06 14:00:00','2023-08-06 14:00:00','2023-08-14 11:47:08','ST02',1,'eyJ0eXAiOiJKV1QiLCJhbGciOiJIUzUxMiJ9.eyJzdWIiOiJSZWZyZXNoVG9rZW4iLCJ1aWQiOiJzdG9yZTAwMjciLCJleHAiOjE2OTMyMjMyMjh9.JaoXCNNnTM5jx3Ac4x7Zyw73FgGo25b_0Tlc3Zqjq91JgxhQ9KXX30RgQbg1_zyhOXcsJvhKoik5s2VVvLPXXQ',NULL,NULL,1332),(109,'store0028','$2a$10$sD7kxrihahAFmCypkqjf7.XJp1UBO6pM49oSc8pPCToo1En.672Ca','01000000027','챱챱 샐러드','김챱챱','chapchap33@naver.com','UA01','2023-08-07 14:00:00','2023-08-07 14:00:00','2023-08-14 11:53:52','ST02',0,'eyJ0eXAiOiJKV1QiLCJhbGciOiJIUzUxMiJ9.eyJzdWIiOiJSZWZyZXNoVG9rZW4iLCJ1aWQiOiJzdG9yZTAwMjgiLCJleHAiOjE2OTMyMjM2MzF9.LeGkq0J0EFf9T6rR3H_HXoy13pQpXHBQ7M3vLdB7QdIM5JBC76s6_RAT0ypBzzFzn4TLAIzFAx4rlcXtIaBbCQ',NULL,NULL,1332),(110,'store0029','$2a$10$sD7kxrihahAFmCypkqjf7.XJp1UBO6pM49oSc8pPCToo1En.672Ca','01000000028','떡볶이마을','최빌리','village_choi97@naver.com','UA01','2023-08-08 14:00:00','2023-08-08 14:00:00','2023-08-14 12:51:30','ST02',1,'eyJ0eXAiOiJKV1QiLCJhbGciOiJIUzUxMiJ9.eyJzdWIiOiJSZWZyZXNoVG9rZW4iLCJ1aWQiOiJzdG9yZTAwMjkiLCJleHAiOjE2OTMyMjcwODl9.PdvRYq7jJDfd0TophqU-QKJgJiAzEGWZZlP2aQV3XP_afZwg2j7rnUJuYy2ChJw0BAxQFGH0TeB2VdT-wTYloA',NULL,NULL,1332),(111,'store0030','$2a$10$sD7kxrihahAFmCypkqjf7.XJp1UBO6pM49oSc8pPCToo1En.672Ca','01000000029','팡빵','이팡','pangpang44@naver.com','UA01','2023-08-09 14:00:00','2023-08-09 14:00:00','2023-08-14 13:07:14','ST02',1,'eyJ0eXAiOiJKV1QiLCJhbGciOiJIUzUxMiJ9.eyJzdWIiOiJSZWZyZXNoVG9rZW4iLCJ1aWQiOiJzdG9yZTAwMzAiLCJleHAiOjE2OTMyMjgwMzR9.DyV8NxSwBKSUDMV6ZABAm3Q3dV_Z28JsehQV_XOrGxODd0qiZpENU4ur7iYY1KjW9cRV5fpUprliooVUdE8-oA',NULL,NULL,1332),(112,'store0031','$2a$10$sD7kxrihahAFmCypkqjf7.XJp1UBO6pM49oSc8pPCToo1En.672Ca','01000000030','단팥팥빵','김롯데','kimlotte@gmail.com','UA01','2023-08-10 14:00:00','2023-08-10 14:00:00','2023-08-14 13:15:38','ST02',1,'eyJ0eXAiOiJKV1QiLCJhbGciOiJIUzUxMiJ9.eyJzdWIiOiJSZWZyZXNoVG9rZW4iLCJ1aWQiOiJzdG9yZTAwMzEiLCJleHAiOjE2OTMyMjg1Mzh9.e7X2f2R3sbz4JWsevMuEgzHbADnbzQ8qpORS7nPhvtDPQnU-FFrn8tlil3_f71w8V59OsiuaFCBU_3_PiSnD5w',NULL,NULL,1332),(113,'store0032','$2a$10$sD7kxrihahAFmCypkqjf7.XJp1UBO6pM49oSc8pPCToo1En.672Ca','01000000031','마이슈크림','박종원','jongs@gmail.com','UA01','2023-08-11 14:00:00','2023-08-11 14:00:00','2023-08-14 13:18:05','ST02',0,'eyJ0eXAiOiJKV1QiLCJhbGciOiJIUzUxMiJ9.eyJzdWIiOiJSZWZyZXNoVG9rZW4iLCJ1aWQiOiJzdG9yZTAwMzIiLCJleHAiOjE2OTMyMjg2ODV9.WpUVcuOwMgNgQXAByxNMDCCt_Vtelzp7SB1CgcsX0LMvx7_0iN_bxohdJ_D4YZIOx9bfnjacsN_d3qVwgCJ4lw',NULL,NULL,1332),(114,'store0033','$2a$10$sD7kxrihahAFmCypkqjf7.XJp1UBO6pM49oSc8pPCToo1En.672Ca','01000000032','하하 케이크','이영자','youngyoung@gmail.com','UA01','2023-08-12 14:00:00','2023-08-12 14:00:00','2023-08-14 13:43:51','ST02',0,'eyJ0eXAiOiJKV1QiLCJhbGciOiJIUzUxMiJ9.eyJzdWIiOiJSZWZyZXNoVG9rZW4iLCJ1aWQiOiJzdG9yZTAwMzMiLCJleHAiOjE2OTMyMzAyMzB9.CXYxmVz-T9as59a7H_VsN31_9Fn_lZrHo3Wrr5XMZSNyP3s0cMvbEzJdH2qT-NVP51Xk3iAhSu4F8EJ3nPiLjA',NULL,NULL,1332),(115,'store0034','$2a$10$sD7kxrihahAFmCypkqjf7.XJp1UBO6pM49oSc8pPCToo1En.672Ca','01000000033','고수팡','김고수','gosu@gmail.com','UA01','2023-08-13 14:00:00','2023-08-13 14:00:00','2023-08-14 13:47:15','ST02',1,'eyJ0eXAiOiJKV1QiLCJhbGciOiJIUzUxMiJ9.eyJzdWIiOiJSZWZyZXNoVG9rZW4iLCJ1aWQiOiJzdG9yZTAwMzQiLCJleHAiOjE2OTMyMzA0MzV9.Sn_KTwhJ5w5fJpUV7_A4Cj3jCjYQdxOTmduPrpj-8GIheYqRaenRKRFhl2q8TmaAEd9ExWWWHnNzqq4EqcFFtw',NULL,NULL,1332),(116,'store0035','$2a$10$sD7kxrihahAFmCypkqjf7.XJp1UBO6pM49oSc8pPCToo1En.672Ca','01000000034','최강주스','최약체','mostweak@gmail.com','UA01','2023-08-14 14:00:00','2023-08-14 14:00:00','2023-08-14 13:47:25','ST02',0,'eyJ0eXAiOiJKV1QiLCJhbGciOiJIUzUxMiJ9.eyJzdWIiOiJSZWZyZXNoVG9rZW4iLCJ1aWQiOiJzdG9yZTAwMzUiLCJleHAiOjE2OTMyMzA0NDV9.FIyJobuu6B8VVdvVGiUaEV46ZJwgpWYjTQebqRjDSuYW1XBOK740IMqgtuLRMgZbDOPOJT6WWy6IkMg2bgwxfA',NULL,NULL,1332),(117,'store0036','$2a$10$sD7kxrihahAFmCypkqjf7.XJp1UBO6pM49oSc8pPCToo1En.672Ca','01000000035','상민이네김밥','박상민','minmin@gmail.com','UA01','2023-08-15 14:00:00','2023-08-15 14:00:00','2023-08-14 13:49:37','ST02',1,'eyJ0eXAiOiJKV1QiLCJhbGciOiJIUzUxMiJ9.eyJzdWIiOiJSZWZyZXNoVG9rZW4iLCJ1aWQiOiJzdG9yZTAwMzYiLCJleHAiOjE2OTMyMzA1Nzd9.SoQtH55z1ecWTYFRzcG0uWnJ9YDET9scNpaNEdAroWcQhyTcexXilQ6s0MXeuSndFLv-l1GqTtvi6QTDUhbnNQ',NULL,NULL,1332),(118,'store0037','$2a$10$sD7kxrihahAFmCypkqjf7.XJp1UBO6pM49oSc8pPCToo1En.672Ca','01000000036','전지연씨도넛','전지연','Iamjiyeon@gmail.com','UA01','2023-08-16 14:00:00','2023-08-16 14:00:00','2023-08-14 13:52:14','ST02',0,'eyJ0eXAiOiJKV1QiLCJhbGciOiJIUzUxMiJ9.eyJzdWIiOiJSZWZyZXNoVG9rZW4iLCJ1aWQiOiJzdG9yZTAwMzciLCJleHAiOjE2OTMyMzA3MzN9.gsYHedgcCARfZ6wgzOj1yXh3bT34EktYMlBXPydWO0EZRn2cbQb7TwhgomyyJw53uF0gjHv_v0gx16jt20o4-g',NULL,NULL,1332),(119,'store0038','$2a$10$sD7kxrihahAFmCypkqjf7.XJp1UBO6pM49oSc8pPCToo1En.672Ca','01000000037','올인샐러드','손혜교','hyekyo@gmail.com','UA01','2023-08-17 14:00:00','2023-08-17 14:00:00','2023-08-14 13:55:54','ST02',1,'eyJ0eXAiOiJKV1QiLCJhbGciOiJIUzUxMiJ9.eyJzdWIiOiJSZWZyZXNoVG9rZW4iLCJ1aWQiOiJzdG9yZTAwMzgiLCJleHAiOjE2OTMyMzA5NTN9.wxHkvmty1ZPaSsj9lu6Ea3pwPQ5tL_8AQjDpnKvewPKyGylsXbzlXNR-zRDnGcYa4loX0xuYZTfRmt3sZxKyTw',NULL,NULL,1332),(120,'store0039','$2a$10$sD7kxrihahAFmCypkqjf7.XJp1UBO6pM49oSc8pPCToo1En.672Ca','01000000038','같은분식','태이','teitei@gmailc.om','UA01','2023-08-18 14:00:00','2023-08-18 14:00:00','2023-08-14 14:20:50','ST02',0,'eyJ0eXAiOiJKV1QiLCJhbGciOiJIUzUxMiJ9.eyJzdWIiOiJSZWZyZXNoVG9rZW4iLCJ1aWQiOiJzdG9yZTAwMzkiLCJleHAiOjE2OTMyMzI0NDl9.JnuwEIki12w6Xc3hb09JN99L2hv0jFe-_RsH9mpZz1HMHgm6g42Km7JA293YoUjdzaEmegGLdYXihHBtfNHKTg',NULL,NULL,1332),(121,'store0040','$2a$10$sD7kxrihahAFmCypkqjf7.XJp1UBO6pM49oSc8pPCToo1En.672Ca','01000000039','이주스마시면','전우성','iamws@gmailc.om','UA01','2023-08-19 14:00:00','2023-08-19 14:00:00','2023-08-14 14:23:35','ST02',1,'eyJ0eXAiOiJKV1QiLCJhbGciOiJIUzUxMiJ9.eyJzdWIiOiJSZWZyZXNoVG9rZW4iLCJ1aWQiOiJzdG9yZTAwNDAiLCJleHAiOjE2OTMyMzI2MTR9.sy6aNWm1h7vwtgfEmngcBhX1-Xnz6GRUB9iYcj7XtRpZasiMJFe2y7plbkSwi9kUJF1yf9dkwtpXJi6t-mVBCA',NULL,NULL,1332),(122,'store0041','$2a$10$sD7kxrihahAFmCypkqjf7.XJp1UBO6pM49oSc8pPCToo1En.672Ca','01000000040','내가초밥의왕이될상','이전재','beforejae@gmail.com','UA01','2023-08-20 14:00:00','2023-08-20 14:00:00','2023-08-14 14:27:28','ST02',0,'eyJ0eXAiOiJKV1QiLCJhbGciOiJIUzUxMiJ9.eyJzdWIiOiJSZWZyZXNoVG9rZW4iLCJ1aWQiOiJzdG9yZTAwNDEiLCJleHAiOjE2OTMyMzI4NDh9.cdg-1_tRfN5RBHshcPb0bSZvDiL6-YFSkA-26ufwyq5SiB2tmb0bUtDHRp2n3yPz54x4UworEtHzZp8YYyVo5w',NULL,NULL,1332),(123,'store0042','$2a$10$sD7kxrihahAFmCypkqjf7.XJp1UBO6pM49oSc8pPCToo1En.672Ca','01000000041','샐러드개론','이제운','woooon@gmailc.om','UA01','2023-08-21 14:00:00','2023-08-21 14:00:00','2023-08-14 14:30:45','ST02',1,'eyJ0eXAiOiJKV1QiLCJhbGciOiJIUzUxMiJ9.eyJzdWIiOiJSZWZyZXNoVG9rZW4iLCJ1aWQiOiJzdG9yZTAwNDIiLCJleHAiOjE2OTMyMzMwNDV9.gRUkTzi7hasJp33QWY37SUTyaRhw20d4aTsbXHGz2ssuaJTGO7ZYCWlsuS3XDr3pZicqDGfqCleZcdcV0uBZlg',NULL,NULL,1332),(124,'store0043','$2a$10$sD7kxrihahAFmCypkqjf7.XJp1UBO6pM49oSc8pPCToo1En.672Ca','01000000042','알아들었으면케이크사먹어','박연진','yjpark@gmail.com','UA01','2023-08-22 14:00:00','2023-08-22 14:00:00','2023-08-14 14:33:01','ST02',0,'eyJ0eXAiOiJKV1QiLCJhbGciOiJIUzUxMiJ9.eyJzdWIiOiJSZWZyZXNoVG9rZW4iLCJ1aWQiOiJzdG9yZTAwNDMiLCJleHAiOjE2OTMyMzMxODB9.sQlaKifZSAkD3rEIs8VQFso8SBSkwpkHZQzq1wqJPqaoDzksU79TciZwR35ZeJeFlQBu1QRO8HMgAFiDJNfAqg',NULL,NULL,1332),(125,'store0044','$2a$10$sD7kxrihahAFmCypkqjf7.XJp1UBO6pM49oSc8pPCToo1En.672Ca','01000000043','왈왈주먹밥','이사라','buythis@gmailc.om','UA01','2023-08-23 14:00:00','2023-08-23 14:00:00','2023-08-14 14:37:37','ST02',1,'eyJ0eXAiOiJKV1QiLCJhbGciOiJIUzUxMiJ9.eyJzdWIiOiJSZWZyZXNoVG9rZW4iLCJ1aWQiOiJzdG9yZTAwNDQiLCJleHAiOjE2OTMyMzM0NTZ9.wQmr1HPaGV9176Z_oJZ1_LjBZbObII0nbifZ_yctKXq862vUxirjGySwtR2mITEHyl9oRjnq8SAgGVe-OMRcMA',NULL,NULL,1332),(126,'store0045','$2a$10$sD7kxrihahAFmCypkqjf7.XJp1UBO6pM49oSc8pPCToo1En.672Ca','01000000044','루이도넛','전재준','iamjj@gmail.com','UA01','2023-08-24 14:00:00','2023-08-24 14:00:00','2023-08-14 14:39:42','ST02',0,'eyJ0eXAiOiJKV1QiLCJhbGciOiJIUzUxMiJ9.eyJzdWIiOiJSZWZyZXNoVG9rZW4iLCJ1aWQiOiJzdG9yZTAwNDUiLCJleHAiOjE2OTMyMzM1ODF9.krIjTMOZssg8djfoi3V-A3UYCVn-AKVHkd4Q-KLdDSn4u315FTeY0jCVOPp7GSAmdh3cnuLHswXvsJZNjN6hqQ',NULL,NULL,1332),(127,'store0046','$2a$10$sD7kxrihahAFmCypkqjf7.XJp1UBO6pM49oSc8pPCToo1En.672Ca','01000000045','멋지다케이크','문동은','movesilver@gmail.com','UA01','2023-08-25 14:00:00','2023-08-25 14:00:00','2023-08-14 14:41:46','ST02',1,'eyJ0eXAiOiJKV1QiLCJhbGciOiJIUzUxMiJ9.eyJzdWIiOiJSZWZyZXNoVG9rZW4iLCJ1aWQiOiJzdG9yZTAwNDYiLCJleHAiOjE2OTMyMzM3MDZ9.5s8q03qJeqKH3nAs7I-gAIprw_IwUys0nT6X85GjbOy29wEvqUqWJ3ycuJ7w3nnKuNwEATWUUo4Z08Qh-sP-uQ',NULL,NULL,1332),(128,'store0047','$2a$10$sD7kxrihahAFmCypkqjf7.XJp1UBO6pM49oSc8pPCToo1En.672Ca','01000000046','미스터초밥왕','이병언','leebeo@gmail.com','UA01','2023-08-26 14:00:00','2023-08-26 14:00:00','2023-08-13 16:48:28','ST02',0,'eyJ0eXAiOiJKV1QiLCJhbGciOiJIUzUxMiJ9.eyJzdWIiOiJSZWZyZXNoVG9rZW4iLCJ1aWQiOiJzdG9yZTAwNDciLCJleHAiOjE2OTMxNTQ5MDh9.qd3b-WW1HDDbSoQNAZse2dYC8DtcbWhzBVXm6KRqPTwSfxRktrLyD8DDRIun4Y2V1-zp3s_uVA953-aw3RFabg',NULL,NULL,1332),(129,'store0048','$2a$10$sD7kxrihahAFmCypkqjf7.XJp1UBO6pM49oSc8pPCToo1En.672Ca','01000000047','구동매카스테라','유현석','dongmae@gmail.com','UA01','2023-08-27 14:00:00','2023-08-27 14:00:00','2023-08-13 16:42:31','ST02',1,'eyJ0eXAiOiJKV1QiLCJhbGciOiJIUzUxMiJ9.eyJzdWIiOiJSZWZyZXNoVG9rZW4iLCJ1aWQiOiJzdG9yZTAwNDgiLCJleHAiOjE2OTMxNTQ1NTF9.ijmJqMV0_5gpyIkMxz0tLfl0ccQERzSpYqhdJltxjSvOiwNkl8WWBmmuYBXuPODTJjuU5X2GU-sWVDyyHbRKSQ',NULL,NULL,1332),(130,'store0049','$2a$10$sD7kxrihahAFmCypkqjf7.XJp1UBO6pM49oSc8pPCToo1En.672Ca','01000000048','희성이네카페','변요안','change@gmail.com','UA01','2023-08-28 14:00:00','2023-08-28 14:00:00','2023-08-13 16:34:54','ST02',0,'eyJ0eXAiOiJKV1QiLCJhbGciOiJIUzUxMiJ9.eyJzdWIiOiJSZWZyZXNoVG9rZW4iLCJ1aWQiOiJzdG9yZTAwNDkiLCJleHAiOjE2OTMxNTQwOTN9.vzWQzne8sT9L5g2Nmk8Zn6LgU4Z0qIiFoJLv55bYc_cybl3cSqBPrwQCgBg4jZqaNW39nI5ZnoZFF0yVDZq5iw',NULL,NULL,1332),(131,'store0050','$2a$10$sD7kxrihahAFmCypkqjf7.XJp1UBO6pM49oSc8pPCToo1En.672Ca','01000000049','서울주스','김탤이','teriteri@gmail.com','UA01','2023-08-29 14:00:00','2023-08-29 14:00:00','2023-08-13 16:08:45','ST02',1,'eyJ0eXAiOiJKV1QiLCJhbGciOiJIUzUxMiJ9.eyJzdWIiOiJSZWZyZXNoVG9rZW4iLCJ1aWQiOiJzdG9yZTAwNTAiLCJleHAiOjE2OTMxNTI1MjR9.kVkV8_no8AYCNrvENCXQfx4M4aXPHqQia2TRIWmqwo7MOmmPUc-R8h0sRkfAfsVA7szyeeRy4B3u-0lvEnLSnQ',NULL,NULL,1332),(132,'store0051','$2a$10$sD7kxrihahAFmCypkqjf7.XJp1UBO6pM49oSc8pPCToo1En.672Ca','01000000050','도깨비분식','공휴','share@gmail.com','UA01','2023-08-30 14:00:00','2023-08-30 14:00:00','2023-08-13 16:08:34','ST02',0,'eyJ0eXAiOiJKV1QiLCJhbGciOiJIUzUxMiJ9.eyJzdWIiOiJSZWZyZXNoVG9rZW4iLCJ1aWQiOiJzdG9yZTAwNTEiLCJleHAiOjE2OTMxNTI1MTN9.d-m9edPZO459vRB8-zBtpOfcv3w8to7rAmr1qBzoJiAIJ56fRi5Q5IFKNuRoj_Xgd-2EGx6gNstxG6EVXr_SVg',NULL,NULL,1332),(133,'store0052','$2a$10$sD7kxrihahAFmCypkqjf7.XJp1UBO6pM49oSc8pPCToo1En.672Ca','01000000051','저승이네샐러드','김동욱','handsome@gmail.com','UA01','2023-08-31 14:00:00','2023-08-31 14:00:00','2023-08-13 15:55:01','ST02',1,'eyJ0eXAiOiJKV1QiLCJhbGciOiJIUzUxMiJ9.eyJzdWIiOiJSZWZyZXNoVG9rZW4iLCJ1aWQiOiJzdG9yZTAwNTIiLCJleHAiOjE2OTMxNTE3MDF9.Cqq9nofYNgvSjZLvFDJR7SPRiALtk5YJn8DRrUcy0LH7GMKXdnJwCxWiy9dJQP4MMSegMPIgX0Myha9bAtYMNg',NULL,NULL,1332),(134,'store0053','$2a$10$sD7kxrihahAFmCypkqjf7.XJp1UBO6pM49oSc8pPCToo1En.672Ca','01000000052','고삼김밥','이고은','likethissilver@gmail.com','UA01','2023-09-01 14:00:00','2023-09-01 14:00:00','2023-08-13 15:48:12','ST02',0,'eyJ0eXAiOiJKV1QiLCJhbGciOiJIUzUxMiJ9.eyJzdWIiOiJSZWZyZXNoVG9rZW4iLCJ1aWQiOiJzdG9yZTAwNTMiLCJleHAiOjE2OTMxNTEyOTJ9.MgU6lGftUjS-lzItY_rNnew-R268os8aRRzXadBGiemvtpaDJL3IGgOZPzuZGKJxqGuJ2U3Eatanuf3laKVY1A',NULL,NULL,1332),(135,'store0054','$2a$10$sD7kxrihahAFmCypkqjf7.XJp1UBO6pM49oSc8pPCToo1En.672Ca','01000000053','모델커피','김우비','raincoat@gmail.com','UA01','2023-09-02 14:00:00','2023-09-02 14:00:00','2023-08-13 15:29:00','ST02',1,'eyJ0eXAiOiJKV1QiLCJhbGciOiJIUzUxMiJ9.eyJzdWIiOiJSZWZyZXNoVG9rZW4iLCJ1aWQiOiJzdG9yZTAwNTQiLCJleHAiOjE2OTMxNTAxMzl9.61s6frc3krbOxKj8l1-TgcOvJhjSXfYjBXrH5208Vih6r801lQMxURC2D7vFVqNBGhObzY3n26t5TL48xpKqZw',NULL,NULL,1332),(136,'store0055','$2a$10$sD7kxrihahAFmCypkqjf7.XJp1UBO6pM49oSc8pPCToo1En.672Ca','01000000054','리즈너블도넛','이유빈','reasonbeen@gmail.com','UA01','2023-09-03 14:00:00','2023-09-03 14:00:00','2023-08-14 02:00:10','ST02',1,'eyJ0eXAiOiJKV1QiLCJhbGciOiJIUzUxMiJ9.eyJzdWIiOiJSZWZyZXNoVG9rZW4iLCJ1aWQiOiJzdG9yZTAwNTUiLCJleHAiOjE2OTMxODgwMDl9.dEAzONtfZYDYnkvws4vIUXnuJ3u7VlUaVlh7tCiaB0DeO_24l_hfHOZvH4yoizNQ2nTS916MvGu1bGzpDFgtSA',NULL,NULL,1332),(137,'store0056','$2a$10$sD7kxrihahAFmCypkqjf7.XJp1UBO6pM49oSc8pPCToo1En.672Ca','01000000055','그라운드커피','지상','ontheground@gmail.com','UA01','2023-09-04 14:00:00','2023-09-04 14:00:00','2023-08-13 14:50:45','ST02',0,'eyJ0eXAiOiJKV1QiLCJhbGciOiJIUzUxMiJ9.eyJzdWIiOiJSZWZyZXNoVG9rZW4iLCJ1aWQiOiJzdG9yZTAwNTYiLCJleHAiOjE2OTMxNDc4NDR9.5xNcUib3AbVnWGVQPGmGKN_CecxUdDFny9Q2a8Dg5a1lXTwAu19pfAPowNMIJmD3fmenGx11BLnYIIc3meRbpg',NULL,NULL,1332),(138,'store0057','$2a$10$sD7kxrihahAFmCypkqjf7.XJp1UBO6pM49oSc8pPCToo1En.672Ca','01000000056','후루룩탕후루','김보영','youngkb@gmail.com','UA01','2023-09-05 14:00:00','2023-09-05 14:00:00','2023-08-13 14:44:04','ST02',1,'eyJ0eXAiOiJKV1QiLCJhbGciOiJIUzUxMiJ9.eyJzdWIiOiJSZWZyZXNoVG9rZW4iLCJ1aWQiOiJzdG9yZTAwNTciLCJleHAiOjE2OTMxNDc0NDR9.qAKbMhCbpljqQC6wPDKWgBl5Xh0d7SAu9m_0VXpVB2TGJ6JSYV3W8fjpZCcDiDbQ0HBqtlZ7ddwnRG3gbSWpjA',NULL,NULL,1332),(139,'store0058','$2a$10$sD7kxrihahAFmCypkqjf7.XJp1UBO6pM49oSc8pPCToo1En.672Ca','01000000057','프리티 김밥','안고운','unpretty@gmail.com','UA01','2023-09-06 14:00:00','2023-09-06 14:00:00','2023-08-13 14:43:45','ST02',0,'eyJ0eXAiOiJKV1QiLCJhbGciOiJIUzUxMiJ9.eyJzdWIiOiJSZWZyZXNoVG9rZW4iLCJ1aWQiOiJzdG9yZTAwNTgiLCJleHAiOjE2OTMxNDc0MjV9.KHERo9hTOgJ1JT96UJJuDkeqR3Dmb2rIy7JS-sWtT1pU5qsJH7IJ7OYS37RkOUvuD3MYM7SHvS_VDsWrLNpxTA',NULL,NULL,1332),(140,'store0059','$2a$10$sD7kxrihahAFmCypkqjf7.XJp1UBO6pM49oSc8pPCToo1En.672Ca','01000000058','샐러디샐러더','안지민','nojimin@gmail.com','UA01','2023-09-07 14:00:00','2023-09-07 14:00:00','2023-08-13 14:24:59','ST02',1,'eyJ0eXAiOiJKV1QiLCJhbGciOiJIUzUxMiJ9.eyJzdWIiOiJSZWZyZXNoVG9rZW4iLCJ1aWQiOiJzdG9yZTAwNTkiLCJleHAiOjE2OTMxNDYyOTl9.PyYtwtzwQzM-vcsXpMZdMR8ol7c-5PaOCGhLGW6efl8LLhpEOjIf-FM3_cYMnKoDO-ANDkTEnRvmIUnuaDXqyw',NULL,NULL,1332),(141,'store0060','$2a$10$sD7kxrihahAFmCypkqjf7.XJp1UBO6pM49oSc8pPCToo1En.672Ca','01000000059','국진횟집','이국진','realcook@gmail.com','UA01','2023-09-08 14:00:00','2023-09-08 14:00:00','2023-08-13 14:14:34','ST02',0,'eyJ0eXAiOiJKV1QiLCJhbGciOiJIUzUxMiJ9.eyJzdWIiOiJSZWZyZXNoVG9rZW4iLCJ1aWQiOiJzdG9yZTAwNjAiLCJleHAiOjE2OTMxNDU2NzR9.syhgx2CvZgGSzQVj5S8JtgJtsURYRvvSRrluobvVDHxgNVK6RKMSRVKdxAKpim4WzsV0vcfu0IkMJCU9y3c94A',NULL,NULL,1332),(142,'store0061','$2a$10$sD7kxrihahAFmCypkqjf7.XJp1UBO6pM49oSc8pPCToo1En.672Ca','01000000060','무브도넛','이동국','kukdong@gmail.com','UA01','2023-09-09 14:00:00','2023-09-09 14:00:00','2023-08-13 12:37:56','ST02',1,'eyJ0eXAiOiJKV1QiLCJhbGciOiJIUzUxMiJ9.eyJzdWIiOiJSZWZyZXNoVG9rZW4iLCJ1aWQiOiJzdG9yZTAwNjEiLCJleHAiOjE2OTMxMzk4NzV9.FkDQnWspUnhlkYkhk4hpciv9qJ73XeP2KQzvHCdqbTBCKD5KLaaQrfMkyW1XHvUR31pitBPtNqz__b-ADmelQA',NULL,NULL,1332),(143,'store0062','$2a$10$sD7kxrihahAFmCypkqjf7.XJp1UBO6pM49oSc8pPCToo1En.672Ca','01000000061','컴포터블커피','안정환','stable@gmail.com','UA01','2023-09-10 14:00:00','2023-09-10 14:00:00','2023-08-13 12:37:36','ST02',0,'eyJ0eXAiOiJKV1QiLCJhbGciOiJIUzUxMiJ9.eyJzdWIiOiJSZWZyZXNoVG9rZW4iLCJ1aWQiOiJzdG9yZTAwNjIiLCJleHAiOjE2OTMxMzk4NTV9.zDaTOC6kW79o6GbAlR628ZPGbrE_iyQkn7UQeHsimnhasy8sE38qQTnsz7OL2uY240oM9_rz8dUep1oqhhQuwA',NULL,NULL,1332),(144,'store0063','$2a$10$sD7kxrihahAFmCypkqjf7.XJp1UBO6pM49oSc8pPCToo1En.672Ca','01000000062','스트롱샐러드','이강인','leeeee@gmail.com','UA01','2023-09-11 14:00:00','2023-09-11 14:00:00','2023-08-13 12:21:53','ST02',1,'eyJ0eXAiOiJKV1QiLCJhbGciOiJIUzUxMiJ9.eyJzdWIiOiJSZWZyZXNoVG9rZW4iLCJ1aWQiOiJzdG9yZTAwNjMiLCJleHAiOjE2OTMxMzg5MTN9.SswhLN_yrgXM2_wavOqeZOdIIIjIEhqJNVCsjQr3sRtcMA46LxUGwkEJO1IVw8ra-KYS0kA8AMNBlBLHE0SdCg',NULL,NULL,1332),(145,'store0064','$2a$10$sD7kxrihahAFmCypkqjf7.XJp1UBO6pM49oSc8pPCToo1En.672Ca','01000000063','신호등 주스','손흥민','supersony@gmail.com','UA01','2023-09-12 14:00:00','2023-09-12 14:00:00','2023-08-13 11:51:58','ST02',1,'eyJ0eXAiOiJKV1QiLCJhbGciOiJIUzUxMiJ9.eyJzdWIiOiJSZWZyZXNoVG9rZW4iLCJ1aWQiOiJzdG9yZTAwNjQiLCJleHAiOjE2OTMxMzcxMTd9.fNX5Z4Bvz3TrxiHXBtmZye36NMY888rl5SuPC5lgKeqEUKu0Y9oe5ZvQO_MslQUw_EIUtbulNfxxJuOuz6AxeA',NULL,NULL,1332),(146,'store0065','$2a$10$sD7kxrihahAFmCypkqjf7.XJp1UBO6pM49oSc8pPCToo1En.672Ca','01000000064','스카이베이커리','이천수','skywater@gmail.com','UA01','2023-09-13 14:00:00','2023-09-13 14:00:00','2023-08-13 11:44:48','ST02',0,'eyJ0eXAiOiJKV1QiLCJhbGciOiJIUzUxMiJ9.eyJzdWIiOiJSZWZyZXNoVG9rZW4iLCJ1aWQiOiJzdG9yZTAwNjUiLCJleHAiOjE2OTMxMzY2ODd9.GET8C1hQol6M0pHxhHsw38vbXIfXYyJWVZvhW4voNXzyNuwXy-Rkd8hv8Jqi3P_H2VMkHOaKc3qX5iCXktF-fA',NULL,NULL,1332),(147,'K2957683217',NULL,NULL,'K2957683217','김소연','la28s5d@gmail.com','UA01','2023-08-13 11:50:01','2023-08-13 11:50:01','2023-08-13 11:50:01','ST01',0,'eyJ0eXAiOiJKV1QiLCJhbGciOiJIUzUxMiJ9.eyJzdWIiOiJSZWZyZXNoVG9rZW4iLCJ1aWQiOiJLMjk1NzY4MzIxNyIsImV4cCI6MTY5MzUxNDM4OH0.5BE1f5Fni4QsmjzDdcBZiCKH2hTkw9fc7kn7n_A_HLqu3OvXyloSb23IHBqB2KIiodvpXOvX3Hl8O8mqjKNXfA',NULL,NULL,1332),(148,'asdskylee','$2a$10$MeU4AS5FkO9vRae/brTWOehmy7c3GefS2uZzVMBbUSijkizAa.rCm','01071647434','김제갈','이세훈','asdskylee@naver.com','UA01','2023-08-15 23:55:56','2023-08-15 23:55:56','2023-08-17 18:12:17','ST01',0,'eyJ0eXAiOiJKV1QiLCJhbGciOiJIUzUxMiJ9.eyJzdWIiOiJSZWZyZXNoVG9rZW4iLCJ1aWQiOiJhc2Rza3lsZWUiLCJleHAiOjE2OTM1MDU1MzZ9.RdwBE13I4EOxQDNIuQehMukYtRz_e1Ac-N-dpo032HIZk2X9tpujLFqq1LAeWEaA1hFFzTQByffbEYlsxBsX_A',NULL,NULL,1333),(149,'K2966946158',NULL,NULL,'K2966946158','신창학','syhfqq1810@naver.com','UA01','2023-08-16 00:55:23','2023-08-16 00:55:23','2023-08-16 00:55:23','ST01',0,'eyJ0eXAiOiJKV1QiLCJhbGciOiJIUzUxMiJ9.eyJzdWIiOiJSZWZyZXNoVG9rZW4iLCJ1aWQiOiJLMjk2Njk0NjE1OCIsImV4cCI6MTY5MzM1NjkyNX0.0qR2rFJpdkLLxGpFwFpe6J3giUYxwsINmTkrfMULJRqToSnZrF3Lr4NNTa9wWyiiT3BwdJbveSrJITjrRFomGQ',NULL,NULL,1340),(150,'customer01','$2a$10$sEWnOflIBhcnGAUZH1sRbO.3FkRzOfzkmbzbd3R83at9IxxB8Jwhq','01000000001','공일피플','김공일','customer01@naver.com','UA01','2023-08-16 02:14:15','2023-08-16 02:14:15','2023-08-17 11:27:24','ST01',0,'eyJ0eXAiOiJKV1QiLCJhbGciOiJIUzUxMiJ9.eyJzdWIiOiJSZWZyZXNoVG9rZW4iLCJ1aWQiOiJjdXN0b21lcjAxIiwiZXhwIjoxNjkzNDgxMjQ0fQ.yvctVATmd-Xh66BFWvNAIJ7maMzU2l5P6fsshSPvWiueP2VIta8PZCDp5LZt6tKnHHKIgA2-5JhgAbvJHOUN0w',NULL,NULL,1340),(151,'customer02','$2a$10$m/ra02lgAdURkBqdtGftD.RXKm0jXLYZRuSdjXhszXbPz2VhhfJfO','01000000002','공이피플','김공이','customer02@naver.com','UA01','2023-08-16 04:46:56','2023-08-16 04:46:56','2023-08-17 11:30:33','ST01',0,'eyJ0eXAiOiJKV1QiLCJhbGciOiJIUzUxMiJ9.eyJzdWIiOiJSZWZyZXNoVG9rZW4iLCJ1aWQiOiJjdXN0b21lcjAyIiwiZXhwIjoxNjkzNDgxNDMzfQ.RAXbC_VlWezST98QqLygB_OUjOLEYfcc2rzLG4HqY-40QwxS_tGLGkddvVeC8lKDGeRBYV3kwVpJRWWVxYVhMg',NULL,NULL,1340),(152,'customer03','$2a$10$T6lyEgc8AWIkAP2sRGM9DOvq44IZHfNImxfICGfFcX5qC/Ls60ue2','01000000003','공삼피플','김공삼','customer03@naver.com','UA01','2023-08-16 07:11:43','2023-08-16 07:11:43','2023-08-17 23:50:28','ST01',0,'eyJ0eXAiOiJKV1QiLCJhbGciOiJIUzUxMiJ9.eyJzdWIiOiJSZWZyZXNoVG9rZW4iLCJ1aWQiOiJjdXN0b21lcjAzIiwiZXhwIjoxNjkzNTI1ODI3fQ.LlMhmRmIzBrWagCB98OQEG_d3ZtcXc0BULt5EaE_3mUGjgPf8Hbx0OnfA4QYV33J746VT3ANmO5T3MvqR9UzMg',NULL,NULL,1340),(153,'customer04','$2a$10$3zi1TNSrniEYAyRHoB/XMOyQi5HAFPD04inbKBraRty0RSMig/7JC','01000000004','공사피플','김공사','customer04@naver.com','UA01','2023-08-16 07:32:44','2023-08-16 07:32:44','2023-08-17 11:41:37','ST01',0,'eyJ0eXAiOiJKV1QiLCJhbGciOiJIUzUxMiJ9.eyJzdWIiOiJSZWZyZXNoVG9rZW4iLCJ1aWQiOiJjdXN0b21lcjA0IiwiZXhwIjoxNjkzNDgyMDk2fQ.NxjrGbTrljPcl9Ojn6xP7ZbkNxpcj9nuBcCIae76p0naaAIm2mRbF7fqLzPbRXR35h_aIOG_4264BDZiYbACGA',NULL,NULL,1340),(154,'customer05','$2a$10$QOn1C4rX5hBJ273VdOYgV.DIEcZC/Z4isP4mgZm2d4aCjHF35OpPi','01000000005','공오피플','김공오','customer05@naver.com','UA01','2023-08-16 07:41:50','2023-08-16 07:41:50','2023-08-17 11:43:35','ST01',0,'eyJ0eXAiOiJKV1QiLCJhbGciOiJIUzUxMiJ9.eyJzdWIiOiJSZWZyZXNoVG9rZW4iLCJ1aWQiOiJjdXN0b21lcjA1IiwiZXhwIjoxNjkzNDgyMjE0fQ.oUB5httGuw0OaKPBeSTudZYgyeYnLad12njffdak_VKUCGlaZ2LYmTGeqmEYF4MJ-9RemJj4TKeJ2pXX-xqqMQ',NULL,NULL,1340),(155,'customer06','$2a$10$KTyk9iPD9GqF2Iz54OYk3OkW9O8Cq611yBH1X00tMvDzysugR8DXG','01000000006','공육피플','김공육','customer06@naver.com','UA01','2023-08-16 07:50:49','2023-08-16 07:50:49','2023-08-17 11:46:16','ST01',0,'eyJ0eXAiOiJKV1QiLCJhbGciOiJIUzUxMiJ9.eyJzdWIiOiJSZWZyZXNoVG9rZW4iLCJ1aWQiOiJjdXN0b21lcjA2IiwiZXhwIjoxNjkzNDgyMzc1fQ.CAnkrLyXeOPjQqjmSm4JKDIyqUgTLFz9xXNqC9woEL7547Q-h-AospRcIrCEPE2iFJl7aWv23jEs3zI01uLH0A',NULL,NULL,1340),(156,'customer07','$2a$10$BBfub9VFfiaB7dgc3O8RJuaqortQ4MiwksHRDxlIHCJ11SHh2p.nu','01000000007','공칠피플','김공칠','customer07@naver.com','UA01','2023-08-16 07:58:32','2023-08-16 07:58:32','2023-08-17 11:50:47','ST01',0,'eyJ0eXAiOiJKV1QiLCJhbGciOiJIUzUxMiJ9.eyJzdWIiOiJSZWZyZXNoVG9rZW4iLCJ1aWQiOiJjdXN0b21lcjA3IiwiZXhwIjoxNjkzNDgyNjQ3fQ.S1JV3XUJ2HrTgegRp9Q0DIhAIzsagrK9pQCo3yYOk17c_y6tss3djReRn6yuV3M5LfCTCDczDgdHPKbfCP3vEA',NULL,NULL,1340),(157,'customer08','$2a$10$abozc1BzlctRXxo9d5qrUeYgD0ninckwQQxvWW7iyo4zwtpXxcuDm','01000000008','공팔피플','김공팔','customer08@naver.com','UA01','2023-08-16 10:33:51','2023-08-16 10:33:51','2023-08-17 13:04:31','ST01',0,'eyJ0eXAiOiJKV1QiLCJhbGciOiJIUzUxMiJ9.eyJzdWIiOiJSZWZyZXNoVG9rZW4iLCJ1aWQiOiJjdXN0b21lcjA4IiwiZXhwIjoxNjkzNDg3MDcwfQ.77GV44_s9q8Fp6snwL-HajbegKvhZipyELAXA9EiK4YWij2-BWrymoPpG2UnSDjssGxdXBtEwG6UPEq0_5hbog',NULL,NULL,1340),(158,'customer09','$2a$10$sx/TbYEeJpFdb3c6yH0xyOe/prx6WGOLKk7bExr.zY8wwlA7p.Sey','01000000009','공rn피플','김공구','customer09@naver.com','UA01','2023-08-16 10:40:54','2023-08-16 10:40:54','2023-08-17 13:41:02','ST01',0,'eyJ0eXAiOiJKV1QiLCJhbGciOiJIUzUxMiJ9.eyJzdWIiOiJSZWZyZXNoVG9rZW4iLCJ1aWQiOiJjdXN0b21lcjA5IiwiZXhwIjoxNjkzNDg5MjYyfQ.fAeX2AwGooMhTtrNKjM1TkF_XIUH_6d5j2NeowB2TxHRKIlmcyYp2tVls7RKlEXwByyuVWMya9EwS2BrwmMZ_g',NULL,NULL,1340),(159,'customer10','$2a$10$5Vc0eRljkD0lARdh5qbkEeCVAFyJP7SAmBT3ioxLjdQGtw3eXkUSq','01000000010','일공피플','김일공','customer10@naver.com','UA01','2023-08-16 10:57:57','2023-08-16 10:57:57','2023-08-17 13:44:00','ST01',0,'eyJ0eXAiOiJKV1QiLCJhbGciOiJIUzUxMiJ9.eyJzdWIiOiJSZWZyZXNoVG9rZW4iLCJ1aWQiOiJjdXN0b21lcjEwIiwiZXhwIjoxNjkzNDg5NDM5fQ.ji-VsFLePnCJmqJrxzNLFsIqAJ2YoqK9rDsv7B2FdMlbbWtMIT1CRqVDxXob4PXMm_zsm0u_vb9P4aNFH12yIQ',NULL,NULL,1340),(160,'customer11','$2a$10$H/M6p8N5qgG2D9Q2jR9E0OBLKWn8gZRPkTa6.FFD3qIFh7Ykw/Ywy','01000000011','일일피플','김일일','customer11@naver.com','UA01','2023-08-16 11:09:25','2023-08-16 11:09:25','2023-08-17 13:55:36','ST01',0,'eyJ0eXAiOiJKV1QiLCJhbGciOiJIUzUxMiJ9.eyJzdWIiOiJSZWZyZXNoVG9rZW4iLCJ1aWQiOiJjdXN0b21lcjExIiwiZXhwIjoxNjkzNDkwMTM2fQ.7U2k9oAIWL1gjKx80o2U-th22kBd_SMxu0ZuKcwpiBGTRWUPzgfLXIgGlt1zbHrJzre9atGvE-DAb5tR95T8oA',NULL,NULL,1340),(161,'customer13','$2a$10$qzPjUsEO.wGV4eQKjh52C.sxUkLm3e45LNNJ69ki68eM6Z3JxQBEa','01000000013','일삼피플','김일삼','customer13@naver.com','UA01','2023-08-16 11:37:12','2023-08-16 11:37:12','2023-08-17 13:58:32','ST01',0,'eyJ0eXAiOiJKV1QiLCJhbGciOiJIUzUxMiJ9.eyJzdWIiOiJSZWZyZXNoVG9rZW4iLCJ1aWQiOiJjdXN0b21lcjEzIiwiZXhwIjoxNjkzNDkwMzExfQ.FsaM_WrBZnsYy9T0fQOVDrlHMa9XMAhsO62ERGdNOInKRoAEUsIXRzH-tTYkmzfi8l3jzMCj0as-JQxWKxJZBQ',NULL,NULL,1340),(162,'customer14','$2a$10$HSNrEDMJrG4jqjP1KR5CQek/VVljPHUXi8MfOfN9Avf9kdyQzJb0K','01000000014','일사피플','김일사','customer14@naver.com','UA01','2023-08-16 12:29:07','2023-08-16 12:29:07','2023-08-17 14:03:08','ST01',0,'eyJ0eXAiOiJKV1QiLCJhbGciOiJIUzUxMiJ9.eyJzdWIiOiJSZWZyZXNoVG9rZW4iLCJ1aWQiOiJjdXN0b21lcjE0IiwiZXhwIjoxNjkzNDkwNTg3fQ.Q4MOVOv2V8jdY_4X1aWtc4FC7eO1Zn-2oh-0S37NDlttvE5K2ka2RHHxNDJ-RVhkSgQK_UrNebzDfQV_kj_G4Q',NULL,NULL,1340),(163,'customer15','$2a$10$joPy0dbGULTkODaIdoAh/enr2V/adNUCvlTTn2BlrwFeISpDtqc7u','01000000015','일오피플','김일오','customer15@naver.com','UA01','2023-08-16 12:39:35','2023-08-16 12:39:35','2023-08-17 14:29:26','ST01',0,'eyJ0eXAiOiJKV1QiLCJhbGciOiJIUzUxMiJ9.eyJzdWIiOiJSZWZyZXNoVG9rZW4iLCJ1aWQiOiJjdXN0b21lcjE1IiwiZXhwIjoxNjkzNDkyMTY2fQ.TzB7nAjR77iGCOzWSF5OtuUpEzs3nGVCO1nkIjtOuQzzn_uNuaHZkAqX2fDKQ4FOxxlvoBCDhmJHVqlnBz8VOQ',NULL,NULL,1340),(164,'customer16','$2a$10$UvytWlO.QuZ2e78e0vNsk.ycaxJT9GVKwzSmVs9j.rZG11XBxKx3i','01000000016','일육피플','김일육','customer16@naver.com','UA01','2023-08-16 12:48:00','2023-08-16 12:48:00','2023-08-17 14:39:36','ST01',0,'eyJ0eXAiOiJKV1QiLCJhbGciOiJIUzUxMiJ9.eyJzdWIiOiJSZWZyZXNoVG9rZW4iLCJ1aWQiOiJjdXN0b21lcjE2IiwiZXhwIjoxNjkzNDkyNzc2fQ.05-GVEUXIFjtdHInNCxXnHYcq48UzKj-BqkZGEs0eZsfGiWB-6vSueWPEo0p6aES-lly0vzH6HokTO8BYeR3eg',NULL,NULL,1340),(165,'customer17','$2a$10$/7PE6fY3MI/xj9dcj3wJjORUq8fwz66O.evZENc9d3KZuDKGD0HTW','01000000017','일칠피플','김일칠','customer17@naver.com','UA01','2023-08-16 13:18:24','2023-08-16 13:18:24','2023-08-17 14:42:33','ST01',0,'eyJ0eXAiOiJKV1QiLCJhbGciOiJIUzUxMiJ9.eyJzdWIiOiJSZWZyZXNoVG9rZW4iLCJ1aWQiOiJjdXN0b21lcjE3IiwiZXhwIjoxNjkzNDkyOTUzfQ.9TN1pJSFfn5xTCfQyDTjVX8HTXBllBENrgOG5y115E9l5Gez5ma-CClOOZcpGSEh72SNp4uHXmstf0-EAloa5w',NULL,NULL,1340),(166,'customer18','$2a$10$zbTW6mE1pEsz2A3vdglcgelVotlfbj4Pae304yYz7gy1MQZ3G.BX2','01000000018','일팔피플','김일팔','customer18@naver.com','UA01','2023-08-16 13:23:52','2023-08-16 13:23:52','2023-08-17 14:45:25','ST01',0,'eyJ0eXAiOiJKV1QiLCJhbGciOiJIUzUxMiJ9.eyJzdWIiOiJSZWZyZXNoVG9rZW4iLCJ1aWQiOiJjdXN0b21lcjE4IiwiZXhwIjoxNjkzNDkzMTI0fQ.g9QCw1k-XsNxub17kWFuVCceKqBKxap0FvmAyzNNIEIkFlvx9ANkyC6ducT4oyXMqT_PknhqOvP8q1jWc23CVw',NULL,NULL,1340),(167,'customer19','$2a$10$6HHi9/eE0HtqWYhs3cjJ7enXcyLWQF0ZAIIof2LaO0WLKN8rQ.fEC','01000000019','일구피플','김일구','customer19@naver.com','UA01','2023-08-16 13:28:10','2023-08-16 13:28:10','2023-08-17 14:47:37','ST01',0,'eyJ0eXAiOiJKV1QiLCJhbGciOiJIUzUxMiJ9.eyJzdWIiOiJSZWZyZXNoVG9rZW4iLCJ1aWQiOiJjdXN0b21lcjE5IiwiZXhwIjoxNjkzNDkzMjU3fQ.gWKHtNspHBxy_MFS36Bj84QXzf1v_ONBKFCDxFg8jOx-W9NRJDXpO6mTGCqzySCjVn4Ih6tZYwOVF0mPYcNHvw',NULL,NULL,1340),(168,'customer20','$2a$10$mDHZ/9hUcdv8yq7JS1d0RO2kJPAlVaiRvMq7BwAKxgskW14AAm.8G','01000000020','이공피플','김이공','customer20@naver.com','UA01','2023-08-16 13:34:40','2023-08-16 13:34:40','2023-08-17 14:51:30','ST01',0,'eyJ0eXAiOiJKV1QiLCJhbGciOiJIUzUxMiJ9.eyJzdWIiOiJSZWZyZXNoVG9rZW4iLCJ1aWQiOiJjdXN0b21lcjIwIiwiZXhwIjoxNjkzNDkzNDkwfQ.wQ52icAQz0ey7IozVxWAxgp0npMK49dGQnP6aNR0XKelbOmE-2ekRsQDAbR-sM7vVGC5592xxae9nFPshq-4Lg',NULL,NULL,1340),(169,'leon61','$2a$10$nVKYveRtf72Byb.hfme9WOjLNpZkUgwU6xHlW21mDUzXYx92DR6cG','01012345678','leon','leon','leon61@naver.com','UA01','2023-08-16 14:53:21','2023-08-16 14:53:21','2023-08-16 14:53:21','ST01',0,NULL,NULL,NULL,1340),(170,'zxc123','$2a$10$cF50QIwIiplBljc/E9Am.ebHSnah7OJFWg/WzodGzi8Yft60A.vDO','0100000000','zxc123','zxc123','d@d.com','UA01','2023-08-17 03:52:13','2023-08-17 03:52:13','2023-08-17 03:52:22','ST01',0,'eyJ0eXAiOiJKV1QiLCJhbGciOiJIUzUxMiJ9.eyJzdWIiOiJSZWZyZXNoVG9rZW4iLCJ1aWQiOiJ6eGMxMjMiLCJleHAiOjE2OTM0NTM5NDJ9.vxIk1W8kCChWehX1Tw5EM74TNeBYoRzj9oUUKg1nCqxeFAKnm1v9Bi_f58WdMlzIH2LdgRJivF41Ez3zp6fr0Q',NULL,NULL,1340),(171,'yllh325','$2a$10$oXZQgNuR.JhZc6WpiJqZOu1lD4DM3T3bXqE/pkbMaqIVm5TQRo0yy','01072082824','녹차왕','연제경','yllh3255@gmail.com','UA01','2023-08-17 04:24:31','2023-08-17 04:24:31','2023-08-17 04:24:57','ST01',0,'eyJ0eXAiOiJKV1QiLCJhbGciOiJIUzUxMiJ9.eyJzdWIiOiJSZWZyZXNoVG9rZW4iLCJ1aWQiOiJ5bGxoMzI1IiwiZXhwIjoxNjkzNDU1ODk3fQ.HRlGyL-5_yvtZkNSP66XwXyTGEEtTavMJ289flI877K9t-FtFASFvds6Y3LPZw6xcPf0bZMbRzWuBKzyWkZT3Q',NULL,NULL,1340),(172,'qkrrlgus114','$2a$10$7Wv.P8/TdHR2/Uwn3UxWQ.zTEORfe6oL.nls7Bh0dFSsAM.q11y5u','00101010101','놀러와쪄염','뿌우우','qkrrlgus114@naver.com','UA01','2023-08-17 06:10:43','2023-08-17 06:10:43','2023-08-17 06:10:52','ST01',0,'eyJ0eXAiOiJKV1QiLCJhbGciOiJIUzUxMiJ9.eyJzdWIiOiJSZWZyZXNoVG9rZW4iLCJ1aWQiOiJxa3JybGd1czExNCIsImV4cCI6MTY5MzQ2MjI1MX0.xuJdqeyQ-T7EEfoIZXOqdtihxE8Hb67uLBVeRQF440NljUMVfEFvDeLgIdLDbDqqhImKdK75oWWr9_FEUGOx_g',NULL,NULL,1340),(173,'store2121','$2a$10$cKXCdUTXr0mdzPHS4m8jAeLHmLEvWt8ZRUsSau8Fm5Hdkli1PA5WO','01012345678','21조가게','21조','store2121@naver.com','UA01','2023-08-17 17:38:55','2023-08-17 17:38:55','2023-08-17 17:38:55','ST02',1,NULL,NULL,NULL,1340),(174,'square12312312','$2a$10$6zlKaSz175UGQrRmPilG0uw0.f5tL3DcjSut1DRYHw48sqUOvvmvG','01001000100','ㅋㅋㅋㅋ','ㅋㅋㅋㅋㅋㅋ','asdskylee@dd.com','UA01','2023-08-17 17:48:27','2023-08-17 17:48:27','2023-08-17 17:48:27','ST02',0,NULL,NULL,NULL,1340),(175,'K2972742408',NULL,NULL,'K2972742408','세훈','asdskylee@naver.com','UA01','2023-08-18 00:12:10','2023-08-18 00:12:10','2023-08-18 00:12:10','ST01',0,'eyJ0eXAiOiJKV1QiLCJhbGciOiJIUzUxMiJ9.eyJzdWIiOiJSZWZyZXNoVG9rZW4iLCJ1aWQiOiJLMjk3Mjc0MjQwOCIsImV4cCI6MTY5MzUyNzEyOX0.CDHPMN1cjeuzCQ4cQtwsBSo58fvZbcJx4lFXKFqzMcFxckBFbw_Isk1GwrFO9dDoFLpamMfPIHelPmjV8FFAyw',NULL,NULL,1340);
/*!40000 ALTER TABLE `user` ENABLE KEYS */;
UNLOCK TABLES;
/*!40103 SET TIME_ZONE=@OLD_TIME_ZONE */;

/*!40101 SET SQL_MODE=@OLD_SQL_MODE */;
/*!40014 SET FOREIGN_KEY_CHECKS=@OLD_FOREIGN_KEY_CHECKS */;
/*!40014 SET UNIQUE_CHECKS=@OLD_UNIQUE_CHECKS */;
/*!40101 SET CHARACTER_SET_CLIENT=@OLD_CHARACTER_SET_CLIENT */;
/*!40101 SET CHARACTER_SET_RESULTS=@OLD_CHARACTER_SET_RESULTS */;
/*!40101 SET COLLATION_CONNECTION=@OLD_COLLATION_CONNECTION */;
/*!40111 SET SQL_NOTES=@OLD_SQL_NOTES */;

-- Dump completed on 2023-08-18 12:20:13
